gid,match_id,match_name,class_name,start_date,match_status,balls,pitchmap_balls,beehive_balls,wagon_balls,catch_map_balls,has_tracking,season,path
c4137317-1a7f-48ed-9d89-bebadd7925ee,237141,"RCB v Sunrisers Hyderabad at Bengaluru, Tata Indian Premier League, 28 Mar 2026",List A Twenty20,2026-03-28,complete,225,0,0,147,13,False,2026,2026/c4137317-1a7f-48ed-9d89-bebadd7925ee.csv
8bc5d918-2b18-44ab-9c5c-6fdc60496699,237142,"Mumbai Indians v Kolkata Knight Riders at Mumbai, Tata Indian Premier League, 29 Mar 2026",List A Twenty20,2026-03-29,complete,247,0,0,167,7,False,2026,2026/8bc5d918-2b18-44ab-9c5c-6fdc60496699.csv
12cefbbc-20ba-4be9-8d6a-6c12625e025c,237143,"Rajasthan Royals v Chennai Super Kings at Guwahati, Tata Indian Premier League, 30 Mar 2026",List A Twenty20,2026-03-30,complete,199,0,0,100,6,False,2026,2026/12cefbbc-20ba-4be9-8d6a-6c12625e025c.csv
ac99f892-ee29-4b65-a47c-cc355e8615b3,237144,"Punjab Kings v Gujarat Titans at New Chandigarh, Tata Indian Premier League, 31 Mar 2026",List A Twenty20,2026-03-31,complete,250,0,0,144,13,False,2026,2026/ac99f892-ee29-4b65-a47c-cc355e8615b3.csv
c8446425-cd41-49c1-bf16-8bafe49df02a,237145,"Lucknow Super Giants v Delhi Capitals at Lucknow, Tata Indian Premier League, 1 Apr 2026",List A Twenty20,2026-04-01,complete,229,0,0,122,10,False,2026,2026/c8446425-cd41-49c1-bf16-8bafe49df02a.csv
9bd89527-da1a-464c-b8d4-5368b49ae5b8,237146,"Kolkata Knight Riders v Sunrisers Hyderabad at Kolkata, Tata Indian Premier League, 2 Apr 2026",List A Twenty20,2026-04-02,complete,231,0,0,153,14,False,2026,2026/9bd89527-da1a-464c-b8d4-5368b49ae5b8.csv
9cdb7483-d3f8-4120-a9bc-37c779f6878f,237147,"Chennai Super Kings v Punjab Kings at Chennai, Tata Indian Premier League, 3 Apr 2026",List A Twenty20,2026-04-03,complete,251,0,0,159,7,False,2026,2026/9cdb7483-d3f8-4120-a9bc-37c779f6878f.csv
469419e3-fbdc-4003-8bce-e2b706c82138,237148,"Delhi Capitals v Mumbai Indians at Delhi, Tata Indian Premier League, 4 Apr 2026",List A Twenty20,2026-04-04,complete,237,0,0,145,8,False,2026,2026/469419e3-fbdc-4003-8bce-e2b706c82138.csv
e41c7c5e-67f4-4793-9975-0bc1e3f86f5f,237149,"Gujarat Titans v Rajasthan Royals at Ahmedabad, Tata Indian Premier League, 4 Apr 2026",List A Twenty20,2026-04-04,complete,253,0,0,155,12,False,2026,2026/e41c7c5e-67f4-4793-9975-0bc1e3f86f5f.csv
123be63d-6a9e-4f47-8264-2195208c9355,237150,"Sunrisers Hyderabad v Lucknow Super Giants at Hyderabad, Tata Indian Premier League, 5 Apr 2026",List A Twenty20,2026-04-05,complete,242,0,0,149,8,False,2026,2026/123be63d-6a9e-4f47-8264-2195208c9355.csv
dbc4fcf6-909d-4829-a550-e682c0e36135,237151,"RCB v Chennai Super Kings at Bengaluru, Tata Indian Premier League, 5 Apr 2026",List A Twenty20,2026-04-05,complete,247,0,0,170,11,False,2026,2026/dbc4fcf6-909d-4829-a550-e682c0e36135.csv
e7171c19-1858-4b72-81f7-da0bfe408fed,237152,"Kolkata Knight Riders v Punjab Kings at Kolkata, Tata Indian Premier League, 6 Apr 2026",List A Twenty20,2026-04-06,complete,22,0,0,12,2,False,2026,2026/e7171c19-1858-4b72-81f7-da0bfe408fed.csv
ff35ae9d-2a74-4dea-94fa-793d45d09347,237153,"Rajasthan Royals v Mumbai Indians at Guwahati, Tata Indian Premier League, 7 Apr 2026",List A Twenty20,2026-04-07,complete,144,0,0,94,9,False,2026,2026/ff35ae9d-2a74-4dea-94fa-793d45d09347.csv
affb5c13-c1e9-465a-8426-b55dc43fa845,237154,"Delhi Capitals v Gujarat Titans at Delhi, Tata Indian Premier League, 8 Apr 2026",List A Twenty20,2026-04-08,complete,254,0,0,173,7,False,2026,2026/affb5c13-c1e9-465a-8426-b55dc43fa845.csv
05c30bef-aa39-41c1-9e88-7f3753101fd6,237155,"Kolkata Knight Riders v Lucknow Super Giants at Kolkata, Tata Indian Premier League, 9 Apr 2026",List A Twenty20,2026-04-09,complete,253,0,0,145,9,False,2026,2026/05c30bef-aa39-41c1-9e88-7f3753101fd6.csv
457288f8-44ee-417a-8051-90d96fe4b33f,237156,"Rajasthan Royals v RCB at Guwahati, Tata Indian Premier League, 10 Apr 2026",List A Twenty20,2026-04-10,complete,233,0,0,166,10,False,2026,2026/457288f8-44ee-417a-8051-90d96fe4b33f.csv
0b43f3d6-21d8-4069-95ac-84964fcbf28d,237157,"Punjab Kings v Sunrisers Hyderabad at New Chandigarh, Tata Indian Premier League, 11 Apr 2026",List A Twenty20,2026-04-11,complete,250,0,0,172,8,False,2026,2026/0b43f3d6-21d8-4069-95ac-84964fcbf28d.csv
85946b61-a9ee-46fa-8061-bc03219a0198,237158,"Chennai Super Kings v Delhi Capitals at Chennai, Tata Indian Premier League, 11 Apr 2026",List A Twenty20,2026-04-11,complete,252,0,0,170,10,False,2026,2026/85946b61-a9ee-46fa-8061-bc03219a0198.csv
1f66bd51-db6c-4271-acde-deb004740049,237159,"Lucknow Super Giants v Gujarat Titans at Lucknow, Tata Indian Premier League, 12 Apr 2026",List A Twenty20,2026-04-12,complete,237,0,0,139,11,False,2026,2026/1f66bd51-db6c-4271-acde-deb004740049.csv
f37d5c96-bf47-4b11-9e75-1605120a895f,237160,"Mumbai Indians v RCB at Mumbai, Tata Indian Premier League, 12 Apr 2026",List A Twenty20,2026-04-12,complete,262,0,0,169,8,False,2026,2026/f37d5c96-bf47-4b11-9e75-1605120a895f.csv
39794075-7866-4ce7-b807-3eb8d6d57dc1,237285,"Sunrisers Hyderabad v Rajasthan Royals at Hyderabad, Tata Indian Premier League, 13 Apr 2026",List A Twenty20,2026-04-13,complete,251,0,0,143,13,False,2026,2026/39794075-7866-4ce7-b807-3eb8d6d57dc1.csv
2298dd77-c48e-4eb7-8a4e-1c91700cef7b,237286,"Chennai Super Kings v Kolkata Knight Riders at Chennai, Tata Indian Premier League, 14 Apr 2026",List A Twenty20,2026-04-14,complete,255,0,0,152,9,False,2026,2026/2298dd77-c48e-4eb7-8a4e-1c91700cef7b.csv
966fe077-7c97-4ff2-91bc-bde47ac7c572,237287,"RCB v Lucknow Super Giants at Bengaluru, Tata Indian Premier League, 15 Apr 2026",List A Twenty20,2026-04-15,complete,216,0,0,128,9,False,2026,2026/966fe077-7c97-4ff2-91bc-bde47ac7c572.csv
3722ea10-a216-4d3e-9da1-f6fdd84836a5,237288,"Mumbai Indians v Punjab Kings at Mumbai, Tata Indian Premier League, 16 Apr 2026",List A Twenty20,2026-04-16,complete,233,0,0,162,6,False,2026,2026/3722ea10-a216-4d3e-9da1-f6fdd84836a5.csv
b0b422f7-1514-45ae-9842-1d4ea499832b,237289,"Gujarat Titans v Kolkata Knight Riders at Ahmedabad, Tata Indian Premier League, 17 Apr 2026",List A Twenty20,2026-04-17,complete,249,0,0,147,14,False,2026,2026/b0b422f7-1514-45ae-9842-1d4ea499832b.csv
af628868-01ec-4666-b94c-593ffc1d9780,237290,"RCB v Delhi Capitals at Bengaluru, Tata Indian Premier League, 18 Apr 2026",List A Twenty20,2026-04-18,complete,251,0,0,174,9,False,2026,2026/af628868-01ec-4666-b94c-593ffc1d9780.csv
312c7680-1b8f-45e0-988c-70bcdc093a26,237291,"Sunrisers Hyderabad v Chennai Super Kings at Hyderabad, Tata Indian Premier League, 18 Apr 2026",List A Twenty20,2026-04-18,complete,257,0,0,159,15,False,2026,2026/312c7680-1b8f-45e0-988c-70bcdc093a26.csv
f15fb1ea-a9b8-4735-8b34-674530f5b9e3,237292,"Kolkata Knight Riders v Rajasthan Royals at Kolkata, Tata Indian Premier League, 19 Apr 2026",List A Twenty20,2026-04-19,complete,256,0,0,144,8,False,2026,2026/f15fb1ea-a9b8-4735-8b34-674530f5b9e3.csv
2a0b9553-8e5d-4863-80c7-80e4755a0ec8,237293,"Punjab Kings v Lucknow Super Giants at New Chandigarh, Tata Indian Premier League, 19 Apr 2026",List A Twenty20,2026-04-19,complete,253,0,0,170,10,False,2026,2026/2a0b9553-8e5d-4863-80c7-80e4755a0ec8.csv
841e8ee9-de0e-4e5d-b0f1-8503ce5a9d31,237294,"Gujarat Titans v Mumbai Indians at Ahmedabad, Tata Indian Premier League, 20 Apr 2026",List A Twenty20,2026-04-20,complete,224,0,0,126,10,False,2026,2026/841e8ee9-de0e-4e5d-b0f1-8503ce5a9d31.csv
98161fe2-4f6d-46e4-acf9-95fde1fbbdc2,237295,"Sunrisers Hyderabad v Delhi Capitals at Hyderabad, Tata Indian Premier League, 21 Apr 2026",List A Twenty20,2026-04-21,complete,255,0,0,171,9,False,2026,2026/98161fe2-4f6d-46e4-acf9-95fde1fbbdc2.csv
2627327c-758a-4c96-a379-e6f4ce6a5ec7,237296,"Lucknow Super Giants v Rajasthan Royals at Lucknow, Tata Indian Premier League, 22 Apr 2026",List A Twenty20,2026-04-22,complete,237,0,0,124,12,False,2026,2026/2627327c-758a-4c96-a379-e6f4ce6a5ec7.csv
3bf1659e-2a36-4c1b-a667-36cfe36c3e1e,237297,"Mumbai Indians v Chennai Super Kings at Mumbai, Tata Indian Premier League, 23 Apr 2026",List A Twenty20,2026-04-23,complete,247,0,0,137,11,False,2026,2026/3bf1659e-2a36-4c1b-a667-36cfe36c3e1e.csv
8b5f0cd6-7b54-477f-bdaa-e56871ca0dd9,237298,"RCB v Gujarat Titans at Bengaluru, Tata Indian Premier League, 24 Apr 2026",List A Twenty20,2026-04-24,complete,239,0,0,168,5,False,2026,2026/8b5f0cd6-7b54-477f-bdaa-e56871ca0dd9.csv
698fa044-fc1f-4e50-8d48-0f02c3c7112f,237299,"Delhi Capitals v Punjab Kings at Delhi, Tata Indian Premier League, 25 Apr 2026",List A Twenty20,2026-04-25,complete,253,0,0,186,4,False,2026,2026/698fa044-fc1f-4e50-8d48-0f02c3c7112f.csv
08912b31-2b32-4d43-aee7-c8dcae561a11,237300,"Rajasthan Royals v Sunrisers Hyderabad at Jaipur, Tata Indian Premier League, 25 Apr 2026",List A Twenty20,2026-04-25,complete,246,0,0,145,7,False,2026,2026/08912b31-2b32-4d43-aee7-c8dcae561a11.csv
b9870d82-97d9-4cd4-99c7-b46f6f255c5b,237330,"Chennai Super Kings v Gujarat Titans at Chennai, Tata Indian Premier League, 26 Apr 2026",List A Twenty20,2026-04-26,complete,228,0,0,126,7,False,2026,2026/b9870d82-97d9-4cd4-99c7-b46f6f255c5b.csv
ad981643-438a-4f84-946d-e7beeea2f3eb,237302,"Lucknow Super Giants v Kolkata Knight Riders at Lucknow, Tata Indian Premier League, 26 Apr 2026",List A Twenty20,2026-04-26,complete,256,0,0,144,14,False,2026,2026/ad981643-438a-4f84-946d-e7beeea2f3eb.csv
36d2b823-4a29-42b4-adcf-1f16480e11d7,237303,"Delhi Capitals v RCB at Delhi, Tata Indian Premier League, 27 Apr 2026",List A Twenty20,2026-04-27,complete,142,0,0,65,3,False,2026,2026/36d2b823-4a29-42b4-adcf-1f16480e11d7.csv
cc445499-8dbd-4d6f-a486-471c341f4116,237304,"Punjab Kings v Rajasthan Royals at New Chandigarh, Tata Indian Premier League, 28 Apr 2026",List A Twenty20,2026-04-28,complete,242,0,0,175,8,False,2026,2026/cc445499-8dbd-4d6f-a486-471c341f4116.csv
4a24dbd1-e67f-40db-be9d-82e896edc0ab,237305,"Mumbai Indians v Sunrisers Hyderabad at Mumbai, Tata Indian Premier League, 29 Apr 2026",List A Twenty20,2026-04-29,complete,247,0,0,178,8,False,2026,2026/4a24dbd1-e67f-40db-be9d-82e896edc0ab.csv
56a48878-4308-4e3a-bf6d-4acbebd36103,237306,"Gujarat Titans v RCB at Ahmedabad, Tata Indian Premier League, 30 Apr 2026",List A Twenty20,2026-04-30,complete,217,0,0,121,12,False,2026,2026/56a48878-4308-4e3a-bf6d-4acbebd36103.csv
8fb3901c-74d4-4e7d-ae06-4d56cb5e9e1e,237307,"Rajasthan Royals v Delhi Capitals at Jaipur, Tata Indian Premier League, 1 May 2026",List A Twenty20,2026-05-01,complete,249,0,0,170,7,False,2026,2026/8fb3901c-74d4-4e7d-ae06-4d56cb5e9e1e.csv
b3f0454c-8870-4d01-a75b-3c400374875b,237308,"Chennai Super Kings v Mumbai Indians at Chennai, Tata Indian Premier League, 2 May 2026",List A Twenty20,2026-05-02,complete,234,0,0,142,7,False,2026,2026/b3f0454c-8870-4d01-a75b-3c400374875b.csv
218920f5-0986-4377-b824-7795a9cad457,237309,"Sunrisers Hyderabad v Kolkata Knight Riders at Hyderabad, Tata Indian Premier League, 3 May 2026",List A Twenty20,2026-05-03,complete,235,0,0,139,12,False,2026,2026/218920f5-0986-4377-b824-7795a9cad457.csv
c8efb4d1-68f5-4827-b98d-297f01e088e5,237310,"Gujarat Titans v Punjab Kings at Ahmedabad, Tata Indian Premier League, 3 May 2026",List A Twenty20,2026-05-03,complete,248,0,0,149,13,False,2026,2026/c8efb4d1-68f5-4827-b98d-297f01e088e5.csv
015dced8-14b3-496a-8ff7-3d1f3cb99815,237311,"Mumbai Indians v Lucknow Super Giants at Mumbai, Tata Indian Premier League, 4 May 2026",List A Twenty20,2026-05-04,complete,246,0,0,177,9,False,2026,2026/015dced8-14b3-496a-8ff7-3d1f3cb99815.csv
53221952-4912-4ba8-a8c9-7db069aef132,237312,"Delhi Capitals v Chennai Super Kings at Delhi, Tata Indian Premier League, 5 May 2026",List A Twenty20,2026-05-05,complete,230,0,0,133,7,False,2026,2026/53221952-4912-4ba8-a8c9-7db069aef132.csv
00ab3f97-0184-41c3-94a3-cc867cd7d772,237313,"Sunrisers Hyderabad v Punjab Kings at Hyderabad, Tata Indian Premier League, 6 May 2026",List A Twenty20,2026-05-06,complete,254,0,0,172,11,False,2026,2026/00ab3f97-0184-41c3-94a3-cc867cd7d772.csv
fad46a8a-29dc-40bf-bc09-bbe753af7118,237314,"Lucknow Super Giants v RCB at Lucknow, Tata Indian Premier League, 7 May 2026",List A Twenty20,2026-05-07,complete,241,0,0,148,8,False,2026,2026/fad46a8a-29dc-40bf-bc09-bbe753af7118.csv
d180378e-a7e7-40e7-a5ef-fedf0f95fbd1,237315,"Delhi Capitals v Kolkata Knight Riders at Delhi, Tata Indian Premier League, 8 May 2026",List A Twenty20,2026-05-08,complete,208,0,0,127,5,False,2026,2026/d180378e-a7e7-40e7-a5ef-fedf0f95fbd1.csv
b5ed0abb-f4e0-42f7-89c7-1292436e6272,237316,"Rajasthan Royals v Gujarat Titans at Jaipur, Tata Indian Premier League, 9 May 2026",List A Twenty20,2026-05-09,complete,234,0,0,142,10,False,2026,2026/b5ed0abb-f4e0-42f7-89c7-1292436e6272.csv
4554fd45-3a60-4e5c-8a26-d67244ecec3f,237317,"Chennai Super Kings v Lucknow Super Giants at Chennai, Tata Indian Premier League, 10 May 2026",List A Twenty20,2026-05-10,complete,250,0,0,158,6,False,2026,2026/4554fd45-3a60-4e5c-8a26-d67244ecec3f.csv
9e131f2f-d6ad-4978-ad21-f15025b149a5,237318,"RCB v Mumbai Indians at Raipur, Tata Indian Premier League, 10 May 2026",List A Twenty20,2026-05-10,complete,254,0,0,154,13,False,2026,2026/9e131f2f-d6ad-4978-ad21-f15025b149a5.csv
c01c865e-93fa-4a46-a9fc-96ff906431b5,237319,"Punjab Kings v Delhi Capitals at Dharamsala, Tata Indian Premier League, 11 May 2026",List A Twenty20,2026-05-11,complete,252,0,0,151,10,False,2026,2026/c01c865e-93fa-4a46-a9fc-96ff906431b5.csv
2a2edbde-9bdd-43c6-a886-c0c0432104ac,237320,"Gujarat Titans v Sunrisers Hyderabad at Ahmedabad, Tata Indian Premier League, 12 May 2026",List A Twenty20,2026-05-12,complete,216,0,0,109,13,False,2026,2026/2a2edbde-9bdd-43c6-a886-c0c0432104ac.csv
157147e2-43e1-4e52-b99a-ef4ecc130794,237321,"RCB v Kolkata Knight Riders at Raipur, Tata Indian Premier League, 13 May 2026",List A Twenty20,2026-05-13,complete,246,0,0,165,6,False,2026,2026/157147e2-43e1-4e52-b99a-ef4ecc130794.csv
10e8f8e5-9cde-4c14-b790-972d7d70794c,237322,"Punjab Kings v Mumbai Indians at Dharamsala, Tata Indian Premier League, 14 May 2026",List A Twenty20,2026-05-14,complete,249,0,0,148,6,False,2026,2026/10e8f8e5-9cde-4c14-b790-972d7d70794c.csv
2fab66ad-aed6-49aa-90a0-299067c22ac5,237323,"Lucknow Super Giants v Chennai Super Kings at Lucknow, Tata Indian Premier League, 15 May 2026",List A Twenty20,2026-05-15,complete,230,0,0,141,6,False,2026,2026/2fab66ad-aed6-49aa-90a0-299067c22ac5.csv
dfec94ad-9b8d-4951-82b7-c611db494112,237324,"Kolkata Knight Riders v Gujarat Titans at Kolkata, Tata Indian Premier League, 16 May 2026",List A Twenty20,2026-05-16,complete,252,0,0,164,4,False,2026,2026/dfec94ad-9b8d-4951-82b7-c611db494112.csv
3a1f7f6f-47ac-488f-af6a-f3badba158b8,237326,"Delhi Capitals v Rajasthan Royals at Delhi, Tata Indian Premier League, 17 May 2026",List A Twenty20,2026-05-17,complete,249,0,0,164,10,False,2026,2026/3a1f7f6f-47ac-488f-af6a-f3badba158b8.csv
8cce967d-7c12-4f59-b261-7e3d05ac4b3f,237325,"Punjab Kings v RCB at Dharamsala, Tata Indian Premier League, 17 May 2026",List A Twenty20,2026-05-17,complete,254,0,0,170,10,False,2026,2026/8cce967d-7c12-4f59-b261-7e3d05ac4b3f.csv
5a58e786-6caf-4ab1-8c37-fd7dcac32237,237327,"Chennai Super Kings v Sunrisers Hyderabad at Chennai, Tata Indian Premier League, 18 May 2026",List A Twenty20,2026-05-18,complete,249,0,0,148,8,False,2026,2026/5a58e786-6caf-4ab1-8c37-fd7dcac32237.csv
8310864b-56aa-4d40-97a2-ffc035119848,237328,"Rajasthan Royals v Lucknow Super Giants at Jaipur, Tata Indian Premier League, 19 May 2026",List A Twenty20,2026-05-19,complete,251,0,0,149,3,False,2026,2026/8310864b-56aa-4d40-97a2-ffc035119848.csv
e80c0df7-7105-473d-ba46-1c9ffe398918,237329,"Kolkata Knight Riders v Mumbai Indians at Kolkata, Tata Indian Premier League, 20 May 2026",List A Twenty20,2026-05-20,complete,241,0,0,127,9,False,2026,2026/e80c0df7-7105-473d-ba46-1c9ffe398918.csv
b862c40e-5873-406c-9158-8dc824e2e0e6,237301,"Gujarat Titans v Chennai Super Kings at Ahmedabad, Tata Indian Premier League, 21 May 2026",List A Twenty20,2026-05-21,complete,215,0,0,131,11,False,2026,2026/b862c40e-5873-406c-9158-8dc824e2e0e6.csv
7f01eaad-d7d0-4f72-bdf8-15dd27dbd349,237331,"Sunrisers Hyderabad v RCB at Hyderabad, Tata Indian Premier League, 22 May 2026",List A Twenty20,2026-05-22,complete,258,0,0,178,7,False,2026,2026/7f01eaad-d7d0-4f72-bdf8-15dd27dbd349.csv
179c6be2-f054-4fbc-95f0-2ab0be1e9d07,237332,"Lucknow Super Giants v Punjab Kings at Lucknow, Tata Indian Premier League, 23 May 2026",List A Twenty20,2026-05-23,complete,239,0,0,163,5,False,2026,2026/179c6be2-f054-4fbc-95f0-2ab0be1e9d07.csv
b44c6bed-941c-4cb9-a68b-cda79f6f247c,237334,"Kolkata Knight Riders v Delhi Capitals at Kolkata, Tata Indian Premier League, 24 May 2026",List A Twenty20,2026-05-24,complete,245,0,0,146,12,False,2026,2026/b44c6bed-941c-4cb9-a68b-cda79f6f247c.csv
e84565a5-4651-474c-b58c-fbbeb9bf1644,237333,"Mumbai Indians v Rajasthan Royals at Mumbai, Tata Indian Premier League, 24 May 2026",List A Twenty20,2026-05-24,complete,251,0,0,161,11,False,2026,2026/e84565a5-4651-474c-b58c-fbbeb9bf1644.csv
18fef503-20db-48a6-8b58-d6d93c51e5aa,239610,"RCB v Gujarat Titans at Dharamsala, Tata Indian Premier League, 26 May 2026",List A Twenty20,2026-05-26,complete,249,0,0,148,9,False,2026,2026/18fef503-20db-48a6-8b58-d6d93c51e5aa.csv
7a80b657-514f-4db7-95c2-3423134e38f3,239611,"Sunrisers Hyderabad v Rajasthan Royals at New Chandigarh, Tata Indian Premier League, 27 May 2026",List A Twenty20,2026-05-27,complete,252,0,0,161,14,False,2026,2026/7a80b657-514f-4db7-95c2-3423134e38f3.csv
d936ece5-66c8-411b-bfa1-43613ace06bb,239612,"Gujarat Titans v Rajasthan Royals at New Chandigarh, Tata Indian Premier League, 29 May 2026",List A Twenty20,2026-05-29,complete,241,0,0,164,7,False,2026,2026/d936ece5-66c8-411b-bfa1-43613ace06bb.csv
8c6b3b7b-d2c6-482e-936e-9454d7ee0eb2,239613,"RCB v Gujarat Titans at Ahmedabad, Tata Indian Premier League, Final, 31 May 2026",List A Twenty20,2026-05-31,complete,233,0,0,146,11,False,2026,2026/8c6b3b7b-d2c6-482e-936e-9454d7ee0eb2.csv
