MatchID,InningsNo,BattingTeamID,TeamName,BatsManName,BowlerName,BowlerType,OverNo,BallNo,Runs,BallRuns,ActualRuns,IsOne,IsTwo,IsThree,IsDotball,Extras,IsWide,IsNoBall,IsBye,IsLegBye,IsFour,IsSix,IsWicket,WicketType,Wickets,IsBowlerWicket,BallName,Day,SESSION_NO,IsExtra,SNO,Xpitch,Ypitch,RunRuns,IsMaiden,OverImage,BowlTypeID,BowlTypeName,ShotTypeID,ShotType,IsBouncer,IsFreeHit,BallCount,BCCheck,TotalRuns,TotalWickets,BOWLING_LINE_ID,BOWLING_LENGTH_ID,FiveHaul,Flag,FlagSet,PenaltyRuns,IsFifty,IsHundred,IsTwoHundred,IsHattrick,release_speed,initial_angle,release_x,release_y,release_z,pre_bounce_ax,pre_bounce_ay,pre_bounce_az,pre_bounce_vx,pre_bounce_vy,pre_bounce_vz,bounce_angle,cof,cor,pbr,shot_attacked,shot_played,shot_info,crease_reaction_time,interception_reaction_time,bounce_x,bounce_y,post_bounce_ax,post_bounce_ay,post_bounce_az,post_bounce_vx,post_bounce_vy,post_bounce_vz,impact_x,impact_y,impact_z,crease_x,crease_y,crease_z,drop_angle,stump_x,stump_y,stump_z,swing,deviation,swing_dist,six_dist,ground,date,season,striker_hand,non_striker_hand,bowler_hand,team_bat,team_bowl,delivery_type,match_day
1842,1,15,Punjab Kings,Priyansh Arya,Vaibhav Arora,,1,1,4,4,4,0,0,0,0,0,0,0,0,0,1,0,0,,,0,0.1,1,1,0,614879,186.0,111.5,4,0,,38,STRAIGHT BALL,51,FRONTFOOT COVERDRIVE,0,0,1,0,4,0,Off stump,Full Length,1,0,0,0,0,0,0,0,79.66811386915438,-5.241299556483533,8.340690917814765,-0.6449454185705126,2.035016047267005,,,,,,,7.770181607616384,0.2128896585252882,0.6030671153525565,79.17110145035467,Attacked,Played,None,0.538993835449219,0.5040206909179688,4.907604,-0.013338,,,,,,,-8.229774,0.257571,0.404302,-8.840643,0.312128,0.464252,-11.85932303129342,-10.06013917010327,0.4218369313004762,0.5706079747820008,3.693195272103586,0.3586689120013236,-1.0,-1.0,EDEN-GARDENS-KOLKATA,-1.0,,L,R,R,Punjab-Kings,Kolkata-Knight-Riders,Seam,1.0
1842,1,15,Punjab Kings,Priyansh Arya,Vaibhav Arora,,1,2,1,1,1,1,0,0,0,0,0,0,0,0,0,0,0,,,0,0.2,1,1,0,614880,149.5,-33.5,1,0,,42,OUTSWINGER,16,BACKFOOT SQUARE DRIVE,0,0,2,0,5,0,Off stump,Short of Good Length,0,0,0,0,0,0,0,0,79.58219001767627,-7.587294812462074,8.34068205710243,-0.6345604063722721,1.994643246124411,,,,,,,9.369114432213916,0.1978400587883385,0.6564709169981336,88.68663167088621,Attacked,Played,None,0.550186157226562,0.5251579284667969,7.563467,-0.063365,,,,,,,-8.529683,0.48592,0.831276,-8.840608,0.514951,0.860876,-13.06668820510474,-10.06028407236811,0.6295494808610068,0.965509135778558,2.931028813365971,0.5427784840043531,-1.0,-1.0,EDEN-GARDENS-KOLKATA,-1.0,,L,R,R,Punjab-Kings,Kolkata-Knight-Riders,Seam,1.0
1842,1,15,Punjab Kings,Prabhsimran Singh,Vaibhav Arora,,1,3,0,0,0,0,0,0,1,0,0,0,0,0,0,0,0,,,0,0.3,1,1,0,614881,-60.5,100.5,0,0,,42,OUTSWINGER,21,STEP DOWN OFF DRIVE,0,0,3,0,5,0,Outside Off stump,Good Length,0,0,0,0,0,0,0,0,79.95634534484277,-6.528667159523681,8.340763348555203,-0.4717791530377302,2.02104740703946,,,,,,,7.619389373678156,0.2015344395168313,0.5885179333079488,78.12424604450919,Attacked,Played,None,0.536785125732422,0.465911865234375,6.059708,-0.431775,,,,,,,-7.054566,-0.518057,0.391507,-8.840988,-0.569487,0.552153,-11.96141760737991,-10.06010724853635,-0.6050054835983847,0.6401016161078705,-2.585537661713106,-0.4333253724616967,-1.0,-1.0,EDEN-GARDENS-KOLKATA,-1.0,,R,L,R,Punjab-Kings,Kolkata-Knight-Riders,Seam,1.0
1842,1,15,Punjab Kings,Prabhsimran Singh,Vaibhav Arora,,1,4,0,0,0,0,0,0,1,0,0,0,0,0,0,0,0,,,0,0.4,1,1,0,614882,2.5,71.0,0,0,,41,INSWINGER,77,STEP DOWN DEFENCE,0,0,4,0,5,0,Outside Off stump,Good Length,0,0,0,0,0,0,0,0,79.86443112618771,-9.091928633192031,8.340440938014154,-0.8352806358432593,2.014317411527959,,,,,,,8.478093389661797,0.2051336461670722,0.5765422287962334,75.9679697027278,Defended,Played,None,0.552921295166016,0.4796905517578125,8.422706,-0.497051,,,,,,,-7.139324,-0.11434,0.694209,-8.840642,0.007455,0.825467,-13.41404291997411,-10.06021693405202,0.09581222795661015,0.8974113569380118,2.730343006643189,0.5387563211498264,-1.0,-1.0,EDEN-GARDENS-KOLKATA,-1.0,,R,L,R,Punjab-Kings,Kolkata-Knight-Riders,Seam,1.0
1842,1,15,Punjab Kings,Prabhsimran Singh,Vaibhav Arora,,1,5,1,1,1,1,0,0,0,0,0,0,0,0,0,0,0,,,0,0.5,1,1,0,614883,79.0,30.5,1,0,,41,INSWINGER,27,FORWARD PUSH,0,0,5,0,6,0,Off stump,Good Length,0,0,0,0,0,0,0,0,78.30122300126926,-7.302103993370135,8.341042876253553,-0.7692034719564,2.018391271289959,,,,,,,9.380410654977108,0.2201760735152317,0.653638452527048,86.02816052753404,Defended,Played,None,0.5595703125,0.4828948974609375,7.282919,-0.202777,,,,,,,-7.075489,0.063826,0.644963,-8.840979,0.176015,0.828716,-13.04352965171845,-10.0598865011455,0.2544210046937613,0.9323318667299594,2.47559692234236,-0.7125114726413914,-1.0,-1.0,EDEN-GARDENS-KOLKATA,-1.0,,R,L,R,Punjab-Kings,Kolkata-Knight-Riders,Seam,1.0
1842,1,15,Punjab Kings,Priyansh Arya,Vaibhav Arora,,1,6,4,4,4,0,0,0,0,0,0,0,0,0,1,0,0,,,0,0.6,1,1,0,614884,196.0,70.5,4,0,https://scores.bcci.tv/matchcentre/commentaryFiles/TATA-IPL-2025/Kolkata-Knight-Riders-VS-Punjab-Kings-(26-Apr-2025)/File_1-1-614884.jpg,42,OUTSWINGER,51,FRONTFOOT COVERDRIVE,0,0,6,0,10,0,Outside Off stump,Good Length,0,0,0,0,0,0,0,0,79.37688775329761,-6.440149296936833,8.340716487014422,0.7804458905687099,2.000864365990883,,,,,,,7.692612742692569,0.2025803163681051,0.577488605892388,76.36525924704769,Attacked,Played,None,0.544715881347656,0.503631591796875,6.365263,0.445701,,,,,,,-8.048922,0.477779,0.52173,-8.841075,0.483734,0.586099,-12.27764412282386,-10.06021913410505,0.4929725840000591,0.6702693686662252,3.15578150353185,0.35826237741481,-1.0,-1.0,EDEN-GARDENS-KOLKATA,-1.0,,L,R,R,Punjab-Kings,Kolkata-Knight-Riders,Seam,1.0
1842,1,15,Punjab Kings,Prabhsimran Singh,Chetan Sakariya,,2,1,0,0,0,0,0,0,1,0,0,0,0,0,0,0,0,,,0,1.1,1,1,0,614885,71.5,61.5,0,0,,41,INSWINGER,27,FORWARD PUSH,0,0,1,1,10,0,Off stump,Good Length,1,0,0,0,0,0,0,0,84.861523,-7.34820045871168,8.341159703912382,0.4174805774738558,1.967349974525041,,,,,,,7.274009617741881,0.4559371952400882,0.5623781440667394,48.7630020860021,Defended,Played,None,,0.484405517578125,6.45401,-0.075273,,,,,,,-8.055603,-0.130809,0.498495,-8.841063,-0.140766,0.553697,-11.05775564219988,-10.06000893466699,-0.1563096585853706,0.6241064783422199,1.797255740647379,0.7157927802907808,-1.0,-1.0,EDEN-GARDENS-KOLKATA,-1.0,,R,L,L,Punjab-Kings,Kolkata-Knight-Riders,Seam,1.0
1842,1,15,Punjab Kings,Prabhsimran Singh,Chetan Sakariya,,2,2,0,0,0,0,0,0,1,0,0,0,0,0,0,0,0,,,0,1.2,1,1,0,614886,-86.0,32.0,0,0,,38,STRAIGHT BALL,89,STEP DOWN COVER DRIVE,0,0,2,1,10,0,Off stump,Short of Good Length,0,0,0,0,0,0,0,0,78.76205724505182,-1.452335319219698,8.3406005419852,0.491402055228189,1.796225093773878,,,,,,,7.09268211115441,0.06386123514046883,0.4220070449588986,66.9149332297879,Defended,Played,None,0.665931701660156,0.4711875915527344,7.636936,-0.058774,,,,,,,-7.121978,-0.281443,0.643864,-8.840923,-0.364892,0.758161,-16.0065065156207,-10.06016980379159,-0.4247552911887071,0.8190213510220323,4.520647426723439,-2.096148029954993,-1.0,-1.0,EDEN-GARDENS-KOLKATA,-1.0,,R,L,L,Punjab-Kings,Kolkata-Knight-Riders,Seam,1.0
1842,1,15,Punjab Kings,Prabhsimran Singh,Chetan Sakariya,,2,3,1,1,1,1,0,0,0,0,0,0,0,0,0,0,0,,,0,1.3,1,1,0,614887,-116.0,-88.0,1,0,,30,ANGLED ACROSS,44,GLIDE,0,0,3,1,11,0,Outside Leg stump,Short of Good Length,0,0,0,0,0,0,0,0,80.2551054617829,-8.993379759304098,8.340519388674757,0.5716030353757209,1.941562247879226,,,,,,,8.525405867295367,0.184129364847648,0.6171063549177951,84.15301675290446,Defended,Played,None,0.547748565673828,0.5185546875,8.469999,0.111898,,,,,,,-8.75483,-0.233972,0.855341,-8.840461,-0.238226,0.861715,-12.76901132485111,-10.05999105673939,-0.2991327760330403,0.9433135399788696,-0.8364544559848799,0.3954190734649901,-1.0,-1.0,EDEN-GARDENS-KOLKATA,-1.0,,R,L,L,Punjab-Kings,Kolkata-Knight-Riders,Seam,1.0
1842,1,15,Punjab Kings,Priyansh Arya,Chetan Sakariya,,2,4,1,1,1,1,0,0,0,0,0,0,0,0,0,0,0,,,0,1.4,1,1,0,614888,-72.5,-13.5,1,0,,39,ANGLED IN,97,BACKFOOT PUSH,0,0,4,1,12,0,Outside Off stump,Short of Good Length,0,0,0,0,0,0,0,0,77.53433985749446,-11.18322461694416,8.340980191870976,0.494213815170705,1.937752385335232,,,,,,,8.63964008728698,0.1672564545846872,0.5123469137309172,70.12639160116888,Defended,Played,None,0.575981140136719,0.5338897705078125,10.351985,0.20341,,,,,,,-8.065291,-0.204845,0.907196,-8.840986,-0.244148,0.943626,-15.42803093398753,-10.06010752055817,-0.3064286487121306,0.9844429129344837,-1.89438252226741,0.3374585405449535,-1.0,-1.0,EDEN-GARDENS-KOLKATA,-1.0,,L,R,L,Punjab-Kings,Kolkata-Knight-Riders,Seam,1.0
1842,1,15,Punjab Kings,Prabhsimran Singh,Chetan Sakariya,,2,5,0,0,0,0,0,0,1,0,0,0,0,0,0,0,0,,,0,1.5,1,1,0,614889,-88.5,-12.0,0,0,,38,STRAIGHT BALL,16,BACKFOOT SQUARE DRIVE,0,0,5,1,12,0,Outside Leg stump,Short of Good Length,0,0,0,0,0,0,0,0,65.88368083853227,-6.462236897881775,8.340935346764883,0.604203164794316,1.948324119169115,,,,,,,9.878589782910405,0.2565848285820438,0.5785637228988887,71.12607557662892,Attacked,Played,None,0.673358917236328,0.65753173828125,8.325095,0.010586,,,,,,,-8.857435,-0.262186,0.848281,-8.840636,-0.261524,0.847517,-15.03221451226991,-10.06017509935961,-0.3098708028933659,0.8883337946219281,0.2265788252949699,1.122476893204154,-1.0,-1.0,EDEN-GARDENS-KOLKATA,-1.0,,R,L,L,Punjab-Kings,Kolkata-Knight-Riders,Seam,1.0
1842,1,15,Punjab Kings,Prabhsimran Singh,Chetan Sakariya,,2,6,1,1,1,1,0,0,0,0,0,0,0,0,0,0,0,,,0,1.6,1,1,0,614890,71.5,-45.0,1,0,,47,SLOWER BALL,54,LEG GLANCE,0,0,6,1,13,0,Outside Leg stump,Good Length,0,0,0,0,0,0,0,0,75.08323717014682,-7.449010632049794,8.340774695158188,0.473149299963185,2.011781979002385,,,,,,,9.389069924460866,0.1704601377778092,0.6544011081787935,91.1141524490381,Defended,Played,None,0.580558776855469,0.5420379638671875,7.527653,0.396348,,,,,,,-8.196484,0.308609,0.781851,-8.840659,0.29838,0.84011,-13.27047638726692,-10.06003634934857,0.2788712342045226,0.93491842265063,0.5365207398147248,-0.7426375316528688,-1.0,-1.0,EDEN-GARDENS-KOLKATA,-1.0,,R,L,L,Punjab-Kings,Kolkata-Knight-Riders,Seam,1.0
1842,1,15,Punjab Kings,Prabhsimran Singh,Vaibhav Arora,,3,1,1,1,1,1,0,0,0,0,0,0,0,0,0,0,0,,,0,2.1,1,1,0,614891,40.5,198.5,1,0,,39,ANGLED IN,74,STEP DOWN ON DRIVE,0,0,1,2,14,0,Leg stump,Full Length,1,0,0,0,0,0,0,0,81.62345828987503,-5.015638573212068,8.340476161634026,-0.6667589982104307,2.004750994071328,,,,,,,9.188406435971853,0.215559786389411,0.7209835034948002,96.59154688527894,Attacked,Played,None,0.521072387695312,0.4551544189453125,4.767806,-0.013017,,,,,,,-7.130414,0.126904,0.313259,-8.840891,0.258926,0.54111,-11.70286733539425,-10.06005898983619,0.3541278314001202,0.6836455780595305,2.866077830392476,0.07602500143401285,-1.0,-1.0,EDEN-GARDENS-KOLKATA,-1.0,,R,L,R,Punjab-Kings,Kolkata-Knight-Riders,Seam,1.0
1842,1,15,Punjab Kings,Priyansh Arya,Vaibhav Arora,,3,2,1,1,1,1,0,0,0,0,0,0,0,0,0,0,0,,,0,2.2,1,1,0,614892,144.5,-10.5,1,0,,30,ANGLED ACROSS,15,LOFTED COVER DRIVE,0,0,2,2,15,0,Outside Off stump,Full Length,0,0,0,0,0,0,0,0,81.03609108994984,-5.66288871309634,8.341064873405852,-0.5826296536971663,2.00957542582465,,,,,,,8.524956143783267,0.2696598664542823,0.6377745974578121,78.70020297324358,Attacked,Played,None,0.531543731689453,0.5095710754394531,5.531636,0.42208,,,,,,,-8.469008,0.899329,0.538785,-8.84106,0.945177,0.576989,-12.01298236093483,-10.05991061811979,1.096356435604212,0.6903391479658518,3.22170441159875,0.6545842177715805,-1.0,-1.0,EDEN-GARDENS-KOLKATA,-1.0,,L,R,R,Punjab-Kings,Kolkata-Knight-Riders,Seam,1.0
1842,1,15,Punjab Kings,Prabhsimran Singh,Vaibhav Arora,,3,3,1,1,1,1,0,0,0,0,0,0,0,0,0,0,0,,,0,2.3,1,1,0,614893,153.0,-10.0,1,0,,39,ANGLED IN,40,FRONTFOOT FLICK,0,0,3,2,16,0,Off stump,Full Length,0,0,0,0,0,0,0,0,83.15416775225297,-4.528239920497279,8.340410330076061,-0.6021304388430958,2.017557035023758,,,,,,,6.652324598902022,0.1271431888614989,0.5734036715769372,83.2962318503907,Attacked,Played,None,0.509754180908203,0.4618034362792969,3.656358,-0.066885,,,,,,,-7.743066,0.003454,0.184247,-8.840831,0.061632,0.292147,-11.06140133406256,-10.06028945101709,0.1268283294342282,0.3977992790650023,2.110027109751276,-0.1968540898283329,-1.0,-1.0,EDEN-GARDENS-KOLKATA,-1.0,,R,L,R,Punjab-Kings,Kolkata-Knight-Riders,Seam,1.0
1842,1,15,Punjab Kings,Priyansh Arya,Vaibhav Arora,,3,4,4,4,4,0,0,0,0,0,0,0,0,0,1,0,0,,,0,2.4,1,1,0,614894,177.5,128.5,4,0,,39,ANGLED IN,51,FRONTFOOT COVERDRIVE,0,0,4,2,20,0,Off stump,Full Toss,0,0,0,0,0,0,0,0,81.5031707791276,-2.212023331862785,8.340415983983764,0.9167090980127808,2.018161614778798,,,,,,,7.038979052097668,0.1680634992960937,0.650000000000001,90.69365007039077,Attacked,Played,None,0.514194488525391,0.4754104614257813,-0.4935980000000004,0.062389,,,,,,,-8.094566,0.166238,0.452865,-8.840571,0.134462,0.332094,-10.22970791114543,-10.06013707635265,0.0830204014593737,0.1241032431174192,0.3690960751482029,0.0,-1.0,-1.0,EDEN-GARDENS-KOLKATA,-1.0,,L,R,R,Punjab-Kings,Kolkata-Knight-Riders,Seam,1.0
1842,1,15,Punjab Kings,Priyansh Arya,Vaibhav Arora,,3,5,1 (WD),1,0,0,0,0,0,1,1,0,0,0,0,0,0,,,0,2.5,1,1,1,614895,177.5,128.5,1,0,,39,ANGLED IN,40,FRONTFOOT FLICK,0,0,5,2,21,0,Leg stump,Full Length,0,0,0,0,0,0,0,0,81.39109316816997,-4.803422392606527,8.340618050265633,1.052491477034392,2.009163133075535,,,,,,,6.284461726298595,0.1493422352285539,0.5723731447666616,80.92174819214387,None,None,None,0.522560119628906,0.5245170593261719,3.384854,-0.145451,,,,,,,-999.9,-999.9,-999.9,-8.840903,-0.329212,0.251883,-10.42893520787335,-10.06024434956781,-0.4340050346340438,0.3538348274079643,-0.06586679194557737,-0.2191571561418632,-1.0,-1.0,EDEN-GARDENS-KOLKATA,-1.0,,L,R,R,Punjab-Kings,Kolkata-Knight-Riders,Seam,1.0
1842,1,15,Punjab Kings,Priyansh Arya,Vaibhav Arora,,3,5,0,0,0,0,0,0,1,0,0,0,0,0,0,0,0,,,0,2.5,1,1,0,614896,75.0,-5.0,0,0,,39,ANGLED IN,49,FORWARD DEFENCE,0,0,6,2,21,0,Off stump,Yorker,0,0,0,0,0,0,0,0,82.28843630400395,-4.214560135122261,8.340518001029523,1.024523964281611,2.003713852349864,,,,,,,6.339157321926875,0.03983635977127833,0.6040535863769391,96.62440197941304,Defended,Played,None,0.514869689941406,0.4786834716796875,2.665944,0.059467,,,,,,,-8.436398,0.018715,0.14948,-8.840767,0.002822,0.189811,-10.31494055292458,-10.06004210357682,-0.04538317196855109,0.302165395540709,-0.1891257944874478,1.375402563648756,-1.0,-1.0,EDEN-GARDENS-KOLKATA,-1.0,,L,R,R,Punjab-Kings,Kolkata-Knight-Riders,Seam,1.0
1842,1,15,Punjab Kings,Priyansh Arya,Vaibhav Arora,,3,6,4,4,4,0,0,0,0,0,0,0,0,0,1,0,0,,,0,2.6,1,1,0,614897,173.5,136.5,4,0,,39,ANGLED IN,15,LOFTED COVER DRIVE,0,0,7,2,25,0,Outside Off stump,Full Length,0,0,0,0,0,0,0,0,81.04719724192849,-4.47371524163375,8.340650892065362,0.9838693215987895,2.008974333607899,,,,,,,7.43464863801106,0.277615979061527,0.6110218937245743,73.89168615253344,Attacked,Played,None,0.525684356689453,0.4886741638183594,3.615966,0.282681,,,,,,,-8.416864,0.213415,0.270556,-8.840813,0.198389,0.315811,-11.03088356159089,-10.06008679592368,0.1548878904646868,0.4346483476513475,1.599074124997334,-0.1256518023338702,-1.0,-1.0,EDEN-GARDENS-KOLKATA,-1.0,,L,R,R,Punjab-Kings,Kolkata-Knight-Riders,Seam,1.0
1842,1,15,Punjab Kings,Prabhsimran Singh,Chetan Sakariya,,4,1,1,1,1,1,0,0,0,0,0,0,0,0,0,0,0,,,0,3.1,1,1,0,614898,-72.0,57.0,1,0,,47,SLOWER BALL,51,FRONTFOOT COVERDRIVE,0,0,1,3,26,0,Outside Leg stump,Good Length,1,0,0,0,0,0,0,0,68.59378631701722,-4.709766542084248,8.340856728623937,0.516291766187393,1.946807348139794,,,,,,,10.31794512801154,0.353544875456851,0.6202246897942807,67.67921592345701,Attacked,Played,None,0.650390625,0.568450927734375,6.744965,0.293432,,,,,,,-7.336742,0.241128,0.63391,-8.841061,0.221095,0.778724,-14.10769116266444,-10.06010922357095,0.204667408114392,0.8637968318715556,-0.3696788961603209,0.5548950179140755,-1.0,-1.0,EDEN-GARDENS-KOLKATA,-1.0,,R,L,L,Punjab-Kings,Kolkata-Knight-Riders,Seam,1.0
1842,1,15,Punjab Kings,Priyansh Arya,Chetan Sakariya,,4,2,4,4,4,0,0,0,0,0,0,0,0,0,1,0,0,,,0,3.2,1,1,0,614899,-182.5,139.5,4,0,,39,ANGLED IN,11,LOFTED ON DRIVE,0,0,2,3,30,0,Leg stump,Full Length,0,0,0,0,0,0,0,0,82.37674082650372,-5.759791213771343,8.340775517042395,0.4297752926915079,1.992299420769315,,,,,,,6.361683524792094,0.1326133086064951,0.5607039929460202,80.84426808125353,Attacked,Played,None,0.517021179199219,0.4797935485839844,4.867902,-0.006524,,,,,,,-8.085264,-0.110514,0.327284,-8.84081,-0.138047,0.386859,-10.81456300803253,-10.05972675446595,-0.1828033885943278,0.4703495314755103,-0.9293584649624381,0.2963047024562616,-1.0,-1.0,EDEN-GARDENS-KOLKATA,-1.0,,L,R,L,Punjab-Kings,Kolkata-Knight-Riders,Seam,1.0
1842,1,15,Punjab Kings,Priyansh Arya,Chetan Sakariya,,4,3,1,1,1,1,0,0,0,0,0,0,0,0,0,0,0,,,0,3.3,1,1,0,614900,123.5,22.5,1,0,,38,STRAIGHT BALL,27,FORWARD PUSH,0,0,3,3,31,0,Outside Off stump,Good Length,0,0,0,0,0,0,0,0,81.17772706039669,-7.350312453943121,8.34113649097933,0.4488836281658337,1.994729815899632,,,,,,,8.952898794550538,0.243423557288235,0.688625622562242,88.95148765551282,Defended,Played,None,0.531143188476562,0.5083580017089844,6.748987,0.304604,,,,,,,-8.356127,0.213667,0.700552,-8.841032,0.204731,0.748471,-11.811095024163,-10.06032706875605,0.1821034057543297,0.8565006544676312,-0.5124975931142977,-0.03594179703121855,-1.0,-1.0,EDEN-GARDENS-KOLKATA,-1.0,,L,R,L,Punjab-Kings,Kolkata-Knight-Riders,Seam,1.0
1842,1,15,Punjab Kings,Prabhsimran Singh,Chetan Sakariya,,4,4,1 (WD),1,0,0,0,0,0,1,1,0,0,0,0,0,0,,,0,3.4,1,1,1,614901,123.5,22.5,1,0,,38,STRAIGHT BALL,58,BACKFOOT PULL SHOT,0,0,4,3,32,0,Outside Leg stump,Short Length,0,0,0,0,0,0,0,0,79.61213982448454,-14.72956251874149,8.341070052838287,0.5556003619287444,1.89046514549228,,,,,,,10.20193701907876,0.1457240150973147,0.5101473903536721,71.94970704331935,None,None,None,0.574150085449219,0.5918655395507812,12.063285,0.510699,,,,,,,-999.9,-999.9,-999.9,-8.841081,0.639844,1.340463,-18.12652374415046,-10.06028701604353,0.6550933127824234,1.400540994700279,-0.680803870603507,1.407741629107572,-1.0,-1.0,EDEN-GARDENS-KOLKATA,-1.0,,R,L,L,Punjab-Kings,Kolkata-Knight-Riders,Seam,1.0
1842,1,15,Punjab Kings,Prabhsimran Singh,Chetan Sakariya,,4,4,6,6,6,0,0,0,0,0,0,0,0,0,0,1,0,,,0,3.4,1,1,0,614902,-81.5,223.5,6,0,,38,STRAIGHT BALL,122,STEP DOWN LOFTED OFF DRIVE,0,0,5,3,38,0,Outside Leg stump,Good Length,0,0,0,0,0,0,0,0,75.62318730642562,-5.814400016157627,8.341102816601804,0.5694760799379133,1.966534807327589,,,,,,,8.514260881562745,0.1802943795941903,0.6576182890500639,90.61330539809055,Attacked,Played,None,0.561527252197266,0.48358154296875,5.934742,0.380027,,,,,,,-6.843162,0.311668,0.396599,-8.840592,0.260501,0.604669,-12.02986547024225,-10.06006564137981,0.2288630378710578,0.7061569793531318,0.2959501067511182,-0.7104850291649901,-1.0,-1.0,EDEN-GARDENS-KOLKATA,-1.0,,R,L,L,Punjab-Kings,Kolkata-Knight-Riders,Seam,1.0
1842,1,15,Punjab Kings,Prabhsimran Singh,Chetan Sakariya,,4,5,1,1,1,1,0,0,0,0,0,0,0,0,0,0,0,,,0,3.5,1,1,0,614903,137.5,39.0,1,0,,47,SLOWER BALL,27,FORWARD PUSH,0,0,6,3,39,0,Outside Leg stump,Full Length,0,0,0,0,0,0,0,0,73.83589587462198,-5.37820057192748,8.3409960094015,0.5312278500408659,2.003807169058345,,,,,,,6.821037483271061,0.1806710429929646,0.5100532131604895,68.44087767477696,Attacked,Played,None,0.582481384277344,0.5431594848632812,5.705464,0.448953,,,,,,,-8.193556,0.351958,0.407707,-8.840969,0.335314,0.449783,-12.42647929232665,-10.0597762960621,0.303748153757983,0.513132006337044,0.6040855996788904,-1.371167717036563,-1.0,-1.0,EDEN-GARDENS-KOLKATA,-1.0,,R,L,L,Punjab-Kings,Kolkata-Knight-Riders,Seam,1.0
1842,1,15,Punjab Kings,Priyansh Arya,Chetan Sakariya,,4,6,4,4,4,0,0,0,0,0,0,0,0,0,1,0,0,,,0,3.6,1,1,0,614904,-199.5,100.0,4,0,,47,SLOWER BALL,58,BACKFOOT PULL SHOT,0,0,7,3,43,0,Outside Off stump,Short of Good Length,0,0,0,0,0,0,0,0,66.56215691039083,-6.667536341718855,8.340512367160951,0.6112447172367655,1.937557106722321,,,,,,,12.13207616816163,0.2790630295853554,0.6977670644786874,86.75875671326757,Attacked,Played,None,0.676116943359375,0.6299514770507812,8.40204,0.425213,,,,,,,-8.182373,0.37718,0.946755,-8.840565,0.372184,0.980491,-15.04927380336794,-10.05986656111432,0.3628546639945029,1.01274720217717,0.1735425412145138,0.5650052303524462,-1.0,-1.0,EDEN-GARDENS-KOLKATA,-1.0,,L,R,L,Punjab-Kings,Kolkata-Knight-Riders,Seam,1.0
1842,1,15,Punjab Kings,Prabhsimran Singh,Harshit Rana,,5,1,4,4,4,0,0,0,0,0,0,0,0,0,1,0,0,,,0,4.1,1,1,0,614905,-79.0,-146.5,4,0,https://scores.bcci.tv/matchcentre/commentaryFiles/TATA-IPL-2025/Kolkata-Knight-Riders-VS-Punjab-Kings-(26-Apr-2025)/File_1-5-614905.jpg,38,STRAIGHT BALL,35,LATE CUT,0,0,1,4,47,0,Outside Off stump,Short Length,1,0,0,0,0,0,0,0,83.64719405788131,-10.25444629757884,8.340572174260164,-0.5774257261149094,2.065362595489248,,,,,,,8.599923745649045,0.1999360547827644,0.5823875106792311,77.36452112360823,Attacked,Played,None,0.521209716796875,0.5101318359375,8.680443,-0.459591,,,,,,,-8.988318,-0.40151,0.90389,-8.840477,-0.402673,0.892491,-13.49404247624199,-10.06034371342834,-0.3930364127855921,0.9794286023595443,-0.3529801928101963,-0.08702663367743355,-1.0,-1.0,EDEN-GARDENS-KOLKATA,-1.0,,R,L,R,Punjab-Kings,Kolkata-Knight-Riders,Seam,1.0
1842,1,15,Punjab Kings,Prabhsimran Singh,Harshit Rana,,5,2,0,0,0,0,0,0,1,0,0,0,0,0,0,0,0,,,0,4.2,1,1,0,614906,-79.0,-146.5,0,0,,39,ANGLED IN,40,FRONTFOOT FLICK,0,0,2,4,47,0,Middle stump,Short of Good Length,0,0,0,0,0,0,0,0,86.73360754663098,-8.428084264713537,8.340600484944847,-0.5202314819888222,2.075271810385896,,,,,,,7.616669411543676,0.2341420090412885,0.5776869462793023,73.23884103776649,Attacked,Missed,None,0.505165100097656,0.5316925048828125,7.010502,-0.078056,,,,,,,-999.9,-999.9,-999.9,-8.840868,0.104955,0.646832,-12.04267759974246,-10.06027646788599,0.1445841091355178,0.7337426073169013,0.2648150536762926,-0.5907374489552948,-1.0,-1.0,EDEN-GARDENS-KOLKATA,-1.0,,R,L,R,Punjab-Kings,Kolkata-Knight-Riders,Seam,1.0
1842,1,15,Punjab Kings,Prabhsimran Singh,Harshit Rana,,5,3,6,6,6,0,0,0,0,0,0,0,0,0,0,1,0,,,0,4.3,1,1,0,614907,94.5,-141.5,6,0,https://scores.bcci.tv/matchcentre/commentaryFiles/TATA-IPL-2025/Kolkata-Knight-Riders-VS-Punjab-Kings-(26-Apr-2025)/File_1-5-614907.jpg,38,STRAIGHT BALL,99,SCOOP,0,0,3,4,53,0,Outside Off stump,Short of Good Length,0,1,1,0,1,0,0,0,85.73198321425996,-8.738480808700626,8.341115066783892,-0.5405774968498216,2.092256441554359,,,,,,,7.324572592714294,0.1630539778219428,0.5538928551654625,76.77853049262508,Attacked,Played,None,0.507362365722656,0.476165771484375,7.294398,-0.244365,,,,,,,-8.273295,-0.122794,0.603666,-8.840979,-0.109964,0.645667,-12.36517588168434,-10.05999877787608,-0.08221815742654107,0.7247374078983251,0.3598981530838164,-0.4761707907884642,-1.0,-1.0,EDEN-GARDENS-KOLKATA,-1.0,,R,L,R,Punjab-Kings,Kolkata-Knight-Riders,Seam,1.0
1842,1,15,Punjab Kings,Prabhsimran Singh,Harshit Rana,,5,4,0,0,0,0,0,0,1,0,0,0,0,0,0,0,0,,,0,4.4,1,1,0,614908,67.0,39.5,0,0,,39,ANGLED IN,27,FORWARD PUSH,0,0,4,4,53,0,Off stump,Full Length,0,0,1,0,0,0,0,0,73.64446279863671,-5.161006810348385,8.340443818548934,-0.5500075066971206,2.088916772464351,,,,,,,9.633239772578587,0.2311559534079189,0.6890341979441384,90.23953435082889,Defended,Played,None,0.585216522216797,0.5411796569824219,5.059074,-0.114695,,,,,,,-8.045004,-0.006761,0.484333,-8.840941,0.021895,0.581956,-12.66153148370589,-10.0601730427956,0.06615056503499299,0.7137395417020347,-1.100310530595682,0.7162314923379706,-1.0,-1.0,EDEN-GARDENS-KOLKATA,-1.0,,R,L,R,Punjab-Kings,Kolkata-Knight-Riders,Seam,1.0
1842,1,15,Punjab Kings,Prabhsimran Singh,Harshit Rana,,5,5,1,1,1,1,0,0,0,0,0,0,0,0,0,0,0,,,0,4.5,1,1,0,614909,-68.0,25.0,1,0,,38,STRAIGHT BALL,97,BACKFOOT PUSH,0,0,5,4,54,0,Outside Off stump,Short of Good Length,0,0,1,0,0,0,0,0,84.84203486988535,-8.956588683299332,8.340561990082037,-0.6226309583687896,2.08785416376833,,,,,,,7.964624408011006,0.1295457306527494,0.6036633493907226,87.59492934333346,Defended,Played,None,0.509696960449219,0.4888916015625,7.485182,-0.291805,,,,,,,-8.553424,-0.099725,0.706898,-8.840698,-0.090271,0.730619,-12.47033478960855,-10.0602935827746,-0.04989256500216638,0.8219761006697952,0.4725071103853434,-0.18211407993187,-1.0,-1.0,EDEN-GARDENS-KOLKATA,-1.0,,R,L,R,Punjab-Kings,Kolkata-Knight-Riders,Seam,1.0
1842,1,15,Punjab Kings,Priyansh Arya,Harshit Rana,,5,6,0,0,0,0,0,0,1,0,0,0,0,0,0,0,0,,,0,4.6,1,1,0,614910,79.0,-16.0,0,0,,47,SLOWER BALL,97,BACKFOOT PUSH,0,0,6,4,54,0,Leg stump,Short of Good Length,0,0,1,0,0,0,0,0,71.51716427749076,-6.392356718573804,8.341047293405847,-0.576815928706325,2.034049899061953,,,,,,,9.469653051715449,0.1751697308428241,0.6325506509642438,87.36562456035416,Defended,Played,None,0.607887268066406,0.5804328918457031,7.064912,-0.200519,,,,,,,-8.526217,0.114806,0.753605,-8.840983,0.13317,0.780944,-13.76523757085697,-10.0601059077615,0.2047349926813617,0.8726046244128677,-0.01953824240838753,1.303201120591004,-1.0,-1.0,EDEN-GARDENS-KOLKATA,-1.0,,L,R,R,Punjab-Kings,Kolkata-Knight-Riders,Seam,1.0
1842,1,15,Punjab Kings,Prabhsimran Singh,Varun Chakaravarthy,,6,1,1,1,1,1,0,0,0,0,0,0,0,0,0,0,0,,,0,5.1,1,1,0,614911,74.5,-52.5,1,0,,24,LEG SPIN,54,LEG GLANCE,0,0,1,5,55,0,Off stump,Good Length,1,0,1,0,0,0,0,0,58.79256671963396,-4.630353297313117,8.340538052391963,-0.8241286986276118,2.110119567962713,,,,,,,10.5220242254371,0.2537537572469191,0.5986806431399427,74.42672074629951,Defended,Played,None,0.747528076171875,0.7009735107421875,6.517847,-0.208171,,,,,,,-8.29297,0.133722,0.667049,-8.840994,0.174031,0.704791,-15.40533801430189,-10.06020346745937,0.264378824692378,0.7617479395379524,1.514959402544921,0.2817847819639107,-1.0,-1.0,EDEN-GARDENS-KOLKATA,-1.0,,R,L,R,Punjab-Kings,Kolkata-Knight-Riders,Spin,1.0
1842,1,15,Punjab Kings,Priyansh Arya,Varun Chakaravarthy,,6,2,0,0,0,0,0,0,1,0,0,0,0,0,0,0,0,,,0,5.2,1,1,0,614912,79.5,-9.5,0,0,,28,GOOGLY,97,BACKFOOT PUSH,0,0,2,5,55,0,Leg stump,Good Length,0,0,1,0,0,0,0,0,57.96342618494369,-3.705287464223162,8.34078070166808,-0.8881195130037127,2.115069835230938,,,,,,,10.59016709770896,0.217969848514238,0.6087157737970559,79.51038121813458,Attacked,Played,None,0.716285705566406,0.7211837768554688,5.914147,-0.033265,,,,,,,-8.635984,0.364279,0.648749,-8.840938,0.382773,0.665188,-15.49745667829877,-10.06019387566721,0.493439653943062,0.7413979016513951,1.504092646361813,0.2701169593365071,-1.0,-1.0,EDEN-GARDENS-KOLKATA,-1.0,,L,R,R,Punjab-Kings,Kolkata-Knight-Riders,Spin,1.0
1842,1,15,Punjab Kings,Priyansh Arya,Varun Chakaravarthy,,6,3,0,0,0,0,0,0,1,0,0,0,0,0,0,0,0,,,0,5.3,1,1,0,614913,13.5,64.5,0,0,,28,GOOGLY,49,FORWARD DEFENCE,0,0,3,5,55,0,Outside Leg stump,Good Length,0,0,1,0,0,0,0,0,58.19128420089559,-5.116346232315385,8.34089660884105,-0.8998508314347003,2.131743448164375,,,,,,,10.93883563539315,0.1838252725241727,0.6326707023119414,86.51807809437395,Defended,Played,None,0.739974975585938,0.6979408264160156,6.816953,-0.302859,,,,,,,-8.172943,0.046829,0.727596,-8.840848,0.095277,0.778394,-15.62615836638315,-10.05976559468864,0.1843798495103748,0.8434617531852365,0.8138574113943413,0.6064928472593836,-1.0,-1.0,EDEN-GARDENS-KOLKATA,-1.0,,L,R,R,Punjab-Kings,Kolkata-Knight-Riders,Spin,1.0
1842,1,15,Punjab Kings,Priyansh Arya,Varun Chakaravarthy,,6,4,1,1,1,1,0,0,0,0,0,0,0,0,0,0,0,,,0,5.4,1,1,0,614914,-164.5,30.0,1,0,,24,LEG SPIN,54,LEG GLANCE,0,0,4,5,56,0,Outside Leg stump,Good Length,0,0,1,0,0,0,0,0,70.80830718813,-6.351136225340226,8.340912951933163,-0.8499155233452793,2.120812056785337,,,,,,,8.276684150725902,0.1828065269517982,0.5949504222283095,80.9619106390666,Attacked,Played,None,0.610530853271484,0.5518112182617188,5.908223,-0.466239,,,,,,,-7.741289,-0.363731,0.463529,-8.840816,-0.331752,0.558058,-12.85612083837158,-10.06020135574413,-0.2959578474621003,0.6412486120621744,-0.5625637297177773,0.1495560613116579,-1.0,-1.0,EDEN-GARDENS-KOLKATA,-1.0,,L,R,R,Punjab-Kings,Kolkata-Knight-Riders,Spin,1.0
1842,1,15,Punjab Kings,Prabhsimran Singh,Varun Chakaravarthy,,6,5,0,0,0,0,0,0,1,0,0,0,0,0,0,0,0,,,0,5.5,1,1,0,614915,-164.5,30.0,0,0,,24,LEG SPIN,95,SLOG SWEEP,0,0,5,5,56,0,Outside Off stump,Full Length,0,0,1,0,0,0,0,0,60.10084286241191,-3.362303617681507,8.340926263450243,-0.7749842055617389,2.139446226280125,,,,,,,11.88312980428951,0.3393325125514463,0.6445248057756168,72.74546961119789,Attacked,Missed,None,0.73077392578125,0.7652664184570312,5.489038,-0.207511,,,,,,,-999.9,-999.9,-999.9,-8.84065,-0.189466,0.726298,-15.46399052108051,-10.06016129061285,-0.1841881421771417,0.8411568729514984,1.665466202700358,-3.148465850862071,-1.0,-1.0,EDEN-GARDENS-KOLKATA,-1.0,,R,L,R,Punjab-Kings,Kolkata-Knight-Riders,Spin,1.0
1842,1,15,Punjab Kings,Prabhsimran Singh,Varun Chakaravarthy,,6,6,0,0,0,0,0,0,1,0,0,0,0,0,0,0,0,,,0,5.6,1,1,0,614916,-164.5,30.0,0,0,,24,LEG SPIN,50,BACKFOOT DEFENCE,0,0,6,5,56,0,Off stump,Good Length,0,0,1,0,0,0,0,0,55.86155791210188,-2.451738123265187,8.340808728277281,-0.7899152008687906,2.15922564369543,,,,,,,12.41723909800763,0.3952525372690379,0.6185720065936782,63.26054726214794,Defended,Missed,None,0.786003112792969,0.789276123046875,5.194495,-0.143306,,,,,,,-999.9,-999.9,-999.9,-8.840861,-0.19849,0.704858,-16.18882540928324,-10.05978570534865,-0.2158100235813282,0.8226123848452092,0.4669643640238357,-3.827004600173787,-1.0,-1.0,EDEN-GARDENS-KOLKATA,-1.0,,R,L,R,Punjab-Kings,Kolkata-Knight-Riders,Spin,1.0
1842,1,15,Punjab Kings,Priyansh Arya,Sunil Narine,,7,1,1,1,1,1,0,0,0,0,0,0,0,0,0,0,0,,,0,6.1,1,1,0,614917,-154.5,54.0,1,0,,25,OFF SPIN,27,FORWARD PUSH,0,0,1,6,57,0,Off stump,Full Length,1,0,1,0,0,0,0,0,54.80520806756056,-1.151960287797625,8.34059239827906,-0.4437916285958102,2.207828877333062,,,,,,,9.740161161633536,0.05812402784017964,0.5836706212491434,91.73819040335354,Attacked,Played,None,0.785923004150391,0.6683120727539062,3.497722,0.062349,,,,,,,-7.324434,0.111979,0.157521,-8.840833,0.211561,0.367741,-15.95479618105858,-10.06006976969588,0.2924503329364883,0.4994106668483319,-0.3541432501650263,1.958753486929523,-1.0,-1.0,EDEN-GARDENS-KOLKATA,-1.0,,L,R,L,Punjab-Kings,Kolkata-Knight-Riders,Seam,1.0
1842,1,15,Punjab Kings,Prabhsimran Singh,Sunil Narine,,7,2,1,1,1,1,0,0,0,0,0,0,0,0,0,0,0,,,0,6.2,1,1,0,614918,58.0,-119.5,1,0,,24,LEG SPIN,99,SCOOP,0,0,2,6,58,0,Outside Off stump,Good Length,0,0,1,0,0,0,0,0,53.94569430803056,-3.818900377137585,8.34051988292179,-0.4899868182434469,2.120645012777507,,,,,,,10.26040184767079,0.299173326061428,0.5569355840275678,63.62300499799238,Attacked,Played,None,0.807975769042969,0.71282958984375,6.10852,-0.221505,,,,,,,-7.697233,-0.215756,0.523747,-8.841008,-0.213965,0.595221,-15.76431410336427,-10.05999325256879,-0.2120354776982565,0.6290063700306561,-1.362168426703786,-0.4518307162949023,-1.0,-1.0,EDEN-GARDENS-KOLKATA,-1.0,,R,L,L,Punjab-Kings,Kolkata-Knight-Riders,Seam,1.0
1842,1,15,Punjab Kings,Priyansh Arya,Sunil Narine,,7,3,0,0,0,0,0,0,1,0,0,0,0,0,0,0,0,,,0,6.3,1,1,0,614919,77.5,-33.0,0,0,,25,OFF SPIN,51,FRONTFOOT COVERDRIVE,0,0,3,6,58,0,Outside Off stump,Full Length,0,0,1,0,0,0,0,0,55.9673363252727,-2.369034083885274,8.340540411490164,-0.4256655803006791,2.17890933243749,,,,,,,11.38059047535991,0.2232297736138373,0.6304430993745836,82.24348754480381,Attacked,Edged,None,0.771217346191406,0.6981353759765625,4.753762,0.113163,,,,,,,-7.786728,0.270552,0.451613,-8.841001,0.338412,0.583756,-15.94338952643731,-10.06021824053886,0.4176256905893568,0.6997423541774423,-0.805219177960428,1.75821928752522,-1.0,-1.0,EDEN-GARDENS-KOLKATA,-1.0,,L,R,L,Punjab-Kings,Kolkata-Knight-Riders,Seam,1.0
1842,1,15,Punjab Kings,Priyansh Arya,Sunil Narine,,7,4,0,0,0,0,0,0,1,0,0,0,0,0,0,0,0,,,0,6.4,1,1,0,614920,77.5,-33.0,0,0,,25,OFF SPIN,11,LOFTED ON DRIVE,0,0,4,6,58,0,Outside Off stump,Full Length,0,0,1,0,0,0,0,0,56.66603768651685,-3.162238340997499,8.340654364776597,-0.5050520039080406,2.130133879037259,,,,,,,9.141214395396537,0.2811629905231287,0.4919879634257137,55.68189546154417,Attacked,Missed,None,0.75311279296875,0.8155517578125,5.753465,0.118245,,,,,,,-999.9,-999.9,-999.9,-8.840902,0.278022,0.495566,-16.04901028469015,-10.05980805450938,0.3220150533106585,0.5272424892398635,-1.130476107516973,-0.2469649310857705,-1.0,-1.0,EDEN-GARDENS-KOLKATA,-1.0,,L,R,L,Punjab-Kings,Kolkata-Knight-Riders,Seam,1.0
1842,1,15,Punjab Kings,Priyansh Arya,Sunil Narine,,7,5,1,1,1,1,0,0,0,0,0,0,0,0,0,0,0,,,0,6.5,1,1,0,614921,-95.0,107.5,1,0,,25,OFF SPIN,27,FORWARD PUSH,0,0,5,6,59,0,Outside Leg stump,Full Length,0,0,1,0,0,0,0,0,55.35083189771822,-3.35916069915777,8.34078181152276,-0.4891354034237692,2.170883363235649,,,,,,,10.86603095146351,0.1786845784486863,0.6160566758925989,84.54004353902121,Attacked,Played,None,0.736839294433594,0.6960296630859375,5.602214,-0.256148,,,,,,,-7.573532,-0.176301,0.51444,-8.840932,-0.143252,0.641112,-15.94951435054608,-10.06008865388955,-0.1111403648289446,0.723482052117473,-1.055149331808353,0.9603901035169219,-1.0,-1.0,EDEN-GARDENS-KOLKATA,-1.0,,L,R,L,Punjab-Kings,Kolkata-Knight-Riders,Seam,1.0
1842,1,15,Punjab Kings,Prabhsimran Singh,Sunil Narine,,7,6,1,1,1,1,0,0,0,0,0,0,0,0,0,0,0,,,0,6.6,1,1,0,614922,-80.0,10.5,1,0,,25,OFF SPIN,97,BACKFOOT PUSH,0,0,6,6,60,0,Outside Off stump,Short of Good Length,0,0,1,0,0,0,0,0,60.48222404647895,-4.634243887809272,8.340732575223335,-0.4873161287477284,2.128661182229528,,,,,,,10.09544706537174,0.1751935157066513,0.6184814662245754,85.25286836302118,Defended,Played,None,0.714111328125,0.6939239501953125,6.028554,-0.258918,,,,,,,-8.799677,-0.197459,0.654529,-8.840791,-0.196919,0.657862,-14.90444043224029,-10.05999149554683,-0.1808219571910138,0.7400870659229066,-0.3163166955927069,-0.1667467021787647,-1.0,-1.0,EDEN-GARDENS-KOLKATA,-1.0,,R,L,L,Punjab-Kings,Kolkata-Knight-Riders,Seam,1.0
1842,1,15,Punjab Kings,Prabhsimran Singh,Varun Chakaravarthy,,8,1,1,1,1,1,0,0,0,0,0,0,0,0,0,0,0,,,0,7.1,1,1,0,614923,-152.0,-49.5,1,0,,24,LEG SPIN,36,CUT SHOT,0,0,1,7,61,0,Outside Off stump,Good Length,1,0,1,0,0,0,0,0,68.48128872779536,-6.015851000910589,8.340615069935065,-0.8093302942757163,2.134778782084001,,,,,,,9.689268133477055,0.3066127060520462,0.6536004774274945,77.37880100891955,Attacked,Played,None,0.640708923339844,0.6062164306640625,5.694684,-0.328492,,,,,,,-8.428543,-0.137632,0.589894,-8.840601,-0.117915,0.629942,-12.9879179618988,-10.06025824601224,-0.05915348493828282,0.7301717027805791,0.2519126595112108,0.3474808449019099,-1.0,-1.0,EDEN-GARDENS-KOLKATA,-1.0,,R,L,R,Punjab-Kings,Kolkata-Knight-Riders,Spin,1.0
1842,1,15,Punjab Kings,Priyansh Arya,Varun Chakaravarthy,,8,2,6,6,6,0,0,0,0,0,0,0,0,0,0,1,0,,,0,7.2,1,1,0,614924,-202.5,117.0,6,0,,24,LEG SPIN,11,LOFTED ON DRIVE,0,0,2,7,67,0,Leg stump,Full Length,0,0,1,0,0,0,0,0,61.4808786448808,-2.25758589172227,8.340488958283977,-0.8616695125436628,2.148040956438102,,,,,,,11.20219956882978,0.1953400282446674,0.6595233851006934,89.39450494063728,Attacked,Played,None,0.701728820800781,0.62127685546875,4.36092,-0.145759,,,,,,,-7.550662,-0.100318,0.364313,-8.840953,-0.068256,0.555882,-15.31721370685005,-10.06013841862052,-0.03765332379814092,0.705125551074582,-0.291291310984605,-1.367812482143621,-1.0,-1.0,EDEN-GARDENS-KOLKATA,-1.0,,L,R,R,Punjab-Kings,Kolkata-Knight-Riders,Spin,1.0
1842,1,15,Punjab Kings,Priyansh Arya,Varun Chakaravarthy,,8,3,1,1,1,1,0,0,0,0,0,0,0,0,0,0,0,,,0,7.3,1,1,0,614925,144.5,-31.0,1,0,,24,LEG SPIN,36,CUT SHOT,0,0,3,7,68,0,Outside Off stump,Short of Good Length,0,0,1,0,0,0,0,0,59.70482329063875,-6.200110105608956,8.340784649282885,-0.7614805873924844,2.134312859896126,,,,,,,9.351363962675705,0.1680726902575005,0.5352665265656131,73.48270995909192,Attacked,Played,None,0.731849670410156,0.7176475524902344,7.571325,0.135445,,,,,,,-8.93486,0.680859,0.675737,-8.840951,0.67271,0.672858,-15.92355611042298,-10.0601242664722,0.7789816856696735,0.694575162485904,0.8792492302926486,-0.473235235139656,-1.0,-1.0,EDEN-GARDENS-KOLKATA,-1.0,,L,R,R,Punjab-Kings,Kolkata-Knight-Riders,Spin,1.0
1842,1,15,Punjab Kings,Prabhsimran Singh,Varun Chakaravarthy,,8,4,0,0,0,0,0,0,1,0,0,0,0,0,0,0,0,,,0,7.4,1,1,0,614926,144.5,-31.0,0,0,,28,GOOGLY,84,FRONTFOOT OFF DRIVE,0,0,4,7,68,0,Outside Leg stump,Full Length,0,0,1,0,0,0,0,0,59.56744467868239,-3.166282652532823,8.341066581204998,-0.8838816876726036,2.132818456921041,,,,,,,9.75156954470678,0.1960401572810924,0.5832102747197535,77.8775254798538,Attacked,Edged,None,0.704475402832031,0.761810302734375,5.094586,0.056147,,,,,,,-999.9,-999.9,-999.9,-8.840669,0.406223,0.544224,-15.10636676752075,-10.0600134004418,0.5186334613720154,0.635636284625769,1.362154838400666,0.3325105998086002,-1.0,-1.0,EDEN-GARDENS-KOLKATA,-1.0,,R,L,R,Punjab-Kings,Kolkata-Knight-Riders,Spin,1.0
1842,1,15,Punjab Kings,Prabhsimran Singh,Varun Chakaravarthy,,8,5,2,2,2,0,1,0,0,0,0,0,0,0,0,0,0,,,0,7.5,1,1,0,614927,140.5,-45.0,2,0,,24,LEG SPIN,58,BACKFOOT PULL SHOT,0,0,5,7,70,0,Off stump,Short of Good Length,0,0,1,0,0,0,0,0,61.16505754242088,-4.976238467933134,8.341050429549806,-0.7347487474030886,2.147958245584082,,,,,,,10.80547306533014,0.2995435558286221,0.6137105302610589,72.10222395629664,Attacked,Played,None,0.718368530273438,0.6539154052734375,6.356612,-0.018184,,,,,,,-7.790684,0.100406,0.637853,-8.841004,0.131545,0.730762,-15.16803849430259,-10.06017652350886,0.1680415306122081,0.8055559034483358,2.122977323728608,-2.87583204140892,-1.0,-1.0,EDEN-GARDENS-KOLKATA,-1.0,,R,L,R,Punjab-Kings,Kolkata-Knight-Riders,Spin,1.0
1842,1,15,Punjab Kings,Prabhsimran Singh,Varun Chakaravarthy,,8,6,1,1,1,1,0,0,0,0,0,0,0,0,0,0,0,,,0,7.6,1,1,0,614928,-95.0,-11.5,1,0,,24,LEG SPIN,36,CUT SHOT,0,0,6,7,71,0,Outside Off stump,Short of Good Length,0,0,1,0,0,0,0,0,59.06315996398989,-3.982701041001681,8.340502278475167,-0.9011370080177156,2.140177129053515,,,,,,,12.96708556285903,0.3561924737589826,0.7031148608150948,79.84798174636596,Attacked,Played,None,0.739654541015625,0.7138595581054688,5.807215,-0.419081,,,,,,,-8.444185,-0.196587,0.78109,-8.840823,-0.175105,0.827261,-15.28321750090448,-10.05984519873651,-0.1086039229530298,0.9417398062201872,1.369120670440558,0.07739970878941259,-1.0,-1.0,EDEN-GARDENS-KOLKATA,-1.0,,R,L,R,Punjab-Kings,Kolkata-Knight-Riders,Spin,1.0
1842,1,15,Punjab Kings,Prabhsimran Singh,Sunil Narine,,9,1,1,1,1,1,0,0,0,0,0,0,0,0,0,0,0,,,0,8.1,1,1,0,614929,151.0,55.0,1,0,,24,LEG SPIN,27,FORWARD PUSH,0,0,1,8,72,0,Off stump,Full Length,1,0,1,0,0,0,0,0,56.922191901721,-3.096113844964771,8.340986215214976,-0.4380461787763168,2.164200697581207,,,,,,,9.537834408672001,0.15579075087297,0.5590879162082695,78.28411234394342,Attacked,Played,None,0.715633392333984,0.6643524169921875,5.212495,-0.138203,,,,,,,-7.392014,-0.051079,0.38746,-8.84069,-0.000698,0.524074,-15.64102912419011,-10.05976763658494,0.04214715131606339,0.6003515689117926,-0.5457862944497882,0.9265732296122747,-1.0,-1.0,EDEN-GARDENS-KOLKATA,-1.0,,R,L,L,Punjab-Kings,Kolkata-Knight-Riders,Seam,1.0
1842,1,15,Punjab Kings,Priyansh Arya,Sunil Narine,,9,2,0,0,0,0,0,0,1,0,0,0,0,0,0,0,0,,,0,8.2,1,1,0,614930,-71.5,43.5,0,0,,24,LEG SPIN,97,BACKFOOT PUSH,0,0,2,8,72,0,Off stump,Good Length,0,0,1,0,0,0,0,0,59.83122408141036,-4.343645194065385,8.341017602796782,-0.453383760942965,2.114595111796557,,,,,,,9.315667176430926,0.1862764717679812,0.5619023342628826,75.65770296263427,Defended,Played,None,0.718002319335938,0.6754074096679688,6.0371,-0.04609,,,,,,,-8.218662,0.055148,0.542229,-8.840875,0.07045,0.585702,-15.06281597962666,-10.0601063428247,0.1006580737227597,0.6458261128156215,-0.3721074470549679,-0.3313315044209228,-1.0,-1.0,EDEN-GARDENS-KOLKATA,-1.0,,L,R,L,Punjab-Kings,Kolkata-Knight-Riders,Seam,1.0
1842,1,15,Punjab Kings,Priyansh Arya,Sunil Narine,,9,3,0,0,0,0,0,0,1,0,0,0,0,0,0,0,0,,,0,8.3,1,1,0,614931,78.0,2.0,0,0,,25.0,OFF SPIN,49.0,FORWARD DEFENCE,0,0,3,8,72,0,Leg stump,Full Length,0,0,1,0,0,0,0,0,54.14642425633294,-3.167818941032527,8.340553480944646,-0.5011523692123161,2.157764694075105,,,,,,,11.22618819973543,0.2040617811289081,0.609180176691394,80.9708483908183,Defended,Played,None,0.802986145019531,0.7198448181152344,5.856117,-0.213188,,,,,,,-7.661533,-0.017309,0.565179,-8.840616,0.050749,0.672522,-16.38191584693393,-10.06003245539783,0.1218336059977188,0.7421496551059497,-0.2773132482795188,2.028850523680041,-1.0,-1.0,EDEN-GARDENS-KOLKATA,-1.0,,L,R,L,Punjab-Kings,Kolkata-Knight-Riders,Seam,1.0
1842,1,15,Punjab Kings,Priyansh Arya,Sunil Narine,,9,4,1,1,1,1,0,0,0,0,0,0,0,0,0,0,0,,,0,8.4,1,1,0,614932,-145.0,-24.0,1,0,,25,OFF SPIN,95,SLOG SWEEP,0,0,4,8,73,0,Leg stump,Full Length,0,0,1,0,0,0,0,0,54.90214954934549,-3.457285854460512,8.340819671980256,-0.4668543323729314,2.170003553161359,,,,,,,11.0499936059118,0.1890470486351623,0.606036247205959,82.00073221737763,Attacked,Played,None,0.744060516357422,0.675567626953125,5.943593,-0.206569,,,,,,,-6.997184,-0.068175,0.492219,-8.840624,0.022076,0.675147,-16.34383747341857,-10.0600204413332,0.08252247248175598,0.745926337749631,-0.6183719746555939,1.846455209091983,-1.0,-1.0,EDEN-GARDENS-KOLKATA,-1.0,,L,R,L,Punjab-Kings,Kolkata-Knight-Riders,Seam,1.0
1842,1,15,Punjab Kings,Prabhsimran Singh,Sunil Narine,,9,5,0,0,0,0,0,0,1,0,0,0,0,0,0,0,0,,,0,8.5,1,1,0,614933,-145.0,-24.0,0,0,,25,OFF SPIN,97,BACKFOOT PUSH,0,0,5,8,73,0,Off stump,Good Length,0,0,1,0,0,0,0,0,56.21354718813235,-2.903206579687884,8.340771978372715,-0.4883260426930377,2.135320246186533,,,,,,,10.71834393721316,0.1948625576407778,0.6121348828289995,82.33397666027216,Defended,Missed,None,0.764396667480469,0.7398605346679688,5.324687,-0.102489,,,,,,,-8.742916,0.123897,0.601973,-8.840806,0.129518,0.610935,-15.72464490604126,-10.06019600943935,0.199916635916071,0.7020392583343678,-0.2115235014111688,1.604149535505395,-1.0,-1.0,EDEN-GARDENS-KOLKATA,-1.0,,R,L,L,Punjab-Kings,Kolkata-Knight-Riders,Seam,1.0
1842,1,15,Punjab Kings,Prabhsimran Singh,Sunil Narine,,9,6,1,1,1,1,0,0,0,0,0,0,0,0,0,0,0,,,0,8.6,1,1,0,614934,137.5,-35.0,1,0,,25,OFF SPIN,97,BACKFOOT PUSH,0,0,6,8,74,0,Off stump,Good Length,0,0,1,0,0,0,0,0,59.36584043223463,-3.738900644911703,8.340729448235553,-0.4842504485171659,2.138807769323275,,,,,,,9.53031167639799,0.1766828315148155,0.5712932982015105,78.02571157874503,Attacked,Played,None,0.724983215332031,0.6895523071289062,5.536017,-0.13264,,,,,,,-8.478925,-0.065819,0.533612,-8.84094,-0.059598,0.562812,-15.20205016618739,-10.06014050390906,-0.03851258972218559,0.6395558826826815,-0.6299088465844037,-0.2814827207837168,-1.0,-1.0,EDEN-GARDENS-KOLKATA,-1.0,,R,L,L,Punjab-Kings,Kolkata-Knight-Riders,Seam,1.0
1842,1,15,Punjab Kings,Prabhsimran Singh,Harshit Rana,,10,1,0,0,0,0,0,0,1,0,0,0,0,0,0,0,0,,,0,9.1,1,1,0,614935,92.0,48.5,0,0,,38,STRAIGHT BALL,18,SLOG SHOT,0,0,1,9,74,0,Outside Off stump,Full Length,1,0,1,0,0,0,0,0,72.43985096877097,-3.892497276788153,8.340973134837526,-0.6084523744881727,2.059153301075087,,,,,,,7.63543569242827,0.2353282791097891,0.5485692804331711,68.75256415399676,Attacked,Edged,None,0.592094421386719,0.5521202087402344,4.178398,-0.632593,,,,,,,-8.256852,-0.571087,0.314749,-8.840638,-0.555793,0.370923,-12.64405082651703,-10.06003137647729,-0.5236164995737389,0.47195664444046,-0.7256282087740293,1.948358353946859,-1.0,-1.0,EDEN-GARDENS-KOLKATA,-1.0,,R,L,R,Punjab-Kings,Kolkata-Knight-Riders,Seam,1.0
1842,1,15,Punjab Kings,Prabhsimran Singh,Harshit Rana,,10,2,1,1,1,1,0,0,0,0,0,0,0,0,0,0,0,,,0,9.2,1,1,0,614936,-104.0,39.5,1,0,,39,ANGLED IN,15,LOFTED COVER DRIVE,0,0,2,9,75,0,Leg stump,Full Toss,0,0,1,0,0,0,0,0,86.96845420300565,-2.9571113843945,8.340769688593117,-0.5396012559140575,2.081146572821889,,,,,,,6.563273573512133,0.1803691640528866,0.6499999999999996,89.46308359471128,Attacked,Played,None,0.481830596923828,0.4474754333496094,-0.8892830000000007,0.05762,,,,,,,-8.175644,-0.054863,0.4741,-8.840832,-0.028799,0.373859,-9.545353753170321,-10.05961517345277,0.02043992251531877,0.1821039084385428,1.228777580649196,-1.272221872585407e-14,-1.0,-1.0,EDEN-GARDENS-KOLKATA,-1.0,,R,L,R,Punjab-Kings,Kolkata-Knight-Riders,Seam,1.0
1842,1,15,Punjab Kings,Priyansh Arya,Harshit Rana,,10,3,4,4,4,0,0,0,0,0,0,0,0,0,1,0,0,,,0,9.3,1,1,0,614937,174.0,122.5,4,0,,38,STRAIGHT BALL,15,LOFTED COVER DRIVE,0,0,3,9,79,0,Outside Off stump,Good Length,0,0,1,0,0,0,0,0,71.48850466110602,-5.777581782195637,8.340672287916,-0.5636950671007009,2.060723444373254,,,,,,,8.97501620314435,0.2248599723322164,0.6059834035363918,78.41151329723714,Attacked,Played,None,0.609535217285156,0.573486328125,6.269016,0.038463,,,,,,,-8.324034,0.393393,0.608111,-8.84077,0.434679,0.653338,-13.37878966224022,-10.06000106664082,0.5327852661724904,0.743364355126547,-0.1748042055967372,1.649064616351066,-1.0,-1.0,EDEN-GARDENS-KOLKATA,-1.0,,L,R,R,Punjab-Kings,Kolkata-Knight-Riders,Seam,1.0
1842,1,15,Punjab Kings,Priyansh Arya,Harshit Rana,,10,4,6,6,6,0,0,0,0,0,0,0,0,0,0,1,0,,,0,9.4,1,1,0,614938,169.0,-79.5,6,0,,39,ANGLED IN,110,SLASH,0,0,4,9,85,0,Outside Off stump,Yorker,0,0,1,0,0,0,0,0,87.52598591900141,-4.418379230920334,8.340606593174126,1.183294663010918,2.073463173476574,,,,,,,5.727078310922539,-0.1643744545035996,0.59472562411036,115.646289066914,Attacked,Played,None,0.478855133056641,0.4735107421875,2.025357,0.576276,,,,,,,-9.043525,0.553017,0.139356,-8.840871,0.557702,0.120405,-10.00597771689111,-10.06033864394412,0.5294108925072317,0.2297283323294854,1.407272217914379,0.05867801017003778,-1.0,-1.0,EDEN-GARDENS-KOLKATA,-1.0,,L,R,R,Punjab-Kings,Kolkata-Knight-Riders,Seam,1.0
1842,1,15,Punjab Kings,Priyansh Arya,Harshit Rana,,10,5,4,4,4,0,0,0,0,0,0,0,0,0,1,0,0,,,0,9.5,1,1,0,614939,-71.5,-149.0,4,0,,39,ANGLED IN,54,LEG GLANCE,0,0,5,9,89,0,Off stump,Good Length,0,0,1,0,0,0,0,0,73.07469754219646,-5.529538907688663,8.340624740625504,1.021065206034373,2.04960108035312,,,,,,,8.564857298384226,0.1706680089162635,0.6070497200476165,83.99065711551611,Attacked,Played,None,0.591018676757812,0.5502090454101562,5.965015,0.080119,,,,,,,-8.167201,-0.184819,0.543728,-8.840714,-0.229454,0.605684,-13.09522605548935,-10.06007397523389,-0.3108702267996154,0.7014835072357732,-0.6596691679621955,1.004291312944771,-1.0,-1.0,EDEN-GARDENS-KOLKATA,-1.0,,L,R,R,Punjab-Kings,Kolkata-Knight-Riders,Seam,1.0
1842,1,15,Punjab Kings,Priyansh Arya,Harshit Rana,,10,6,1,1,1,1,0,0,0,0,0,0,0,0,0,0,0,,,0,9.6,1,1,0,614940,141.5,-44.5,1,0,,47,SLOWER BALL,16,BACKFOOT SQUARE DRIVE,0,0,6,9,90,0,Outside Off stump,Short of Good Length,0,0,1,0,0,0,0,0,71.19958527640023,-6.106232192817034,8.340643321911248,1.106918676733456,2.045389778784628,,,,,,,9.38193070720669,0.2192925551543421,0.6246884475191271,81.77401161243486,Attacked,Played,None,0.612888336181641,0.59454345703125,6.730491,0.486979,,,,,,,-8.769319,0.287051,0.72785,-8.840859,0.284363,0.733907,-13.60293958432471,-10.06018638640188,0.2383063556706064,0.8246467758273878,-0.5568629468871177,1.269398674130392,-1.0,-1.0,EDEN-GARDENS-KOLKATA,-1.0,,L,R,R,Punjab-Kings,Kolkata-Knight-Riders,Seam,1.0
1842,1,15,Punjab Kings,Priyansh Arya,Sunil Narine,,11,1,6,6,6,0,0,0,0,0,0,0,0,0,0,1,0,,,0,10.1,1,1,0,614941,-78.5,216.5,6,0,,25,OFF SPIN,94,STEP DOWN LOFTED ON DRIVE,0,0,1,10,96,0,Outside Leg stump,Good Length,1,0,1,0,0,0,0,0,59.25485613682533,-6.489045347011465,8.340739865489589,-0.4945956602447999,2.102303135428717,,,,,,,10.42528162372618,0.1849450790119113,0.602291449008375,81.84920945006512,Attacked,Played,None,0.725715637207031,0.6140899658203125,7.73634,-0.17757,,,,,,,-6.545474,-0.098414,0.629073,-8.841,-0.054237,0.789463,-15.65258134234029,-10.06012856486608,-0.03043621365283583,0.8251579484106538,-0.1482578568857948,-0.568445219407485,-1.0,-1.0,EDEN-GARDENS-KOLKATA,-1.0,,L,R,L,Punjab-Kings,Kolkata-Knight-Riders,Seam,1.0
1842,1,15,Punjab Kings,Priyansh Arya,Sunil Narine,,11,2,1,1,1,1,0,0,0,0,0,0,0,0,0,0,0,,,0,10.2,1,1,0,614942,74.0,-12.0,1,0,,25,OFF SPIN,56,REVERSE SWEEP,0,0,2,10,97,0,Middle stump,Full Length,0,0,1,0,0,0,0,0,54.2421505178346,-1.541662336637403,8.340640460099028,-0.3807637063723633,2.160229609540046,,,,,,,11.19836525104334,0.1662052162438536,0.6165903961358227,85.86803779598804,Attacked,Edged,None,0.805263519287109,0.7003669738769531,4.62372,-0.105923,,,,,,,-7.723911,-0.006028,0.421222,-8.840683,0.043397,0.564338,-16.45533659710142,-10.06003228950532,0.09786620602798897,0.6839412510256677,-0.4077477667825034,1.550374570239698,-1.0,-1.0,EDEN-GARDENS-KOLKATA,-1.0,,L,R,L,Punjab-Kings,Kolkata-Knight-Riders,Seam,1.0
1842,1,15,Punjab Kings,Prabhsimran Singh,Sunil Narine,,11,3,6,6,6,0,0,0,0,0,0,0,0,0,0,1,0,,,0,10.3,1,1,0,614943,-206.5,48.0,6,0,,25,OFF SPIN,56,REVERSE SWEEP,0,0,3,10,103,0,Leg stump,Full Length,0,1,2,0,0,1,0,0,56.95417860098627,-1.948646413434326,8.34066159326926,-0.4651783351643191,2.15807088282051,,,,,,,11.86631359322631,0.3241187646932023,0.6497347985046459,75.04834330637667,Attacked,Played,None,0.760116577148438,0.646270751953125,4.046147,-0.091917,,,,,,,-7.228194,8.7e-05,0.264369,-8.840845,0.123745,0.518646,-15.38138078985102,-10.0601511490465,0.2183855843162975,0.6641498304358116,-0.8279449969292921,3.258212707547968,-1.0,-1.0,EDEN-GARDENS-KOLKATA,-1.0,,R,L,L,Punjab-Kings,Kolkata-Knight-Riders,Seam,1.0
1842,1,15,Punjab Kings,Prabhsimran Singh,Sunil Narine,,11,4,1,1,1,1,0,0,0,0,0,0,0,0,0,0,0,,,0,10.4,1,1,0,614944,144.5,79.5,1,0,,25,OFF SPIN,97,BACKFOOT PUSH,0,0,4,10,104,0,Outside Off stump,Good Length,0,0,2,0,0,0,0,0,58.41713223675863,-4.353332804880344,8.340653180897899,-0.4639770063112023,2.109802596969687,,,,,,,9.37835890767269,0.1666399419179312,0.5583022001373924,77.08133582881574,Attacked,Played,None,0.718780517578125,0.7070846557617188,6.23324,-0.315187,,,,,,,-8.568215,-0.20624,0.572964,-8.840897,-0.199849,0.589197,-15.35842083043657,-10.06015385885649,-0.1711041098176613,0.6406806098430924,-0.5528353623302916,0.8807873528010598,-1.0,-1.0,EDEN-GARDENS-KOLKATA,-1.0,,R,L,L,Punjab-Kings,Kolkata-Knight-Riders,Seam,1.0
1842,1,15,Punjab Kings,Priyansh Arya,Sunil Narine,,11,5,1,1,1,1,0,0,0,0,0,0,0,0,0,0,0,,,0,10.5,1,1,0,614945,-97.0,118.5,1,0,,25,OFF SPIN,27,FORWARD PUSH,0,0,5,10,105,0,Outside Leg stump,Good Length,0,0,2,0,0,0,0,0,58.2818252947942,-4.634563958385562,8.340897625166537,-0.4152582423538268,2.147791604382916,,,,,,,9.459063220050583,0.1878002883534373,0.5523479883791761,74.07216942153269,Attacked,Played,None,0.721458435058594,0.681976318359375,6.306194,-0.251605,,,,,,,-7.94483,-0.157137,0.540493,-8.840769,-0.13653,0.597674,-15.4942485532282,-10.06002685168333,-0.1082448715756546,0.6448785693868432,-0.05140679114516589,0.5222532666135925,-1.0,-1.0,EDEN-GARDENS-KOLKATA,-1.0,,L,R,L,Punjab-Kings,Kolkata-Knight-Riders,Seam,1.0
1842,1,15,Punjab Kings,Prabhsimran Singh,Sunil Narine,,11,6,1 (NB),1,0,0,0,0,1,1,0,1,0,0,0,0,0,,,0,10.6,1,1,1,614946,-85.0,45.0,1,0,,25,OFF SPIN,56,REVERSE SWEEP,0,0,6,10,106,0,Leg stump,Full Toss,0,0,2,0,0,0,0,0,56.4283606374535,0.5015685407264336,8.34072692004177,-0.4212176409821516,2.186538806601854,,,,,,,11.03975286404685,0.1063289212566516,0.6499999999999995,96.86710787433476,Attacked,Played,None,0.747974395751953,0.6464309692382812,1.796858,0.190128,,,,,,,-7.292455,0.158007,0.302756,-8.840874,0.209092,0.144957,-15.91533060663507,-10.05986355349932,0.2491022427210279,0.3513839466324457,-0.4264646234768334,0.0,-1.0,-1.0,EDEN-GARDENS-KOLKATA,-1.0,,R,L,L,Punjab-Kings,Kolkata-Knight-Riders,Seam,1.0
1842,1,15,Punjab Kings,Prabhsimran Singh,Sunil Narine,,11,6,6,6,6,0,0,0,0,0,0,0,0,0,0,1,0,,,0,10.6,1,1,0,614947,-100.5,216.5,6,0,,25,OFF SPIN,5,LOFTED OFF DRIVE,0,0,7,10,112,0,Outside Off stump,Full Length,0,0,2,0,0,0,0,0,61.77005914051703,-4.493459162066752,8.34093779506938,-0.6363718996609077,2.108345607570015,,,,,,,11.75152632388852,0.5038383361437379,0.6127320809474066,51.52597852773721,Attacked,Played,None,0.738487243652344,0.6689300537109375,6.092284,-0.773899,,,,,,,-7.867256,-0.868588,0.648909,-8.84081,-0.892772,0.736022,-14.89980873720565,-10.0601363108302,-0.9233802078884492,0.8060604794941975,-0.5578173978820672,-0.4349112436652611,-1.0,-1.0,EDEN-GARDENS-KOLKATA,-1.0,,R,L,L,Punjab-Kings,Kolkata-Knight-Riders,Seam,1.0
1842,1,15,Punjab Kings,Priyansh Arya,Andre Russell,,12,1,0,0,0,0,0,0,1,0,0,0,0,0,0,0,0,,,0,11.1,1,1,0,614948,96.0,48.0,0,0,,38,STRAIGHT BALL,51,FRONTFOOT COVERDRIVE,0,0,1,11,112,0,Outside Off stump,Full Length,1,0,2,0,0,0,0,0,82.98322679862365,-5.032002701237927,8.340401819377167,-0.1888768565591346,1.948520580740906,,,,,,,6.638057452181544,0.1577566431732759,0.6025821945648886,84.61166486740571,Attacked,Played,None,0.494098663330078,0.4996604919433594,4.106777,0.290711,,,,,,,-8.84841,0.427125,0.332778,-8.840592,0.426753,0.332094,-10.43399545695067,-10.06006389297938,0.4851151347228149,0.4311073607666676,1.406778391160935,0.008610888761273725,-1.0,-1.0,EDEN-GARDENS-KOLKATA,-1.0,,L,R,R,Punjab-Kings,Kolkata-Knight-Riders,Seam,1.0
1842,1,15,Punjab Kings,Priyansh Arya,Andre Russell,,12,2,1,1,1,1,0,0,0,0,0,0,0,0,0,0,0,,,0,11.2,1,1,0,614949,159.5,25.0,1,0,,38,STRAIGHT BALL,15,LOFTED COVER DRIVE,0,0,2,11,113,0,Outside Off stump,Full Length,0,0,2,0,0,0,0,0,81.44449862674455,-3.798639643074404,8.340422712905209,-0.1805225989209791,1.954610576849519,,,,,,,6.752287449980436,-0.00852881848809784,0.6562841265007796,109.2955008239267,Attacked,Played,None,0.486373901367188,0.494842529296875,2.505306,0.334324,,,,,,,-8.570891,0.380779,0.15551,-8.84113,0.39319,0.184597,-10.250383409358,-10.05985197191479,0.4494624592360493,0.3070965291637077,0.9995758181499907,0.2264063390151947,-1.0,-1.0,EDEN-GARDENS-KOLKATA,-1.0,,L,R,R,Punjab-Kings,Kolkata-Knight-Riders,Seam,1.0
1842,1,15,Punjab Kings,Prabhsimran Singh,Andre Russell,,12,3,1,1,1,1,0,0,0,0,0,0,0,0,0,0,0,,,0,11.3,1,1,0,614950,64.5,173.5,1,0,,39,ANGLED IN,27,FORWARD PUSH,0,0,3,11,114,0,Leg stump,Yorker,0,0,2,0,0,0,0,0,82.8130162690979,-3.14473810158092,8.341159605015761,-0.1745897104687445,1.976010545110771,,,,,,,7.106461608932388,0.1663793530767917,0.6499999999999994,90.86206469232073,Attacked,Played,None,0.507579803466797,0.48193359375,1.162865,0.05329,,,,,,,-8.437511,0.039936,0.080432,-8.840934,0.051633,0.007837,-10.32666623724812,-10.05992541925227,0.08764433389376147,0.1356939338171315,1.762496318733061,0.0,-1.0,-1.0,EDEN-GARDENS-KOLKATA,-1.0,,R,L,R,Punjab-Kings,Kolkata-Knight-Riders,Seam,1.0
1842,1,15,Punjab Kings,Priyansh Arya,Andre Russell,,12,4,6,6,6,0,0,0,0,0,0,0,0,0,0,1,0,,,0,11.4,1,1,0,614951,195.5,84.5,6,0,,38,STRAIGHT BALL,15,LOFTED COVER DRIVE,0,0,4,11,120,0,Outside Off stump,Full Length,0,0,2,0,0,0,0,0,82.83334722631079,-4.27734810930199,8.340785317310857,-0.07463946681928499,1.957656381650891,,,,,,,7.411433405968443,0.1492450965785413,0.6846377927571815,97.77115925572312,Attacked,Played,None,0.501022338867188,0.4898643493652344,3.090272000000001,0.439753,,,,,,,-8.588314,0.507665,0.237497,-8.840488,0.51832,0.265951,-10.28196756415788,-10.06031528447791,0.5701528599486476,0.3944357384604995,1.703585414057845,-0.4329924749910435,-1.0,-1.0,EDEN-GARDENS-KOLKATA,-1.0,,L,R,R,Punjab-Kings,Kolkata-Knight-Riders,Seam,1.0
1842,1,15,Punjab Kings,Priyansh Arya,Andre Russell,,12,5,0 WK,W,0,0,0,0,1,0,0,0,0,0,0,0,1,Caught,WICKET,1,11.5,1,1,0,614952,-168.5,39.5,0,0,https://scores.bcci.tv/matchcentre/commentaryFiles/TATA-IPL-2025/Kolkata-Knight-Riders-VS-Punjab-Kings-(26-Apr-2025)/File_1-12-614952.jpg,47,SLOWER BALL,58,BACKFOOT PULL SHOT,0,0,5,11,120,1,Outside Leg stump,Short of Good Length,1,0,2,0,0,0,0,0,70.02885855571515,-7.946912622057885,8.341154549009865,-0.3634735210575674,1.941597876364163,,,,,,,9.397882704507387,0.1663955673756607,0.6072489481960137,84.44778549183599,None,None,None,0.627296447753906,0.5799179077148438,8.677869,-0.09127,,,,,,,-8.048381,0.188086,0.836287,-8.841049,0.2223,0.885604,-14.24800675660604,-10.05986394466383,0.2753409348696157,0.9416645236802382,-0.2020412297883695,0.8396333536182912,-1.0,-1.0,EDEN-GARDENS-KOLKATA,-1.0,,L,R,R,Punjab-Kings,Kolkata-Knight-Riders,Seam,1.0
1842,1,15,Punjab Kings,Shreyas Iyer,Andre Russell,,12,6,1,1,1,1,0,0,0,0,0,0,0,0,0,0,0,,,0,11.6,1,1,0,614953,-92.5,172.5,1,0,,39,ANGLED IN,27,FORWARD PUSH,0,0,6,11,121,1,Off stump,Good Length,2,0,2,0,0,0,0,0,85.90302856006677,-6.007116468556521,8.340943252484639,-0.2637785486765546,1.967259231531084,,,,,,,6.708730339676811,0.1102099899144026,0.5976309668305957,88.62364603314909,Attacked,Edged,None,0.496295928955078,0.4720458984375,5.125936,-0.010416,,,,,,,-8.479956,0.072589,0.393451,-8.840821,0.081161,0.423854,-10.77286931289211,-10.06031326244241,0.1103052414020944,0.5174896114567975,1.242974500422124,-0.4207421002492332,-1.0,-1.0,EDEN-GARDENS-KOLKATA,-1.0,,R,R,R,Punjab-Kings,Kolkata-Knight-Riders,Seam,1.0
1842,1,15,Punjab Kings,Shreyas Iyer,Chetan Sakariya,,13,1,1,1,1,1,0,0,0,0,0,0,0,0,0,0,0,,,0,12.1,1,1,0,614954,-46.5,-60.5,1,0,,47,SLOWER BALL,44,GLIDE,0,0,1,12,122,1,Outside Off stump,Short of Good Length,3,0,2,0,0,0,0,0,77.41784194010353,-8.984741794211395,8.340657163200312,-0.9787447074932388,1.990711808739907,,,,,,,8.019013212139749,0.2009765982076177,0.5666188019530357,74.89516047219358,Defended,Played,None,0.569091796875,0.55517578125,8.31512,-0.511353,,,,,,,-8.856413,-0.159454,0.745685,-8.840829,-0.160247,0.744839,-12.98496293866459,-10.05995037452466,-0.09788744330379223,0.8011474379363042,0.1119260799400931,0.0445028213901927,-1.0,-1.0,EDEN-GARDENS-KOLKATA,-1.0,,R,R,L,Punjab-Kings,Kolkata-Knight-Riders,Seam,1.0
1842,1,15,Punjab Kings,Prabhsimran Singh,Chetan Sakariya,,13,2,4,4,4,0,0,0,0,0,0,0,0,0,1,0,0,,,0,12.2,1,1,0,614955,-129.5,-119.0,4,0,,39,ANGLED IN,44,GLIDE,0,0,2,12,126,1,Outside Off stump,Short of Good Length,0,0,2,0,0,0,0,0,74.20065966879014,-8.473189486802209,8.340524950791309,-1.02334306132605,1.975628821303693,,,,,,,8.819149745437322,0.221725794721703,0.5804579019350196,74.89610581808263,Attacked,Played,None,0.597393035888672,0.5839691162109375,8.50402,-0.550503,,,,,,,-8.884137,-0.369676,0.826837,-8.840831,-0.370776,0.824427,-13.74413200485266,-10.06004632291821,-0.3396412204950306,0.8814845964240182,-0.2165271938827908,-1.249240770291677,-1.0,-1.0,EDEN-GARDENS-KOLKATA,-1.0,,R,R,L,Punjab-Kings,Kolkata-Knight-Riders,Seam,1.0
1842,1,15,Punjab Kings,Prabhsimran Singh,Chetan Sakariya,,13,3,4,4,4,0,0,0,0,0,0,0,0,0,1,0,0,,,0,12.3,1,1,0,614956,-140.0,-106.5,4,0,,38,STRAIGHT BALL,44,GLIDE,0,0,3,12,130,1,Outside Off stump,Short of Good Length,0,0,2,0,0,0,0,0,75.03866255977842,-9.229935490905385,8.340458836041108,-1.02480518579101,1.951030663708426,,,,,,,8.408056377972525,0.2123707611642793,0.5462101171081407,70.69444144979317,Attacked,Played,None,0.593238830566406,0.5524749755859375,9.074948,-0.393159,,,,,,,-8.150619,-0.111829,0.777167,-8.84101,-0.083853,0.810622,-13.97364357506261,-10.06004603073982,-0.03406188615951494,0.8526094557247714,-0.6204577447764811,-1.36702892578402,-1.0,-1.0,EDEN-GARDENS-KOLKATA,-1.0,,R,R,L,Punjab-Kings,Kolkata-Knight-Riders,Seam,1.0
1842,1,15,Punjab Kings,Prabhsimran Singh,Chetan Sakariya,,13,4,6,6,6,0,0,0,0,0,0,0,0,0,0,1,0,,,0,12.4,1,1,0,614957,196.5,33.0,6,0,,38,STRAIGHT BALL,58,BACKFOOT PULL SHOT,0,0,4,12,136,1,Outside Off stump,Short of Good Length,0,0,2,0,0,0,0,0,73.89611972386766,-8.651727941673535,8.341042603833287,-1.064534639898022,1.938485688154753,,,,,,,8.727584498353094,0.449839815059622,0.5133663915856767,42.0209772318893,Attacked,Played,None,0.62164306640625,0.5436859130859375,8.861738,-0.525945,,,,,,,-7.34265,-0.229456,0.691336,-8.840565,-0.154671,0.753961,-13.9628780744331,-10.05987352035378,-0.09303192932206394,0.7749641168856811,0.1325029907027942,-0.6096098339398917,-1.0,-1.0,EDEN-GARDENS-KOLKATA,-1.0,,R,R,L,Punjab-Kings,Kolkata-Knight-Riders,Seam,1.0
1842,1,15,Punjab Kings,Prabhsimran Singh,Chetan Sakariya,,13,5,1,1,1,1,0,0,0,0,0,0,0,0,0,0,0,,,0,12.5,1,1,0,614958,-80.5,170.5,1,0,,30,ANGLED ACROSS,84,FRONTFOOT OFF DRIVE,0,0,5,12,137,1,Outside Off stump,Full Toss,0,0,2,0,0,0,0,0,78.255115,-2.207981341820214,8.340522039137053,0.509882262470844,2.068861429000762,,,,,,,6.945410443130734,0.171001812709667,0.6499999999999991,90.39981872903316,Attacked,Played,None,0.62164306640625,0.5019607543945312,-1.085025999999999,-1.101657,,,,,,,-8.177407,-0.820875,0.540796,-8.840961,-0.882433,0.4375,-10.09521809333499,-10.06020346941965,-0.9973675901199113,0.2381250001397239,-1.537901761048081,1.272221872585407e-14,-1.0,-1.0,EDEN-GARDENS-KOLKATA,-1.0,,R,R,L,Punjab-Kings,Kolkata-Knight-Riders,Seam,1.0
1842,1,15,Punjab Kings,Shreyas Iyer,Chetan Sakariya,,13,6,2,2,2,0,1,0,0,0,0,0,0,0,0,0,0,,,0,12.6,1,1,0,614959,-133.0,-86.0,2,0,,38,STRAIGHT BALL,96,SLICED OVER POINT,0,0,6,12,139,1,Outside Off stump,Full Length,0,0,2,0,0,0,0,0,77.69673693698886,-3.631370960767029,8.340623020057482,0.4177433756118624,2.034612369533434,,,,,,,7.058482165366533,0.1264521323925234,0.6396847916838501,93.30750551332517,Attacked,Played,None,0.54327392578125,0.5408706665039062,1.931369999999999,-0.773112,,,,,,,-9.184681,-0.864678,0.161782,-8.840969,-0.834797,0.122675,-10.54211486807199,-10.06008698777501,-0.9411321779361386,0.255214040637803,-1.360410998232515,-0.08515205772281602,-1.0,-1.0,EDEN-GARDENS-KOLKATA,-1.0,,R,R,L,Punjab-Kings,Kolkata-Knight-Riders,Seam,1.0
1842,1,15,Punjab Kings,Prabhsimran Singh,Varun Chakaravarthy,,14,1,4,4,4,0,0,0,0,0,0,0,0,0,1,0,0,,,0,13.1,1,1,0,614960,145.5,170.5,4,0,,24,LEG SPIN,58,BACKFOOT PULL SHOT,0,0,1,13,143,1,Outside Off stump,Short of Good Length,1,0,2,0,0,0,0,0,67.80880118944343,-8.266862688207679,8.340577346377653,-0.7873140896359923,2.137586501859046,,,,,,,8.835675712328792,0.2246280662634587,0.5656621325913577,72.38651326235777,Attacked,Played,None,0.650814056396484,0.592254638671875,7.662367,-0.503071,,,,,,,-7.829957,-0.41217,0.640132,-8.841055,-0.394806,0.697852,-14.07035278848992,-10.06002710545734,-0.3736784154946139,0.7428938053537495,-0.1651560635832595,-0.4915049119773521,-1.0,-1.0,EDEN-GARDENS-KOLKATA,-1.0,,R,R,R,Punjab-Kings,Kolkata-Knight-Riders,Spin,1.0
1842,1,15,Punjab Kings,Prabhsimran Singh,Varun Chakaravarthy,,14,2,0,0,0,0,0,0,1,0,0,0,0,0,0,0,0,,,0,13.2,1,1,0,614961,145.5,170.5,0,0,,24,LEG SPIN,58,BACKFOOT PULL SHOT,0,0,2,13,143,1,Outside Leg stump,Good Length,0,0,2,0,0,0,0,0,62.207007608643,-4.883212904851744,8.340619924767143,-0.7888877298144779,2.156777045626355,,,,,,,9.964300759036963,0.2781858286856256,0.6149928313000503,74.430341826445,Attacked,Missed,None,0.700286865234375,0.6500701904296875,5.582668,0.03732,,,,,,,-8.150938,0.195375,0.540305,-8.84101,0.225601,0.604296,-14.24369569620235,-10.05977052982927,0.2794112986752612,0.6917421979106644,2.055828504514809,-2.333227328387723,-1.0,-1.0,EDEN-GARDENS-KOLKATA,-1.0,,R,R,R,Punjab-Kings,Kolkata-Knight-Riders,Spin,1.0
1842,1,15,Punjab Kings,Prabhsimran Singh,Varun Chakaravarthy,,14,3,4,4,4,0,0,0,0,0,0,0,0,0,1,0,0,,,0,13.3,1,1,0,614962,198.5,47.0,4,0,,24,LEG SPIN,95,SLOG SWEEP,0,0,3,13,147,1,Outside Off stump,Full Length,0,0,2,0,0,0,0,0,58.44242828205137,-3.522329494645711,8.340732364475958,-0.8279876466546302,2.156163598739044,,,,,,,10.34087815306351,0.2384761927584547,0.5911412550252547,74.82356897794276,Attacked,Played,None,0.739494323730469,0.6538581848144531,5.497002,-0.274786,,,,,,,-7.395188,-0.106048,0.466418,-8.840678,-0.018418,0.611551,-15.44591515574894,-10.06004682345695,0.05632136394901943,0.6941813429913279,1.408841644466288,0.1806084467993865,-1.0,-1.0,EDEN-GARDENS-KOLKATA,-1.0,,R,R,R,Punjab-Kings,Kolkata-Knight-Riders,Spin,1.0
1842,1,15,Punjab Kings,Prabhsimran Singh,Varun Chakaravarthy,,14,4,6,6,6,0,0,0,0,0,0,0,0,0,0,1,0,,,0,13.4,1,1,0,614963,197.0,54.0,6,0,,24,LEG SPIN,18,SLOG SHOT,0,0,4,13,153,1,Off stump,Full Length,0,1,3,0,0,0,0,0,61.35772241940906,-3.428346607702814,8.340605812425352,-0.8510010013253877,2.167126878389509,,,,,,,10.99408857146443,0.4035564453782969,0.6093415736866443,61.04559151516696,Attacked,Played,None,0.713127136230469,0.6318511962890625,4.890025,-0.113936,,,,,,,-7.478842,-0.099641,0.424937,-8.840723,-0.091072,0.590572,-14.83496029181543,-10.05999475928258,-0.08331228070358308,0.6984196428559104,2.197451443132816,-3.920746640968276,-1.0,-1.0,EDEN-GARDENS-KOLKATA,-1.0,,R,R,R,Punjab-Kings,Kolkata-Knight-Riders,Spin,1.0
1842,1,15,Punjab Kings,Prabhsimran Singh,Varun Chakaravarthy,,14,5,4,4,4,0,0,0,0,0,0,0,0,0,1,0,0,,,0,13.5,1,1,0,614964,-139.5,-113.5,4,0,,24,LEG SPIN,56,REVERSE SWEEP,0,0,5,13,157,1,Leg stump,Full Length,0,0,3,0,0,0,0,0,57.96287012669031,-1.197276806115465,8.340629738428689,0.9229645367735435,2.168295817151197,,,,,,,9.321412643204894,0.1749923717269004,0.5302126573984604,72.03266143707901,Attacked,Played,None,0.737846374511719,0.6547966003417969,3.855745000000001,0.084924,,,,,,,-7.523998,0.022159,0.234564,-8.84084,-0.041117,0.392732,-15.95649023383837,-10.06000280231365,-0.1002887124603284,0.5034406281717669,0.9271659533333417,0.09718969514621509,-1.0,-1.0,EDEN-GARDENS-KOLKATA,-1.0,,R,R,R,Punjab-Kings,Kolkata-Knight-Riders,Spin,1.0
1842,1,15,Punjab Kings,Prabhsimran Singh,Varun Chakaravarthy,,14,6,1,1,1,1,0,0,0,0,0,0,0,0,0,0,0,,,0,13.6,1,1,0,614965,-153.0,-41.0,1,0,,24,LEG SPIN,36,CUT SHOT,0,0,6,13,158,1,Outside Leg stump,Short of Good Length,0,0,3,0,0,0,0,0,60.38122426210534,-4.896366972349667,8.340658732592424,0.9791863608282048,2.176096184705005,,,,,,,10.71036133325301,0.2923579024151561,0.6038626569634067,71.34360830299539,Attacked,Played,None,0.720565795898438,0.7138824462890625,6.212458,0.474702,,,,,,,-8.858742,0.111604,0.70626,-8.840916,0.112923,0.704948,-15.24965883071263,-10.06013013315927,0.02224043183052493,0.7765113109004695,1.321357109408425,-2.380708322114904,-1.0,-1.0,EDEN-GARDENS-KOLKATA,-1.0,,R,R,R,Punjab-Kings,Kolkata-Knight-Riders,Spin,1.0
1842,1,15,Punjab Kings,Prabhsimran Singh,Vaibhav Arora,,15,1,1,1,1,1,0,0,0,0,0,0,0,0,0,0,0,,,0,14.1,1,1,0,614966,-141.5,-63.0,1,0,,38,STRAIGHT BALL,15,LOFTED COVER DRIVE,0,0,1,14,159,1,Outside Off stump,Full Length,1,0,3,0,0,0,0,0,81.84137400417033,-4.717204748236891,8.340700544046559,-0.7490966427183648,2.021280929993325,,,,,,,6.652144062606836,0.194994333591652,0.6130163966525111,82.45302613871146,Attacked,Played,None,0.518966674804688,0.5021095275878906,2.960716,-0.571711,,,,,,,-8.761684,-0.565779,0.217703,-8.840883,-0.565494,0.225519,-10.17713009741145,-10.0602783382842,-0.5610916235361835,0.3372703732825488,-0.1511724969387458,-0.3745373542532626,-1.0,-1.0,EDEN-GARDENS-KOLKATA,-1.0,,R,R,R,Punjab-Kings,Kolkata-Knight-Riders,Seam,1.0
1842,1,15,Punjab Kings,Shreyas Iyer,Vaibhav Arora,,15,2,1,1,1,1,0,0,0,0,0,0,0,0,0,0,0,,,0,14.2,1,1,0,614967,-48.0,-64.0,1,0,,47,SLOWER BALL,44,GLIDE,0,0,2,14,160,1,Outside Off stump,Short of Good Length,0,0,3,0,0,0,0,0,76.2886895199901,-7.59049128259198,8.340501258006157,-0.8528900838985096,2.01520488702121,,,,,,,8.711348396759995,0.3405881406526855,0.6128187739800615,67.86400203174067,Defended,Played,None,0.583602905273438,0.5736236572265625,7.082359,-0.437346,,,,,,,-8.958548,-0.335525,0.708517,-8.840654,-0.337582,0.700209,-12.40304688898548,-10.06026338233718,-0.3162033243940839,0.7759399891667829,-0.5815807614857557,-0.8470183897559216,-1.0,-1.0,EDEN-GARDENS-KOLKATA,-1.0,,R,R,R,Punjab-Kings,Kolkata-Knight-Riders,Seam,1.0
1842,1,15,Punjab Kings,Prabhsimran Singh,Vaibhav Arora,,15,3,0 WK,W,0,0,0,0,1,0,0,0,0,0,0,0,1,Caught,WICKET,1,14.3,1,1,0,614968,-79.5,174.0,0,0,,38,STRAIGHT BALL,5,LOFTED OFF DRIVE,0,0,3,14,160,2,Outside Off stump,Full Toss,1,0,3,0,0,0,0,0,82.34136699427873,-2.063202819956512,8.340849940550136,-0.7299231222426177,2.039873922313451,,,,,,,6.67480155458408,0.1771696819768009,0.6499999999999999,89.7830318023199,None,None,None,0.501251220703125,0.484588623046875,-1.780215999999999,-0.652261,,,,,,,-8.466958,-0.651724,0.5765,-8.841025,-0.651481,0.521979,-9.705932241302055,-10.05966979347195,-0.651206095126523,0.3368427545489605,-0.5270821649376708,0.0,-1.0,-1.0,EDEN-GARDENS-KOLKATA,-1.0,,R,R,R,Punjab-Kings,Kolkata-Knight-Riders,Seam,1.0
1842,1,15,Punjab Kings,Glenn Maxwell,Vaibhav Arora,,15,4,0,0,0,0,0,0,1,0,0,0,0,0,0,0,0,,,0,14.4,1,1,0,614969,-79.5,174.0,0,0,,47,SLOWER BALL,97,BACKFOOT PUSH,0,0,4,14,160,2,Outside Off stump,Short of Good Length,2,0,3,0,0,0,0,0,76.68351917043242,-8.846355880822067,8.340503571089457,-0.8265811751682512,2.005104340178668,,,,,,,7.547988652421047,0.1838167584587277,0.5289202995750003,70.95636909037728,Defended,Missed,None,0.572101593017578,0.6015243530273438,8.229558,-0.424567,,,,,,,-999.9,-999.9,-999.9,-8.840527,-0.195502,0.672096,-13.17841047297752,-10.05997394905823,-0.1543340074447614,0.718496179617024,0.4226026822857077,-0.6606326616335415,-1.0,-1.0,EDEN-GARDENS-KOLKATA,-1.0,,R,R,R,Punjab-Kings,Kolkata-Knight-Riders,Seam,1.0
1842,1,15,Punjab Kings,Glenn Maxwell,Vaibhav Arora,,15,5,0,0,0,0,0,0,1,0,0,0,0,0,0,0,0,,,0,14.5,1,1,0,614970,-85.0,-27.5,0,0,,47,SLOWER BALL,59,FRONTFOOT SQUARE DRIVE,0,0,5,14,160,2,Outside Off stump,Good Length,0,0,3,0,0,0,0,0,76.50459018148199,-9.369143571922335,8.340700439674283,-0.8639143448598418,1.982776702177963,,,,,,,8.361206472644371,0.2390164861292987,0.574572061821094,72.28416066023422,Attacked,Played,None,0.582401275634766,0.5269660949707031,8.563538,-0.620249,,,,,,,-7.76294,-0.487722,0.711858,-8.840695,-0.464241,0.776058,-13.13569749670468,-10.06018560152499,-0.4374178989929823,0.8288610636460012,0.02794767702939379,-0.2511895346047971,-1.0,-1.0,EDEN-GARDENS-KOLKATA,-1.0,,R,R,R,Punjab-Kings,Kolkata-Knight-Riders,Seam,1.0
1842,1,15,Punjab Kings,Glenn Maxwell,Vaibhav Arora,,15,6,1,1,1,1,0,0,0,0,0,0,0,0,0,0,0,,,0,14.6,1,1,0,614971,56.0,69.0,1,0,,47,SLOWER BALL,84,FRONTFOOT OFF DRIVE,0,0,6,14,161,2,Outside Off stump,Good Length,0,0,3,0,0,0,0,0,78.2569662289117,-8.591125899272622,8.340602391273617,-0.7987466928061471,1.991590841089686,,,,,,,7.776571222093448,0.2201931556896959,0.5546096769310215,71.17213597068364,Attacked,Edged,None,0.558631896972656,0.4976806640625,7.974834,-0.523258,,,,,,,-7.414726,-0.434109,0.597548,-8.840751,-0.409604,0.689221,-12.79606836069746,-10.06030235163361,-0.3884200310525386,0.7465360038548927,-0.5116326357559596,-0.3087618066457443,-1.0,-1.0,EDEN-GARDENS-KOLKATA,-1.0,,R,R,R,Punjab-Kings,Kolkata-Knight-Riders,Seam,1.0
1842,1,15,Punjab Kings,Glenn Maxwell,Sunil Narine,,16,1,0,0,0,0,0,0,1,0,0,0,0,0,0,0,0,,,0,15.1,1,1,0,614972,13.5,35.0,0,0,,25,OFF SPIN,97,BACKFOOT PUSH,0,0,1,15,161,2,Leg stump,Short of Good Length,1,0,3,0,0,0,0,0,54.85520237463813,-5.586047839814213,8.340642642360574,-0.504646560628705,2.12890658721935,,,,,,,11.16384829289215,0.2765370131143382,0.5958263263838844,71.72024764614885,Attacked,Missed,None,0.819694519042969,0.7298355102539062,7.393477,-0.082124,,,,,,,-7.856962,0.307592,0.713829,-8.840864,0.383417,0.756333,-16.0911539450554,-10.05988897846934,0.4782612132099915,0.7692721901152587,-0.4894438542855544,2.259809772671036,-1.0,-1.0,EDEN-GARDENS-KOLKATA,-1.0,,R,R,L,Punjab-Kings,Kolkata-Knight-Riders,Seam,1.0
1842,1,15,Punjab Kings,Glenn Maxwell,Sunil Narine,,16,2,1,1,1,1,0,0,0,0,0,0,0,0,0,0,0,,,0,15.2,1,1,0,614973,121.5,87.5,1,0,,25,OFF SPIN,97,BACKFOOT PUSH,0,0,2,15,162,2,Off stump,Good Length,0,0,3,0,0,0,0,0,59.34785716719817,-4.566832792234702,8.34068093884039,-0.5337340948421099,2.1027862669908,,,,,,,10.37770184626859,0.248879691794757,0.598875528838306,74.9433601462702,Defended,Played,None,0.738006591796875,0.6947135925292969,6.427193,-0.181988,,,,,,,-8.325915,-0.093009,0.65751,-8.840953,-0.083033,0.694091,-15.25122798043741,-10.06022622688225,-0.05924455106732258,0.7549198997781149,-0.621577937063835,-0.2914627837013699,-1.0,-1.0,EDEN-GARDENS-KOLKATA,-1.0,,R,R,L,Punjab-Kings,Kolkata-Knight-Riders,Seam,1.0
1842,1,15,Punjab Kings,Shreyas Iyer,Sunil Narine,,16,3,2,2,2,0,1,0,0,0,0,0,0,0,0,0,0,,,0,15.3,1,1,0,614974,94.0,42.0,2,0,,25,OFF SPIN,27,FORWARD PUSH,0,0,3,15,164,2,Leg stump,Full Length,0,0,3,0,0,0,0,0,57.84330200798694,-3.261745693554279,8.341042747399879,-0.4393011708664483,2.122640194533038,,,,,,,9.88885315785908,0.1832005889110411,0.5816456582667847,78.9267898489136,Defended,Played,None,0.714557647705078,0.6502876281738281,5.465553,-0.068761,,,,,,,-7.257417,0.068729,0.424209,-8.840894,0.151869,0.577947,-15.40287659674838,-10.06011057241647,0.216607035848197,0.6558815246353051,-0.7530853667351041,1.679828210674069,-1.0,-1.0,EDEN-GARDENS-KOLKATA,-1.0,,R,R,L,Punjab-Kings,Kolkata-Knight-Riders,Seam,1.0
1842,1,15,Punjab Kings,Shreyas Iyer,Sunil Narine,,16,4,1,1,1,1,0,0,0,0,0,0,0,0,0,0,0,,,0,15.4,1,1,0,614975,-74.5,-12.5,1,0,,25,OFF SPIN,27,FORWARD PUSH,0,0,4,15,165,2,Off stump,Good Length,0,0,3,0,0,0,0,0,58.70605239337409,-4.249002988616168,8.34066329764908,-0.502074328880543,2.109099983234901,,,,,,,10.84940826362362,0.2954536161524582,0.6028822655113978,70.88697821146384,Defended,Played,None,0.739311218261719,0.6899757385253906,6.303896,-0.172311,,,,,,,-8.061625,-0.14809,0.648703,-8.841023,-0.143611,0.710106,-15.44906751166382,-10.06005515314528,-0.136544664288789,0.7746315640865826,-0.495455797135836,-0.9851437908207701,-1.0,-1.0,EDEN-GARDENS-KOLKATA,-1.0,,R,R,L,Punjab-Kings,Kolkata-Knight-Riders,Seam,1.0
1842,1,15,Punjab Kings,Glenn Maxwell,Sunil Narine,,16,5,1,1,1,1,0,0,0,0,0,0,0,0,0,0,0,,,0,15.5,1,1,0,614976,138.0,-38.0,1,0,,25,OFF SPIN,18,SLOG SHOT,0,0,5,15,166,2,Middle stump,Full Length,0,0,3,0,0,0,0,0,58.10922274445515,-3.605820323545842,8.340559604435512,-0.482606335055552,2.132352900279308,,,,,,,10.14104004908595,0.2118201497343161,0.592923006383172,77.75643598404419,Attacked,Played,None,0.740776062011719,0.6472549438476562,5.608011,-0.095869,,,,,,,-7.200435,0.031711,0.448478,-8.841033,0.109218,0.608739,-15.30147292833248,-10.06005433485445,0.1674832026393288,0.6857450641631551,-1.034789538373973,1.440331450652002,-1.0,-1.0,EDEN-GARDENS-KOLKATA,-1.0,,R,R,L,Punjab-Kings,Kolkata-Knight-Riders,Seam,1.0
1842,1,15,Punjab Kings,Shreyas Iyer,Sunil Narine,,16,6,1,1,1,1,0,0,0,0,0,0,0,0,0,0,0,,,0,15.6,1,1,0,614977,156.5,49.5,1,0,,25,OFF SPIN,97,BACKFOOT PUSH,0,0,6,15,167,2,Off stump,Good Length,0,0,3,0,0,0,0,0,59.63291746290538,-4.460705819163813,8.34066940973836,-0.5073991639773647,2.093685765057884,,,,,,,9.66727479741779,0.2188912753605029,0.5585213796726772,71.8890794148513,Attacked,Played,None,0.72491455078125,0.684906005859375,6.546875,-0.065149,,,,,,,-8.246642,0.052575,0.611522,-8.840615,0.067669,0.647664,-15.44762910812647,-10.06012182225837,0.0988906956448873,0.6959568689947307,-0.3012531080543637,-0.5801450703894565,-1.0,-1.0,EDEN-GARDENS-KOLKATA,-1.0,,R,R,L,Punjab-Kings,Kolkata-Knight-Riders,Seam,1.0
1842,1,15,Punjab Kings,Shreyas Iyer,Varun Chakaravarthy,,17,1,0,0,0,0,0,0,1,0,0,0,0,0,0,0,0,,,0,16.1,1,1,0,614978,-20.5,68.0,0,0,,24,LEG SPIN,97,BACKFOOT PUSH,0,0,1,16,167,2,Outside Leg stump,Good Length,1,0,3,0,0,0,0,0,67.77173110736996,-7.708275156310285,8.340558024277428,-0.7330687401240437,2.164270253363672,,,,,,,8.868565627562004,0.2462306457410176,0.5780202926190042,72.07997931874888,Attacked,Played,None,0.651042938232422,0.61175537109375,7.045975,0.036126,,,,,,,-8.300084,0.36449,0.626923,-8.840926,0.398889,0.660397,-13.7345789978774,-10.05994803052544,0.4769895882408505,0.716150606338453,-0.3828124761325826,-0.193632119906083,-1.0,-1.0,EDEN-GARDENS-KOLKATA,-1.0,,R,R,R,Punjab-Kings,Kolkata-Knight-Riders,Spin,1.0
1842,1,15,Punjab Kings,Shreyas Iyer,Varun Chakaravarthy,,17,2,1,1,1,1,0,0,0,0,0,0,0,0,0,0,0,,,0,16.2,1,1,0,614979,-84.0,53.0,1,0,,24,LEG SPIN,51,FRONTFOOT COVERDRIVE,0,0,2,16,168,2,Outside Off stump,Short of Good Length,0,0,3,0,0,0,0,0,59.50735652256141,-5.689556062231275,8.340691212468506,-0.7151598754601837,2.179258752292526,,,,,,,11.18358714109092,0.3779144627213193,0.617087674019436,64.77170483078346,Attacked,Played,None,0.745868682861328,0.6861190795898438,6.496649,-0.38225,,,,,,,-8.29672,-0.544929,0.706278,-8.840815,-0.564066,0.748291,-15.0041863386242,-10.06011191941207,-0.6072926105450547,0.8144155087298629,1.436898466192108,-4.278930237431556,-1.0,-1.0,EDEN-GARDENS-KOLKATA,-1.0,,R,R,R,Punjab-Kings,Kolkata-Knight-Riders,Spin,1.0
1842,1,15,Punjab Kings,Glenn Maxwell,Varun Chakaravarthy,,17,3,4,4,4,0,0,0,0,0,0,0,0,0,1,0,0,,,0,16.3,1,1,0,614980,-130.5,-113.5,4,0,,24,LEG SPIN,56,REVERSE SWEEP,0,0,3,16,172,2,Outside Off stump,Full Length,0,0,3,0,0,0,0,0,58.0538038748256,-1.619585462006971,8.34098271409271,-0.8129681703879261,2.172502952129473,,,,,,,9.95979474611041,0.1976431582823013,0.56867290267945,75.53661957368739,Attacked,Played,None,0.723953247070312,0.66046142578125,3.955493000000001,-0.359033,,,,,,,-7.662833,-0.287298,0.273995,-8.840998,-0.232472,0.423751,-15.73729247535727,-10.06014172019269,-0.1751927005397158,0.5443730116621359,1.110961056153575,0.2368299087868647,-1.0,-1.0,EDEN-GARDENS-KOLKATA,-1.0,,R,R,R,Punjab-Kings,Kolkata-Knight-Riders,Spin,1.0
1842,1,15,Punjab Kings,Glenn Maxwell,Varun Chakaravarthy,,17,4,0 WK,W,0,0,0,0,1,0,0,0,0,0,0,0,1,Bowled,WICKET,1,16.4,1,1,0,614981,-130.5,-113.5,0,0,,28,GOOGLY,35,LATE CUT,0,0,4,16,172,3,Outside Off stump,Good Length,1,0,3,0,0,0,0,0,68.88504787341864,-8.429392001433643,8.340650949275176,-0.8132928391924212,2.176668991807343,,,,,,,8.846380120957237,0.2156933494174615,0.575954875848471,74.82389643552452,None,None,None,0.639484405517578,0.6729812622070312,7.437879,-0.416248,,,,,,,-999.9,-999.9,-999.9,-8.840599,-0.166538,0.695005,-13.89839910682173,-10.05981377549011,-0.1160894008731462,0.7504274434321698,-0.4434319583293748,0.4010038795594179,-1.0,-1.0,EDEN-GARDENS-KOLKATA,-1.0,,R,R,R,Punjab-Kings,Kolkata-Knight-Riders,Spin,1.0
1842,1,15,Punjab Kings,Marco Jansen,Varun Chakaravarthy,,17,5,1,1,1,1,0,0,0,0,0,0,0,0,0,0,0,,,0,16.5,1,1,0,614982,-75.5,-12.0,1,0,,28,GOOGLY,27,FORWARD PUSH,0,0,5,16,173,3,Outside Off stump,Full Length,2,0,3,0,0,0,0,0,58.09858094858286,-3.262165916618824,8.34091487675797,-0.7630497129751611,2.170528908225501,,,,,,,10.66754829414643,0.2281630044004535,0.5923029228975725,76.02913799459054,Defended,Played,None,0.714946746826172,0.6791839599609375,5.488834,-0.354812,,,,,,,-7.848156,-0.183877,0.525287,-8.840811,-0.131192,0.624967,-15.90713594808806,-10.0601207084064,-0.0658838648117438,0.7140178523741451,1.09409074604994,0.5645614383482038,-1.0,-1.0,EDEN-GARDENS-KOLKATA,-1.0,,R,R,R,Punjab-Kings,Kolkata-Knight-Riders,Spin,1.0
1842,1,15,Punjab Kings,Shreyas Iyer,Varun Chakaravarthy,,17,6,1,1,1,1,0,0,0,0,0,0,0,0,0,0,0,,,0,16.6,1,1,0,614983,97.0,40.5,1,0,,24,LEG SPIN,27,FORWARD PUSH,0,0,6,16,174,3,Leg stump,Good Length,0,0,3,0,0,0,0,0,60.73394007459385,-5.135236241269094,8.34063495103715,-0.7096771336679816,2.164296697231666,,,,,,,12.10846206562365,0.3750621935709739,0.6662773752419789,72.43538692919945,Defended,Played,None,0.728233337402344,0.668975830078125,6.257763,0.029553,,,,,,,-8.153866,0.10596,0.75064,-8.840921,0.118293,0.822711,-15.05367521807715,-10.06002444631335,0.1403638209138111,0.9213062965339474,2.487821235506773,-3.792102909635812,-1.0,-1.0,EDEN-GARDENS-KOLKATA,-1.0,,R,R,R,Punjab-Kings,Kolkata-Knight-Riders,Spin,1.0
1842,1,15,Punjab Kings,Shreyas Iyer,Andre Russell,,18,1,1,1,1,1,0,0,0,0,0,0,0,0,0,0,0,,,0,17.1,1,1,0,614984,165.0,47.5,1,0,,39,ANGLED IN,40,FRONTFOOT FLICK,0,0,1,17,175,3,Leg stump,Yorker,1,0,3,0,0,0,0,0,84.61675823576044,-3.24693455543639,8.340688570174294,-0.09806358593775677,2.116799267131943,,,,,,,7.252748080603721,0.1629933291810545,0.6500000000000005,91.20066708189462,Attacked,Played,None,0.494407653808594,0.4712677001953125,-0.1363679999999992,0.109962,,,,,,,-8.431707,0.059729,0.258831,-8.840523,0.070723,0.188073,-10.53674146824976,-10.06013332482855,0.1058243369907387,-0.03118803854123495,2.076015352221048,0.0,-1.0,-1.0,EDEN-GARDENS-KOLKATA,-1.0,,R,R,R,Punjab-Kings,Kolkata-Knight-Riders,Seam,1.0
1842,1,15,Punjab Kings,Marco Jansen,Andre Russell,,18,2,1,1,1,1,0,0,0,0,0,0,0,0,0,0,0,,,0,17.2,1,1,0,614985,34.0,0.0,1,0,,39,ANGLED IN,27,FORWARD PUSH,0,0,2,17,176,3,Middle stump,Yorker,0,0,3,0,0,0,0,0,83.65354688982517,-4.102031979482718,8.340623030050118,-0.1257932178721681,1.953872161363169,,,,,,,4.934710808330497,0.1264686778916264,0.4634246176365051,66.86682485631312,Defended,Edged,None,0.501983642578125,0.4795989990234375,2.896659,-0.072814,,,,,,,-8.447569,-0.033624,0.15038,-8.840503,-0.021558,0.178636,-10.20635817285314,-10.06002087893208,0.01611691217507659,0.2564777689782434,1.384808046968421,0.8126861931651979,-1.0,-1.0,EDEN-GARDENS-KOLKATA,-1.0,,R,R,R,Punjab-Kings,Kolkata-Knight-Riders,Seam,1.0
1842,1,15,Punjab Kings,Shreyas Iyer,Andre Russell,,18,3,1,1,1,1,0,0,0,0,0,0,0,0,0,0,0,,,0,17.3,1,1,0,614986,144.0,-37.0,1,0,,39,ANGLED IN,40,FRONTFOOT FLICK,0,0,3,17,177,3,Leg stump,Full Toss,0,0,3,0,0,0,0,0,82.07494991610989,-2.386493957518736,8.34047675356469,-0.07715120667128877,1.976146689068849,,,,,,,6.813611907592896,0.1736345291265605,0.6500000000000007,90.13654708734404,Attacked,Played,None,0.510269165039062,0.473419189453125,-0.5170759999999994,0.158843,,,,,,,-8.243982,0.084032,0.397041,-8.840907,0.101792,0.302929,-9.905679098637208,-10.06022126318912,0.1410083459559612,0.1015572103964414,2.441293209443197,0.0,-1.0,-1.0,EDEN-GARDENS-KOLKATA,-1.0,,R,R,R,Punjab-Kings,Kolkata-Knight-Riders,Seam,1.0
1842,1,15,Punjab Kings,Marco Jansen,Andre Russell,,18,4,0,0,0,0,0,0,1,0,0,0,0,0,0,0,0,,,0,17.4,1,1,0,614987,10.5,64.0,0,0,,39,ANGLED IN,27,FORWARD PUSH,0,0,4,17,177,3,Middle stump,Yorker,0,0,3,0,0,0,0,0,82.82093374923076,-3.731280462527108,8.34050327480223,0.002116049808880444,1.929259959525204,,,,,,,0.9438812790999349,-0.2079501521080202,0.09565129696493876,45.14270975554284,Defended,Edged,None,0.500267028808594,0.476531982421875,2.749876,-0.020312,,,,,,,-8.278624,0.009756,0.076982,-8.841034,0.027309,0.079914,-10.15991485327948,-10.06025414142628,0.06559855463995291,0.0762502261504279,1.613225928548081,1.001930245795899,-1.0,-1.0,EDEN-GARDENS-KOLKATA,-1.0,,R,R,R,Punjab-Kings,Kolkata-Knight-Riders,Seam,1.0
1842,1,15,Punjab Kings,Marco Jansen,Andre Russell,,18,5,1,1,1,1,0,0,0,0,0,0,0,0,0,0,0,,,0,17.5,1,1,0,614988,-93.0,171.5,1,0,,38,STRAIGHT BALL,84,FRONTFOOT OFF DRIVE,0,0,5,17,178,3,Outside Off stump,Full Length,0,0,3,0,0,0,0,0,82.97889049287623,-4.281031575944693,8.3408113528054,-0.01932989993620857,1.927269464121191,,,,,,,7.491666724201707,0.1876222049270618,0.6637879740603505,90.8059756163464,Attacked,Played,None,0.508071899414062,0.4858474731445313,3.619367,-0.51728,,,,,,,-8.425734,-0.538362,0.278688,-8.840865,-0.542812,0.324078,-10.57109788910844,-10.06022287901271,-0.5559641012772599,0.4469437088705844,0.9300156858996832,0.8335337460684619,-1.0,-1.0,EDEN-GARDENS-KOLKATA,-1.0,,R,R,R,Punjab-Kings,Kolkata-Knight-Riders,Seam,1.0
1842,1,15,Punjab Kings,Shreyas Iyer,Andre Russell,,18,6,6,6,6,0,0,0,0,0,0,0,0,0,0,1,0,,,0,17.6,1,1,0,614989,101.5,209.0,6,0,,47,SLOWER BALL,58,BACKFOOT PULL SHOT,0,0,6,17,184,3,Outside Off stump,Short of Good Length,0,0,3,0,0,0,0,0,70.41807394666037,-9.535268487621,8.341046425549337,-0.3978421360732856,1.941750527027728,,,,,,,9.206002888104686,0.1710119594354657,0.5643441650161806,77.55042880888051,Attacked,Played,None,0.629631042480469,0.5920028686523438,9.612961,-0.575541,,,,,,,-8.290356,-0.547326,0.880599,-8.84096,-0.545278,0.904236,-14.93705680156116,-10.06017403978245,-0.5407094556652114,0.9389036741839507,-0.4199156314578134,1.574610928811265,-1.0,-1.0,EDEN-GARDENS-KOLKATA,-1.0,,R,R,R,Punjab-Kings,Kolkata-Knight-Riders,Seam,1.0
1842,1,15,Punjab Kings,Marco Jansen,Vaibhav Arora,,19,1,0,0,0,0,0,0,1,0,0,0,0,0,0,0,0,,,0,18.1,1,1,0,614990,101.5,209.0,0,0,,47.0,SLOWER BALL,15.0,LOFTED COVER DRIVE,0,0,1,18,184,3,Outside Off stump,Short of Good Length,1,0,3,0,0,0,0,0,83.45642115750972,-8.50868727984534,8.340412591706936,-0.6989287348653944,1.976969366397995,,,,,,,6.923353645806394,0.278007388632842,0.5300641519069417,61.70888392275705,Attacked,Missed,None,0.519298553466797,0.5516738891601562,7.50798,-0.690373,,,,,,,-999.9,-999.9,-999.9,-8.840932,-0.759626,0.595393,-11.79013392422411,-10.06004167209693,-0.7734651622068802,0.6529735441248123,-0.6584402877977001,-0.3177474194227892,-1.0,-1.0,EDEN-GARDENS-KOLKATA,-1.0,,R,R,R,Punjab-Kings,Kolkata-Knight-Riders,Seam,1.0
1842,1,15,Punjab Kings,Marco Jansen,Vaibhav Arora,,19,2,0,0,0,0,0,0,1,0,0,0,0,0,0,0,0,,,0,18.2,1,1,0,614991,101.5,209.0,0,0,,47,SLOWER BALL,15,LOFTED COVER DRIVE,0,0,2,18,184,3,Outside Off stump,Short of Good Length,0,0,3,0,0,0,0,0,78.14403982043137,-9.009775004548587,8.340871860576996,-0.9043689289630438,1.991545246963614,,,,,,,8.040273256227605,0.1987159883632055,0.5742736608988377,76.26945029850512,Attacked,Missed,None,0.562820434570312,0.5920028686523438,8.21256,-0.655301,,,,,,,-999.9,-999.9,-999.9,-8.840921,-0.588682,0.737915,-12.86711814895572,-10.06009415452318,-0.5766818859119791,0.7990103768752836,-0.7686881868675682,-0.4698745430537146,-1.0,-1.0,EDEN-GARDENS-KOLKATA,-1.0,,R,R,R,Punjab-Kings,Kolkata-Knight-Riders,Seam,1.0
1842,1,15,Punjab Kings,Marco Jansen,Vaibhav Arora,,19,3,0 WK,W,0,0,0,0,1,0,0,0,0,0,0,0,1,Caught,WICKET,1,18.3,1,1,0,614992,68.5,196.5,0,0,,38,STRAIGHT BALL,11,LOFTED ON DRIVE,0,0,3,18,184,4,Outside Off stump,Good Length,1,0,3,0,0,0,0,0,79.08592496873429,-8.656150962154593,8.340581632099315,-0.8980611376346658,2.008181935087388,,,,,,,8.531088447546402,0.2359501948568189,0.6101427915863995,77.92639925227805,None,None,None,0.558906555175781,0.5103492736816406,7.850311,-0.646175,,,,,,,-7.88447,-0.582315,0.699087,-8.840999,-0.57126,0.772903,-12.67306583100155,-10.06020653399841,-0.5570417852629185,0.8498245259400985,-0.9356062931499507,-0.2504916876933551,-1.0,-1.0,EDEN-GARDENS-KOLKATA,-1.0,,R,R,R,Punjab-Kings,Kolkata-Knight-Riders,Seam,1.0
1842,1,15,Punjab Kings,Josh Inglis,Vaibhav Arora,,19,4,4,4,4,0,0,0,0,0,0,0,0,0,1,0,0,,,0,18.4,1,1,0,614993,-59.5,-151.0,4,0,,38,STRAIGHT BALL,24,REVERSE SCOOP,0,0,4,18,188,4,Outside Off stump,Short of Good Length,2,0,3,0,0,0,0,0,77.3160863628547,-11.94413587695154,8.340894673301904,-0.9181431683830265,1.917059633820436,,,,,,,10.20785876165496,0.2195889262963963,0.5735560481304159,74.07451458992276,Attacked,Played,None,0.591316223144531,0.5643653869628906,10.795769,-0.765697,,,,,,,-8.502494,-0.547141,1.22894,-8.840936,-0.53881,1.252719,-15.81329825288408,-10.06017208500905,-0.5085971497208441,1.325754924621556,0.06179830516363343,0.1252389073512776,-1.0,-1.0,EDEN-GARDENS-KOLKATA,-1.0,,R,R,R,Punjab-Kings,Kolkata-Knight-Riders,Seam,1.0
1842,1,15,Punjab Kings,Josh Inglis,Vaibhav Arora,,19,5,1,1,1,1,0,0,0,0,0,0,0,0,0,0,0,,,0,18.5,1,1,0,614994,-94.0,27.0,1,0,,38,STRAIGHT BALL,27,FORWARD PUSH,0,0,5,18,189,4,Outside Off stump,Good Length,0,0,3,0,0,0,0,0,83.9671054425368,-7.169050967984247,8.341067554940537,-0.7874433334243883,1.968017351511296,,,,,,,6.965818411031744,0.200416846561572,0.5947581397680409,79.17203630904893,Attacked,Played,None,0.506847381591797,0.5058860778808594,6.158104,-1.078507,,,,,,,-8.977413,-1.173066,0.528134,-8.840995,-1.170475,0.51833,-10.91332594656804,-10.0603375188416,-1.193732753417499,0.5988607411928527,-0.3802913051036458,0.5130762657392431,-1.0,-1.0,EDEN-GARDENS-KOLKATA,-1.0,,R,R,R,Punjab-Kings,Kolkata-Knight-Riders,Seam,1.0
1842,1,15,Punjab Kings,Shreyas Iyer,Vaibhav Arora,,19,6,4,4,4,0,0,0,0,0,0,0,0,0,1,0,0,,,0,18.6,1,1,0,614995,-199.0,84.5,4,0,,38,STRAIGHT BALL,15,LOFTED COVER DRIVE,0,0,6,18,193,4,Outside Off stump,Short of Good Length,0,0,3,0,0,0,0,0,79.04489549491433,-8.306568035921893,8.340751588786045,-0.9967006055890314,1.986144481043412,,,,,,,8.224103936576423,0.2602298707832181,0.5877248786630009,72.13574472112832,Attacked,Played,None,0.554958343505859,0.5419692993164062,7.751857,-0.897216,,,,,,,-8.746401,-0.84125,0.721407,-8.840698,-0.840409,0.727621,-12.5839310575443,-10.05986462731656,-0.8294666703196425,0.7973254472882043,-0.3509303355407248,0.1327103470127089,-1.0,-1.0,EDEN-GARDENS-KOLKATA,-1.0,,R,R,R,Punjab-Kings,Kolkata-Knight-Riders,Seam,1.0
1842,1,15,Punjab Kings,Josh Inglis,Andre Russell,,20,1,1,1,1,1,0,0,0,0,0,0,0,0,0,0,0,,,0,19.1,1,1,0,614996,-93.0,48.0,1,0,,38,STRAIGHT BALL,51,FRONTFOOT COVERDRIVE,0,0,1,19,194,4,Off stump,Full Length,1,0,3,0,0,0,0,0,81.84758115874145,-3.835038172838833,8.34064459130547,-0.07735905696021028,1.956387920904037,,,,,,,5.789153853543836,0.0832443274272831,0.5413017631273307,82.87083172637129,Attacked,Played,None,0.506057739257812,0.4957809448242188,2.672291,-0.209745,,,,,,,-8.646716,-0.202289,0.160594,-8.840897,-0.201133,0.177676,-10.36493077879862,-10.05973989861736,-0.1938388043873102,0.276156463883749,1.372514439200563,0.09398180213125769,-1.0,-1.0,EDEN-GARDENS-KOLKATA,-1.0,,R,R,R,Punjab-Kings,Kolkata-Knight-Riders,Seam,1.0
1842,1,15,Punjab Kings,Shreyas Iyer,Andre Russell,,20,2,1,1,1,1,0,0,0,0,0,0,0,0,0,0,0,,,0,19.2,1,1,0,614997,-49.0,-59.5,1,0,,38,STRAIGHT BALL,99,SCOOP,0,0,2,19,195,4,Off stump,Full Length,0,0,3,0,0,0,0,0,84.03789548226293,-3.997517723106844,8.340424496173387,-0.3084790548209893,1.95968449769763,,,,,,,6.907446541911257,0.1135770490759139,0.6576983284156224,97.29704435475196,Attacked,Played,None,0.491363525390625,0.4809150695800781,2.484038,-0.070007,,,,,,,-8.579028,-0.039501,0.151204,-8.840473,-0.031512,0.180088,-10.09355343800858,-10.06035940014243,0.005969722510077491,0.306157925024879,1.375320654887096,0.1508905742949334,-1.0,-1.0,EDEN-GARDENS-KOLKATA,-1.0,,R,R,R,Punjab-Kings,Kolkata-Knight-Riders,Seam,1.0
1842,1,15,Punjab Kings,Josh Inglis,Andre Russell,,20,3,1,1,1,1,0,0,0,0,0,0,0,0,0,0,0,,,0,19.3,1,1,0,614998,-53.5,110.0,1,0,,39,ANGLED IN,21,STEP DOWN OFF DRIVE,0,0,3,19,196,4,Leg stump,Full Length,0,0,3,0,0,0,0,0,85.9668220775577,-5.646007920970832,8.340399658762927,-0.3738429916300927,1.94564638456861,,,,,,,5.87243706549828,0.1180719974725627,0.5421516844100985,79.51555291425852,Attacked,Played,None,0.495231628417969,0.4253997802734375,4.695814,-0.020699,,,,,,,-6.984605,0.060382,0.194472,-8.841096,0.154492,0.342849,-10.3884158062974,-10.06022496428159,0.217016408248274,0.4226514021552898,1.820066008684405,0.4172799885782285,-1.0,-1.0,EDEN-GARDENS-KOLKATA,-1.0,,R,R,R,Punjab-Kings,Kolkata-Knight-Riders,Seam,1.0
1842,1,15,Punjab Kings,Shreyas Iyer,Andre Russell,,20,4,1,1,1,1,0,0,0,0,0,0,0,0,0,0,0,,,0,19.4,1,1,0,614999,162.0,54.0,1,0,,39,ANGLED IN,18,SLOG SHOT,0,0,4,19,197,4,Off stump,Full Toss,0,0,3,0,0,0,0,0,84.02844064336541,-2.247309648836841,8.340474326596862,-0.4061290199540676,1.991916347895773,,,,,,,6.687334043192158,0.1769377133937614,0.650000000000001,89.80622866062401,Attacked,Played,None,0.498447418212891,0.4679946899414063,-0.9992070000000002,-0.001588,,,,,,,-8.298966,-0.090045,0.476903,-8.840669,-0.073594,0.39497,-9.723971552010331,-10.05975678315167,-0.03495950600871841,0.2020504554670966,1.429520435332154,0.0,-1.0,-1.0,EDEN-GARDENS-KOLKATA,-1.0,,R,R,R,Punjab-Kings,Kolkata-Knight-Riders,Seam,1.0
1842,1,15,Punjab Kings,Josh Inglis,Andre Russell,,20,5,4,4,4,0,0,0,0,0,0,0,0,0,1,0,0,,,0,19.5,1,1,0,615000,164.5,-71.5,4,0,,39,ANGLED IN,40,FRONTFOOT FLICK,0,0,5,19,201,4,Outside Leg stump,Yorker,0,1,4,0,0,0,1,0,84.35673325726299,-3.465179355578943,8.340559165064853,-0.2857062185078316,1.935099376511882,,,,,,,6.697983333912617,0.1767345316468798,0.6499999999999994,89.82654683531192,Attacked,Played,None,0.497909545898438,0.4684524536132813,0.8220100000000006,0.291165,,,,,,,-8.345637,0.251093,0.103653,-8.841166,0.273185,0.020999,-9.739299378201537,-10.06015223672837,0.3286844163876314,0.04673124335238584,1.384364367498933,-2.544443745170813e-14,-1.0,-1.0,EDEN-GARDENS-KOLKATA,-1.0,,R,R,R,Punjab-Kings,Kolkata-Knight-Riders,Seam,1.0
1842,1,15,Punjab Kings,Josh Inglis,Andre Russell,,20,6,0,0,0,0,0,0,1,0,0,0,0,0,0,0,0,,,0,19.6,1,1,0,615001,164.5,-71.5,0,0,,47,SLOWER BALL,18,SLOG SHOT,0,0,6,19,201,4,Outside Leg stump,Full Toss,0,0,4,0,0,0,0,0,83.50610093180764,-1.218623323439857,8.340443013531399,-0.3116497323666503,1.994274582042952,,,,,,,6.765584475176967,0.1748835435653137,0.6499999999999989,90.01164564346847,Attacked,Missed,None,0.489784240722656,0.5258216857910156,-2.770984,0.306009,,,,,,,-999.9,-999.9,-999.9,-8.840762,0.168139,0.674149,-9.836582351527069,-10.06025886965149,0.2090887074296633,0.4981105833548714,0.7304099103485682,0.0,-1.0,-1.0,EDEN-GARDENS-KOLKATA,-1.0,,R,R,R,Punjab-Kings,Kolkata-Knight-Riders,Seam,1.0
1842,2,16,Kolkata Knight Riders,Rahmanullah Gurbaz,Marco Jansen,,1,1,1 (WD),1,0,0,0,0,0,1,1,0,0,0,0,0,0,,,0,0.1,1,1,1,615002,,,1,0,,30,ANGLED ACROSS,105,LEFT ALONE,0,0,1,0,1,0,Outside Off stump,Short of Good Length,1,0,0,0,0,0,0,0,83.5587527044831,-8.238105989715596,8.340948811721713,0.4650204508626593,2.193728718968504,,,,,,,8.237817403973375,0.1476448124536181,0.6128374118323429,87.16113052948963,None,None,None,0.519493103027344,0.5459060668945312,6.577133,-0.639225,,,,,,,-999.9,-999.9,-999.9,-8.841034,-1.132552,0.669981,-12.62188184957346,-10.05965343119438,-1.247646736444102,0.7740627258652806,-0.8018411716144493,0.5961645203216709,-1.0,-1.0,EDEN-GARDENS-KOLKATA,-1.0,,R,R,L,Kolkata-Knight-Riders,Punjab-Kings,Seam,1.0
1842,2,16,Kolkata Knight Riders,Rahmanullah Gurbaz,Marco Jansen,,1,1,0,0,0,0,0,0,1,0,0,0,0,0,0,0,0,,,0,0.1,1,1,0,615003,,,0,0,,30,ANGLED ACROSS,105,LEFT ALONE,0,0,2,0,1,0,Outside Off stump,Short Length,0,0,0,0,0,0,0,0,85.33369343779654,-8.032029099692032,8.340470543887442,0.5205000103228014,2.228653071316332,,,,,,,8.842659623989949,0.1206454919596153,0.6595230833132577,96.86391330102713,None,None,None,0.505874633789062,0.5313606262207031,6.260102,-0.29436,,,,,,,-999.9,-999.9,-999.9,-8.840654,-0.565921,0.69549,-12.70318993959708,-10.06015612738055,-0.6332166979136673,0.821730586017581,0.24547347370897,0.6837887985152231,-1.0,-1.0,EDEN-GARDENS-KOLKATA,-1.0,,R,R,L,Kolkata-Knight-Riders,Punjab-Kings,Seam,1.0
1842,2,16,Kolkata Knight Riders,Rahmanullah Gurbaz,Marco Jansen,,1,2,1,1,1,1,0,0,0,0,0,0,0,0,0,0,0,,,0,0.2,1,1,0,615004,99.0,-27.0,1,0,,38,STRAIGHT BALL,54,LEG GLANCE,0,0,3,0,2,0,Outside Leg stump,Short of Good Length,0,0,0,0,0,0,0,0,83.06421434969457,-11.32031310851321,8.340604781407539,0.5230239237151629,2.209391995685142,,,,,,,9.79993112768026,0.1369732889158075,0.6462261381864011,93.2365918363794,Defended,Played,None,0.521141052246094,0.486053466796875,8.71284,0.104573,,,,,,,-8.247911,0.036985,1.001845,-8.840906,0.031004,1.064212,-14.15318854154051,-10.06010708147362,0.01861726804148067,1.180991446456922,1.881898506045593,0.9504417415010763,-1.0,-1.0,EDEN-GARDENS-KOLKATA,-1.0,,R,R,L,Kolkata-Knight-Riders,Punjab-Kings,Seam,1.0
1842,2,16,Kolkata Knight Riders,Sunil Narine,Marco Jansen,,1,3,0,0,0,0,0,0,1,0,0,0,0,0,0,0,0,,,0,0.3,1,1,0,615005,99.0,-27.0,0,0,,38,STRAIGHT BALL,105,LEFT ALONE,0,0,4,0,2,0,Outside Off stump,Short Length,0,0,0,0,0,0,0,0,84.50377556275868,-17.92299659052149,8.3410844099962,0.5362496677095178,2.152096631012696,,,,,,,11.43421148960077,0.1358373856315517,0.4918515572268794,70.19399502087674,None,None,None,0.545425415039062,0.5709114074707031,12.368547,0.392797,,,,,,,-999.9,-999.9,-999.9,-8.841,0.372726,1.755262,-20.79262832539493,-10.06000644504432,0.3704173154967827,1.871364582451997,-0.3145940017709189,1.424218270633805,-1.0,-1.0,EDEN-GARDENS-KOLKATA,-1.0,,R,R,L,Kolkata-Knight-Riders,Punjab-Kings,Seam,1.0
1842,2,16,Kolkata Knight Riders,Sunil Narine,Marco Jansen,,1,4,4,4,4,0,0,0,0,0,0,0,0,0,1,0,0,,,0,0.4,1,1,0,615006,-202.5,80.5,4,0,,39,ANGLED IN,18,SLOG SHOT,0,0,5,0,6,0,Outside Off stump,Short of Good Length,0,0,0,0,0,0,0,0,84.44267452002684,-9.485524719857821,8.340391701597845,0.5539373267126345,2.247262616027075,,,,,,,7.608858783096418,0.1674822960831139,0.5330809929519585,73.2139193344824,Attacked,Played,None,0.507659912109375,0.46435546875,7.311012,0.074411,,,,,,,-7.829369,-0.100378,0.588045,-8.840618,-0.136007,0.669356,-13.25548031001933,-10.06027874419529,-0.1793613792528757,0.7533895252414269,-0.3431854050108651,0.7210305801541604,-1.0,-1.0,EDEN-GARDENS-KOLKATA,-1.0,,R,R,L,Kolkata-Knight-Riders,Punjab-Kings,Seam,1.0
1842,2,16,Kolkata Knight Riders,Sunil Narine,Marco Jansen,,1,5,1 (LB),1,0,0,0,0,1,1,0,0,0,1,0,0,0,,,0,0.5,1,1,1,615007,-202.5,80.5,1,0,,39,ANGLED IN,18,SLOG SHOT,0,0,6,0,7,0,Outside Off stump,Short of Good Length,0,0,0,0,0,0,0,0,83.78951278528004,-9.850655034557516,8.340432668258465,0.5988554757898021,2.245673013610138,,,,,,,9.277533128169084,0.2080938591486401,0.6303403139732313,83.74166118112069,Attacked,Missed,None,0.520008087158203,0.4928054809570313,7.542526,0.132208,,,,,,,-8.470472,-0.243306,0.824532,-8.840997,-0.267277,0.862448,-13.38945323433316,-10.05967849873441,-0.3466370594283938,0.9766516386985108,-0.2735182576064521,-0.9235965446488464,-1.0,-1.0,EDEN-GARDENS-KOLKATA,-1.0,,R,R,L,Kolkata-Knight-Riders,Punjab-Kings,Seam,1.0
1842,2,16,Kolkata Knight Riders,Rahmanullah Gurbaz,Marco Jansen,,1,6,0,0,0,0,0,0,1,0,0,0,0,0,0,0,0,,,0,0.6,1,1,0,615008,-9.0,56.0,0,0,,38,STRAIGHT BALL,50,BACKFOOT DEFENCE,0,0,7,0,7,0,Outside Leg stump,Short Length,0,0,0,0,0,0,0,0,,,,,,,,,,,,,,,,,,,,,,,,,,,,,,,,,,,,,,,,,,,,,,,,,,,,
