gid,match_id,match_name,class_name,start_date,balls,pitchmap_balls,beehive_balls,wagon_balls,catch_map_balls,has_tracking,match_status,path
3ab0e504-08f8-456a-8dce-e5351f6cc94b,221803,"India Women v South Africa Women at Bengaluru, 1st ODI, 16 Jun 2024",Women's ODI,2024-06-16,534,0,0,227,9,False,,
caf4d990-d789-4411-aa5a-6ae57b738c7c,221807,"India Women v South Africa Women at Chennai, 1st T20I, 5 Jul 2024",Women's T20I,2024-07-05,252,0,0,150,3,False,,
8d4b0f9f-3c08-42d1-9ec7-8ec40b5217e7,243616,"Sri Lanka XI v India at Colombo, 7-9 Aug 2026",Minor two-innings,2026-08-07,1627,0,0,558,15,False,,
5b34d2f9-f3ad-4374-8335-2d04887afce4,242258,"Sri Lanka Under-19s v India Under-19s at Galle, 2nd Test, 20-23 Jul 2026",Youth Test,2026-07-20,1665,0,0,0,0,False,,
16eecc7d-c069-46e1-b626-926101ff74b8,242257,"Sri Lanka Under-19s v India Under-19s at Galle, 1st Test, 13-16 Jul 2026",Youth Test,2026-07-13,1940,0,0,0,0,False,,
c113f876-1342-4bd1-944a-d047c2abcbd6,242256,"Sri Lanka Under-19s v India Under-19s at Hambantota, 3rd ODI, 9 Jul 2026",Youth ODI,2026-07-09,628,0,0,0,0,False,,
647ccff1-7951-4f79-84d2-af4e080b9719,242255,"Sri Lanka Under-19s v India Under-19s at Hambantota, 2nd ODI, 6 Jul 2026",Youth ODI,2026-07-06,587,0,0,0,0,False,,
82f1cc7c-5d46-40fc-b825-b034f242cb8c,239668,"India Under-19s Women v Sri Lanka U19 Women at Puducherry, 3rd ODI, 5 Jul 2026",Women's youth one-day,2026-07-05,411,0,0,0,0,False,,
28d6cb28-2e39-45a4-9dd8-1c9d33e78115,233794,"England A Women v India A Women at Taunton, 4 Jul 2026",Women's one-day,2026-07-04,582,0,0,303,12,False,complete,
57afb16e-9286-4887-8d0f-fdda7efa2f52,229345,"England v India at Manchester, 2nd T20I, 4 Jul 2026",Twenty20 international,2026-07-04,246,245,237,159,7,True,complete,
ebe6fccf-2f38-42db-900a-fd26eb858eaa,242254,"Sri Lanka Under-19s v India Under-19s at Hambantota, 1st ODI, 4 Jul 2026",Youth ODI,2026-07-04,620,0,0,0,0,False,complete,
3ddbaf0c-99e9-4d47-ae62-9f1d06c28e99,239667,"India Under-19s Women v Sri Lanka U19 Women at Puducherry, 2nd ODI, 3 Jul 2026",Women's youth one-day,2026-07-03,562,0,0,0,0,False,complete,
47a27f36-a3ec-4dd1-8525-b5a1c182214d,228888,"England Women v South Africa Women at The Oval, ICC Women's T20 World Cup, Semi-Final, 2 Jul 2026",Women's T20I,2026-07-02,245,244,240,148,8,True,complete,
167a188b-2a0c-4803-a2e2-c3d9abca620b,226042,"Baroda v Kerala at Hyderabad, Vijay Hazare Trophy, 23 Dec 2024",List A one-day,2024-12-23,593,0,0,0,0,False,complete,ODI/men_domestic/167a188b-2a0c-4803-a2e2-c3d9abca620b.csv
c7837fe9-b3d5-4245-afff-32ea1b73e5b1,227544,"Australia v India at Perth, 1st ODI, 19 Oct 2025",One-day international,2025-10-19,293,291,282,123,9,True,complete,ODI/men_international/c7837fe9-b3d5-4245-afff-32ea1b73e5b1.csv
e6e488ba-91f5-4435-8932-6fa585227194,225432,"England Under-19s v India Under-19s at Hove, 1st ODI, 27 Jun 2025",Youth ODI,2025-06-27,409,0,0,160,9,False,complete,ODI/men_youth/e6e488ba-91f5-4435-8932-6fa585227194.csv
800c9fb3-bd99-4f92-81ff-581a6753ae59,228594,"ECB Women's Select XI v India Women at Beckenham, 24 Jun 2025",Women's minor one-day,2025-06-24,620,0,0,345,7,False,complete,ODI/women_domestic/800c9fb3-bd99-4f92-81ff-581a6753ae59.csv
a62fc63a-1163-4615-a4c6-a833b435b497,229344,"England v India at Chester-le-Street, 1st T20I, 1 Jul 2026",Twenty20 international,2026-07-01,122,120,120,90,2,True,complete,T20/men_international/a62fc63a-1163-4615-a4c6-a833b435b497.csv
7f55920d-9090-409a-8bf8-74514cc171b5,228887,"Australia Women v West Indies Women at The Oval, ICC Women's T20 World Cup, Semi-Final, 30 Jun 2026",Women's T20I,2026-06-30,206,206,199,122,6,True,complete,T20/women_international/7f55920d-9090-409a-8bf8-74514cc171b5.csv
2384c3de-60af-4366-b2f8-0e3080b87a09,228886,"Australia Women v India Women at Lord's, ICC Women's T20 World Cup, 28 Jun 2026",Women's T20I,2026-06-28,241,238,235,160,4,True,complete,T20/women_international/2384c3de-60af-4366-b2f8-0e3080b87a09.csv
5fdf8574-ecf1-4164-a0f1-3abb80adf9f5,228885,"South Africa Women v Bangladesh Women at Lord's, ICC Women's T20 World Cup, 28 Jun 2026",Women's T20I,2026-06-28,243,241,235,127,4,True,complete,T20/women_international/5fdf8574-ecf1-4164-a0f1-3abb80adf9f5.csv
bda9818d-90ae-4cb7-a439-6ff02520b1c1,237183,"Ireland v India at Belfast, 2nd T20I, 28 Jun 2026",Twenty20 international,2026-06-28,249,248,242,158,13,True,complete,T20/men_international/bda9818d-90ae-4cb7-a439-6ff02520b1c1.csv
c10a51e6-9d5d-4372-91f9-b44df707d794,228884,"England Women v New Zealand Women at The Oval, ICC Women's T20 World Cup, 27 Jun 2026",Women's T20I,2026-06-27,230,228,224,137,2,True,complete,T20/women_international/c10a51e6-9d5d-4372-91f9-b44df707d794.csv
3926da2b-1f08-46c2-95dd-47da8bc4eda7,228883,"West Indies Women v Ireland Women at Bristol, ICC Women's T20 World Cup, 27 Jun 2026",Women's T20I,2026-06-27,241,241,231,121,10,True,complete,T20/women_international/3926da2b-1f08-46c2-95dd-47da8bc4eda7.csv
661bcb2f-43d7-4f99-b332-db1eba2e8044,228882,"Pakistan Women v Netherlands Women at Bristol, ICC Women's T20 World Cup, 27 Jun 2026",Women's T20I,2026-06-27,231,229,228,120,6,True,complete,T20/women_international/661bcb2f-43d7-4f99-b332-db1eba2e8044.csv
4fd0d4cb-6db7-4a60-9a44-2bc3a99e0587,228881,"Sri Lanka Women v Scotland Women at Manchester, ICC Women's T20 World Cup, 26 Jun 2026",Women's T20I,2026-06-26,250,248,239,143,7,True,complete,T20/women_international/4fd0d4cb-6db7-4a60-9a44-2bc3a99e0587.csv
243b2b24-5b5f-4c17-aa6c-e7c0d1ba25ea,237182,"Ireland v India at Belfast, 1st T20I, 26 Jun 2026",Twenty20 international,2026-06-26,247,246,235,141,14,True,complete,T20/men_international/243b2b24-5b5f-4c17-aa6c-e7c0d1ba25ea.csv
39d3f50a-280a-4eeb-a431-346a5e04d9c5,228879,"India Women v Bangladesh Women at Manchester, ICC Women's T20 World Cup, 25 Jun 2026",Women's T20I,2026-06-25,232,231,224,137,7,True,complete,T20/women_international/39d3f50a-280a-4eeb-a431-346a5e04d9c5.csv
18e78ef0-79a6-4d88-9d4b-e169d4b0390f,228880,"South Africa Women v Netherlands Women at Bristol, ICC Women's T20 World Cup, 25 Jun 2026",Women's T20I,2026-06-25,245,244,241,152,3,True,complete,T20/women_international/18e78ef0-79a6-4d88-9d4b-e169d4b0390f.csv
652c44b5-c4ea-4925-9d3a-bb7428e4d6c0,228878,"England Women v West Indies Women at Lord's, ICC Women's T20 World Cup, 24 Jun 2026",Women's T20I,2026-06-24,253,250,241,150,6,True,complete,T20/women_international/652c44b5-c4ea-4925-9d3a-bb7428e4d6c0.csv
e5b31b2d-03a5-43fb-9394-ab46ea9896be,228877,"Australia Women v Pakistan Women at Leeds, ICC Women's T20 World Cup, 23 Jun 2026",Women's T20I,2026-06-23,215,212,202,116,11,True,complete,T20/women_international/e5b31b2d-03a5-43fb-9394-ab46ea9896be.csv
19e58731-d0ed-48f2-b9a3-96a741ea8468,228876,"Sri Lanka Women v Ireland Women at Bristol, ICC Women's T20 World Cup, 23 Jun 2026",Women's T20I,2026-06-23,221,219,213,120,2,True,complete,T20/women_international/19e58731-d0ed-48f2-b9a3-96a741ea8468.csv
300ec019-ef7d-4e6e-8816-403f4cd48625,228875,"New Zealand Women v Scotland Women at Bristol, ICC Women's T20 World Cup, 23 Jun 2026",Women's T20I,2026-06-23,238,237,230,132,6,True,complete,T20/women_international/300ec019-ef7d-4e6e-8816-403f4cd48625.csv
28f5ba47-0d0b-4e71-9fca-3b8e438fbbd9,228874,"South Africa Women v India Women at Manchester, ICC Women's T20 World Cup, 21 Jun 2026",Women's T20I,2026-06-21,238,237,234,152,5,True,complete,T20/women_international/28f5ba47-0d0b-4e71-9fca-3b8e438fbbd9.csv
39bc7b85-dc19-45b4-b9f0-ea7976c0398b,228873,"West Indies Women v Sri Lanka Women at Bristol, ICC Women's T20 World Cup, 21 Jun 2026",Women's T20I,2026-06-21,230,228,218,99,8,True,complete,T20/women_international/39bc7b85-dc19-45b4-b9f0-ea7976c0398b.csv
50dc896c-4055-4f0a-8e30-8d2a41246a94,237071,"India v Afghanistan at Chennai, 3rd ODI, 20 Jun 2026",One-day international,2026-06-20,455,0,0,193,8,False,complete,ODI/men_international/50dc896c-4055-4f0a-8e30-8d2a41246a94.csv
ae8d59e2-4b13-465d-83b8-e6b7f3050bff,228871,"Pakistan Women v Bangladesh Women at Southampton, ICC Women's T20 World Cup, 20 Jun 2026",Women's T20I,2026-06-20,245,245,240,125,8,True,complete,T20/women_international/ae8d59e2-4b13-465d-83b8-e6b7f3050bff.csv
1bbd7fa7-abd2-4432-b5f5-dfc370fd79e5,228870,"Australia Women v Netherlands Women at Southampton, ICC Women's T20 World Cup, 20 Jun 2026",Women's T20I,2026-06-20,247,247,241,154,6,True,complete,T20/women_international/1bbd7fa7-abd2-4432-b5f5-dfc370fd79e5.csv
b1c34126-a521-418d-b5ba-239ea7d4aef6,228872,"England Women v Scotland Women at Leeds, ICC Women's T20 World Cup, 20 Jun 2026",Women's T20I,2026-06-20,244,243,240,169,7,True,complete,T20/women_international/b1c34126-a521-418d-b5ba-239ea7d4aef6.csv
69a74884-d766-4239-b3bc-2e65c57d4601,228869,"New Zealand Women v Ireland Women at Southampton, ICC Women's T20 World Cup, 19 Jun 2026",Women's T20I,2026-06-19,247,247,240,154,7,True,complete,T20/women_international/69a74884-d766-4239-b3bc-2e65c57d4601.csv
22243dc3-5c88-4cb6-9138-86055855d4b6,228868,"West Indies Women v Scotland Women at Leeds, ICC Women's T20 World Cup, 18 Jun 2026",Women's T20I,2026-06-18,253,251,243,146,6,True,complete,T20/women_international/22243dc3-5c88-4cb6-9138-86055855d4b6.csv
e091d0bf-d873-452c-a007-37cb4dad0127,237070,"India v Afghanistan at Lucknow, 2nd ODI, 17 Jun 2026",One-day international,2026-06-17,577,0,0,303,13,False,complete,ODI/men_international/e091d0bf-d873-452c-a007-37cb4dad0127.csv
509d9547-8f93-4485-874d-0f5f6318884d,228867,"South Africa Women v Pakistan Women at Birmingham, ICC Women's T20 World Cup, 17 Jun 2026",Women's T20I,2026-06-17,228,224,222,116,4,True,complete,T20/women_international/509d9547-8f93-4485-874d-0f5f6318884d.csv
2d95f5ca-44bc-468b-855c-c5e97d51d18f,228866,"India Women v Netherlands Women at Leeds, ICC Women's T20 World Cup, 17 Jun 2026",Women's T20I,2026-06-17,245,245,226,142,10,True,complete,T20/women_international/2d95f5ca-44bc-468b-855c-c5e97d51d18f.csv
092a290e-e6b5-4a85-ab60-e147ae1ebb46,228865,"Australia Women v Bangladesh Women at Leeds, ICC Women's T20 World Cup, 17 Jun 2026",Women's T20I,2026-06-17,183,183,177,81,3,True,complete,T20/women_international/092a290e-e6b5-4a85-ab60-e147ae1ebb46.csv
4d38a86e-7bbf-4de1-bcaa-8d40945bc9c0,228864,"England Women v Ireland Women at Southampton, ICC Women's T20 World Cup, 16 Jun 2026",Women's T20I,2026-06-16,232,231,225,125,7,True,complete,T20/women_international/4d38a86e-7bbf-4de1-bcaa-8d40945bc9c0.csv
fcb01b93-3623-4bee-8c05-da78a47c2fd9,228863,"New Zealand Women v Sri Lanka Women at Southampton, ICC Women's T20 World Cup, 16 Jun 2026",Women's T20I,2026-06-16,247,245,238,160,7,True,complete,T20/women_international/fcb01b93-3623-4bee-8c05-da78a47c2fd9.csv
50c76332-f16c-45ef-9765-cbffdcbb1a40,228861,"Bangladesh Women v Netherlands Women at Birmingham, ICC Women's T20 World Cup, 14 Jun 2026",Women's T20I,2026-06-14,243,240,236,146,5,True,complete,T20/women_international/50c76332-f16c-45ef-9765-cbffdcbb1a40.csv
f026d593-1406-4537-aa32-efb019fa0530,228862,"India Women v Pakistan Women at Birmingham, ICC Women's T20 World Cup, 14 Jun 2026",Women's T20I,2026-06-14,233,232,223,132,13,True,complete,T20/women_international/f026d593-1406-4537-aa32-efb019fa0530.csv
d10fb922-2aad-4050-9342-739a9ae27ca2,228858,"Scotland Women v Ireland Women at Manchester, ICC Women's T20 World Cup, 13 Jun 2026",Women's T20I,2026-06-13,247,245,235,142,7,True,complete,T20/women_international/d10fb922-2aad-4050-9342-739a9ae27ca2.csv
735d1470-22e7-4a7e-8a2e-ea41d70d52aa,237069,"India v Afghanistan at Dharamsala, 1st ODI, 13 Jun 2026",One-day international,2026-06-13,295,0,0,152,7,False,complete,ODI/men_international/735d1470-22e7-4a7e-8a2e-ea41d70d52aa.csv
6cb436c0-2b98-48c4-900d-ed6e458f1f06,228860,"West Indies Women v New Zealand Women at Southampton, ICC Women's T20 World Cup, 13 Jun 2026",Women's T20I,2026-06-13,247,246,240,148,8,True,complete,T20/women_international/6cb436c0-2b98-48c4-900d-ed6e458f1f06.csv
043761a0-9e96-4b82-a8b9-4807e587e7f1,228859,"Australia Women v South Africa Women at Manchester, ICC Women's T20 World Cup, 13 Jun 2026",Women's T20I,2026-06-13,227,226,220,132,11,True,complete,T20/women_international/043761a0-9e96-4b82-a8b9-4807e587e7f1.csv
6babfcee-6859-499e-ad64-610e64f26c88,228857,"England Women v Sri Lanka Women at Birmingham, ICC Women's T20 World Cup, 12 Jun 2026",Women's T20I,2026-06-12,254,254,242,165,6,True,complete,T20/women_international/6babfcee-6859-499e-ad64-610e64f26c88.csv
0e966904-9653-4b3f-937c-90f01e42d0e2,237068,"India v Afghanistan at New Chandigarh, Only Test, 6-10 Jun 2026",Test,2026-06-06,1339,0,0,379,17,False,complete,Test/men_international/0e966904-9653-4b3f-937c-90f01e42d0e2.csv
e7d8ad6c-e13d-47dc-a460-82b42c1cf593,229339,"England Women v India Women at Taunton, 3rd T20I, 2 Jun 2026",Women's T20I,2026-06-02,242,241,231,175,5,True,complete,T20/women_international/e7d8ad6c-e13d-47dc-a460-82b42c1cf593.csv
94decfd5-d2ac-4a7f-8cec-2e610e4d1822,229338,"England Women v India Women at Bristol, 2nd T20I, 30 May 2026",Women's T20I,2026-05-30,246,245,240,158,7,True,complete,T20/women_international/94decfd5-d2ac-4a7f-8cec-2e610e4d1822.csv
1538c4b1-2fae-4787-8674-8cdb5248615f,229337,"England Women v India Women at Chelmsford, 1st T20I, 28 May 2026",Women's T20I,2026-05-28,248,246,240,151,8,True,complete,T20/women_international/1538c4b1-2fae-4787-8674-8cdb5248615f.csv
3132a500-8b3c-4466-96fa-6abd5ccdefd4,235977,"South Africa Women v India Women at Benoni, 5th T20I, 27 Apr 2026",Women's T20I,2026-04-27,246,0,0,140,6,False,complete,T20/women_international/3132a500-8b3c-4466-96fa-6abd5ccdefd4.csv
34713ca9-6ee5-4723-9f06-01ec09f51441,235976,"South Africa Women v India Women at Johannesburg, 4th T20I, 25 Apr 2026",Women's T20I,2026-04-25,247,0,0,150,5,False,complete,T20/women_international/34713ca9-6ee5-4723-9f06-01ec09f51441.csv
74abbe08-6646-47ef-8e64-e5fd0dabefb9,235975,"South Africa Women v India Women at Johannesburg, 3rd T20I, 22 Apr 2026",Women's T20I,2026-04-22,229,0,0,158,4,False,complete,T20/women_international/74abbe08-6646-47ef-8e64-e5fd0dabefb9.csv
e1b727f9-e019-49d9-a5dd-266e1c160e1c,235974,"South Africa Women v India Women at Durban, 2nd T20I, 19 Apr 2026",Women's T20I,2026-04-19,234,0,0,145,8,False,complete,T20/women_international/e1b727f9-e019-49d9-a5dd-266e1c160e1c.csv
2280575e-a7ed-440f-9744-d0d49674dd79,235973,"South Africa Women v India Women at Durban, 1st T20I, 17 Apr 2026",Women's T20I,2026-04-17,245,0,0,156,6,False,complete,T20/women_international/2280575e-a7ed-440f-9744-d0d49674dd79.csv
7ac32c77-a7ae-468b-aa34-af87eaad0bb0,233461,"India v New Zealand at Ahmedabad, ICC Men's T20 World Cup, Final, 8 Mar 2026",Twenty20 international,2026-03-08,249,247,234,160,10,True,complete,T20/men_international/7ac32c77-a7ae-468b-aa34-af87eaad0bb0.csv
14621ff1-d8c1-4c18-b495-ec81ddf9b74f,227558,"Australia Women v India Women at Perth, Only Test, 6-9 Mar 2026",Women's Test,2026-03-06,1245,0,0,318,21,False,complete,Test/women_international/14621ff1-d8c1-4c18-b495-ec81ddf9b74f.csv
c5677298-f888-4c23-8ed8-4a3566086e5c,233460,"England v India at Mumbai, ICC Men's T20 World Cup, Semi-Final, 5 Mar 2026",Twenty20 international,2026-03-05,259,253,239,172,7,True,complete,T20/men_international/c5677298-f888-4c23-8ed8-4a3566086e5c.csv
3a4f725f-f333-4643-b686-57cac2395314,233459,"South Africa v New Zealand at Kolkata, ICC Men's T20 World Cup, Semi-Final, 4 Mar 2026",Twenty20 international,2026-03-04,206,206,198,131,6,True,complete,T20/men_international/3a4f725f-f333-4643-b686-57cac2395314.csv
581cbc64-e58f-484b-a98c-61039162c7e6,233458,"India v West Indies at Kolkata, ICC Men's T20 World Cup, 1 Mar 2026",Twenty20 international,2026-03-01,249,247,236,160,8,True,complete,T20/men_international/581cbc64-e58f-484b-a98c-61039162c7e6.csv
b4a529c6-41f9-45c2-a9c8-087ed062db1d,227557,"Australia Women v India Women at Hobart, 3rd ODI, 1 Mar 2026",Women's ODI,2026-03-01,579,0,0,301,7,False,complete,ODI/women_international/b4a529c6-41f9-45c2-a9c8-087ed062db1d.csv
bbcd5884-dd98-4bc2-9155-07c4160c943e,233457,"Zimbabwe v South Africa at Delhi, ICC Men's T20 World Cup, 1 Mar 2026",Twenty20 international,2026-03-01,235,235,229,135,7,True,complete,T20/men_international/bbcd5884-dd98-4bc2-9155-07c4160c943e.csv
ea747684-8fd3-43bb-b135-99ee3af846ca,233456,"Pakistan v Sri Lanka at Pallekele, ICC Men's T20 World Cup, 28 Feb 2026",Twenty20 international,2026-02-28,249,247,240,168,6,True,complete,T20/men_international/ea747684-8fd3-43bb-b135-99ee3af846ca.csv
4f54a51c-9fdf-4439-a108-35b1d819ad6d,227556,"Australia Women v India Women at Hobart, 2nd ODI, 27 Feb 2026",Women's ODI,2026-02-27,530,0,0,266,8,False,complete,ODI/women_international/4f54a51c-9fdf-4439-a108-35b1d819ad6d.csv
ec4c1d8f-68c3-4f82-9668-c21c7f6ff818,233455,"England v New Zealand at Colombo (RPS), ICC Men's T20 World Cup, 27 Feb 2026",Twenty20 international,2026-02-27,240,240,237,142,9,True,complete,T20/men_international/ec4c1d8f-68c3-4f82-9668-c21c7f6ff818.csv
e666084b-d64d-445d-9157-dbf708a6a38c,233453,"West Indies v South Africa at Ahmedabad, ICC Men's T20 World Cup, 26 Feb 2026",Twenty20 international,2026-02-26,222,221,218,139,7,True,complete,T20/men_international/e666084b-d64d-445d-9157-dbf708a6a38c.csv
2482a698-215b-4a13-9303-a4fdb4872b9e,233454,"India v Zimbabwe at Chennai, ICC Men's T20 World Cup, 26 Feb 2026",Twenty20 international,2026-02-26,257,255,243,167,8,True,complete,T20/men_international/2482a698-215b-4a13-9303-a4fdb4872b9e.csv
84b6ce17-961e-4870-9f98-0b0aa481e8aa,233452,"New Zealand v Sri Lanka at Colombo (RPS), ICC Men's T20 World Cup, 25 Feb 2026",Twenty20 international,2026-02-25,248,247,240,140,9,True,complete,T20/men_international/84b6ce17-961e-4870-9f98-0b0aa481e8aa.csv
1707254a-1946-47b8-ace3-f613941736d5,233451,"England v Pakistan at Pallekele, ICC Men's T20 World Cup, 24 Feb 2026",Twenty20 international,2026-02-24,242,241,236,149,8,True,complete,T20/men_international/1707254a-1946-47b8-ace3-f613941736d5.csv
5a68266e-f60d-4d2b-818b-6dda92d5d884,227555,"Australia Women v India Women at Brisbane, 1st ODI, 24 Feb 2026",Women's ODI,2026-02-24,534,0,0,239,9,False,complete,ODI/women_international/5a68266e-f60d-4d2b-818b-6dda92d5d884.csv
7c95a525-d692-4c1a-ad82-3f604bc9dc44,233450,"Zimbabwe v West Indies at Mumbai, ICC Men's T20 World Cup, 23 Feb 2026",Twenty20 international,2026-02-23,242,241,226,131,12,True,complete,T20/men_international/7c95a525-d692-4c1a-ad82-3f604bc9dc44.csv
849f1c90-3988-4ee8-b5ba-8a973bb1b929,233448,"England v Sri Lanka at Pallekele, ICC Men's T20 World Cup, 22 Feb 2026",Twenty20 international,2026-02-22,225,224,220,121,13,True,complete,T20/men_international/849f1c90-3988-4ee8-b5ba-8a973bb1b929.csv
c2362d8c-07f8-4fd5-92b3-ff8ccf3c5d67,233449,"India v South Africa at Ahmedabad, ICC Men's T20 World Cup, 22 Feb 2026",Twenty20 international,2026-02-22,245,245,235,137,16,True,complete,T20/men_international/c2362d8c-07f8-4fd5-92b3-ff8ccf3c5d67.csv
81e78c1d-6261-4e24-b855-af329813de69,227554,"Australia Women v India Women at Adelaide, 3rd T20I, 21 Feb 2026",Women's T20I,2026-02-21,250,0,0,163,9,False,complete,T20/women_international/81e78c1d-6261-4e24-b855-af329813de69.csv
a2b49470-c995-4fb7-9077-5c6e66c85958,233446,"Australia v Oman at Pallekele, ICC Men's T20 World Cup, 20 Feb 2026",Twenty20 international,2026-02-20,158,158,156,93,3,True,complete,T20/men_international/a2b49470-c995-4fb7-9077-5c6e66c85958.csv
4abed850-552d-44c5-b95b-edddae77a57e,233444,"Sri Lanka v Zimbabwe at Colombo (RPS), ICC Men's T20 World Cup, 19 Feb 2026",Twenty20 international,2026-02-19,247,246,238,163,10,True,complete,T20/men_international/4abed850-552d-44c5-b95b-edddae77a57e.csv
e8904a86-5a63-46f6-9290-4a3a4ffcee99,227553,"Australia Women v India Women at Canberra, 2nd T20I, 19 Feb 2026",Women's T20I,2026-02-19,246,0,0,155,7,False,complete,T20/women_international/e8904a86-5a63-46f6-9290-4a3a4ffcee99.csv
50d589f3-1bcd-421e-a19e-ce5a3dce7d10,233443,"West Indies v Italy at Kolkata, ICC Men's T20 World Cup, 19 Feb 2026",Twenty20 international,2026-02-19,236,236,228,132,13,True,complete,T20/men_international/50d589f3-1bcd-421e-a19e-ce5a3dce7d10.csv
0ffe7e30-c505-437d-9a43-8fccd8f12e41,233445,"Afghanistan v Canada at Chennai, ICC Men's T20 World Cup, 19 Feb 2026",Twenty20 international,2026-02-19,247,247,241,142,8,True,complete,T20/men_international/0ffe7e30-c505-437d-9a43-8fccd8f12e41.csv
27f521c2-4013-4659-af32-50ebde324e78,233442,"India v Netherlands at Ahmedabad, ICC Men's T20 World Cup, 18 Feb 2026",Twenty20 international,2026-02-18,251,251,240,157,8,True,complete,T20/men_international/27f521c2-4013-4659-af32-50ebde324e78.csv
fc8bf9e5-dc36-4f4f-8c1b-0fe0cd6ba1a9,233441,"Pakistan v Namibia at Colombo (SSC), ICC Men's T20 World Cup, 18 Feb 2026",Twenty20 international,2026-02-18,233,232,225,131,8,True,complete,T20/men_international/fc8bf9e5-dc36-4f4f-8c1b-0fe0cd6ba1a9.csv
1158b8de-bb27-487c-b387-7f31e9531b9a,233440,"South Africa v United Arab Emirates at Delhi, ICC Men's T20 World Cup, 18 Feb 2026",Twenty20 international,2026-02-18,206,206,200,114,8,True,complete,T20/men_international/1158b8de-bb27-487c-b387-7f31e9531b9a.csv
423f8806-ac77-4ccb-ad38-267076064673,233439,"Scotland v Nepal at Mumbai, ICC Men's T20 World Cup, 17 Feb 2026",Twenty20 international,2026-02-17,241,241,236,157,7,True,complete,T20/men_international/423f8806-ac77-4ccb-ad38-267076064673.csv
1adea1b5-5fe0-4464-bc50-3b394c48a154,233437,"New Zealand v Canada at Chennai, ICC Men's T20 World Cup, 17 Feb 2026",Twenty20 international,2026-02-17,225,225,213,147,5,True,complete,T20/men_international/1adea1b5-5fe0-4464-bc50-3b394c48a154.csv
506484c9-6f3a-44e4-b85d-fca45e594aad,233434,"Afghanistan v United Arab Emirates at Delhi, ICC Men's T20 World Cup, 16 Feb 2026",Twenty20 international,2026-02-16,246,243,238,146,7,True,complete,T20/men_international/506484c9-6f3a-44e4-b85d-fca45e594aad.csv
6d21f6c0-6514-45cf-a2aa-6d0774cc7794,233436,"Australia v Sri Lanka at Pallekele, ICC Men's T20 World Cup, 16 Feb 2026",Twenty20 international,2026-02-16,236,234,229,153,8,True,complete,T20/men_international/6d21f6c0-6514-45cf-a2aa-6d0774cc7794.csv
f8b8dc88-d10b-436a-b321-25325b34c3db,233435,"England v Italy at Kolkata, ICC Men's T20 World Cup, 16 Feb 2026",Twenty20 international,2026-02-16,250,250,240,151,16,True,complete,T20/men_international/f8b8dc88-d10b-436a-b321-25325b34c3db.csv
4ccc8665-2947-4964-8b32-6729f6f7eace,233433,"India v Pakistan at Colombo (RPS), ICC Men's T20 World Cup, 15 Feb 2026",Twenty20 international,2026-02-15,232,231,228,130,9,True,complete,T20/men_international/4ccc8665-2947-4964-8b32-6729f6f7eace.csv
5adddbd9-cc97-41cc-bb03-21b4c028c6e3,233432,"United States of America v Namibia at Chennai, ICC Men's T20 World Cup, 15 Feb 2026",Twenty20 international,2026-02-15,247,246,241,173,9,True,complete,T20/men_international/5adddbd9-cc97-41cc-bb03-21b4c028c6e3.csv
1bf2c133-1017-45b7-a17a-c1721319bf3c,227552,"Australia Women v India Women at Sydney, 1st T20I, 15 Feb 2026",Women's T20I,2026-02-15,148,0,0,82,6,False,complete,T20/women_international/1bf2c133-1017-45b7-a17a-c1721319bf3c.csv
120aafac-bcfb-4b58-ba6b-b6c0bb0b478f,233431,"West Indies v Nepal at Mumbai, ICC Men's T20 World Cup, 15 Feb 2026",Twenty20 international,2026-02-15,221,217,211,124,6,True,complete,T20/men_international/120aafac-bcfb-4b58-ba6b-b6c0bb0b478f.csv
87435c39-2f4d-49b4-bdcb-e6d84d7ab7f5,233430,"New Zealand v South Africa at Ahmedabad, ICC Men's T20 World Cup, 14 Feb 2026",Twenty20 international,2026-02-14,229,229,223,153,8,True,complete,T20/men_international/87435c39-2f4d-49b4-bdcb-e6d84d7ab7f5.csv
a023278f-a25a-476b-87ab-d282852a216e,233429,"England v Scotland at Kolkata, ICC Men's T20 World Cup, 14 Feb 2026",Twenty20 international,2026-02-14,236,235,228,143,12,True,complete,T20/men_international/a023278f-a25a-476b-87ab-d282852a216e.csv
1af6890d-68eb-4e1c-b574-0cf5b5af856a,233428,"Ireland v Oman at Colombo (SSC), ICC Men's T20 World Cup, 14 Feb 2026",Twenty20 international,2026-02-14,236,234,229,152,8,True,complete,T20/men_international/1af6890d-68eb-4e1c-b574-0cf5b5af856a.csv
953dbc98-9418-41bf-96ab-6edcb4f795c8,233427,"United States of America v Netherlands at Chennai, ICC Men's T20 World Cup, 13 Feb 2026",Twenty20 international,2026-02-13,222,222,215,145,8,True,complete,T20/men_international/953dbc98-9418-41bf-96ab-6edcb4f795c8.csv
aa8c29ed-a612-4ed9-a52a-5bd131d00ec6,233426,"Canada v United Arab Emirates at Delhi, ICC Men's T20 World Cup, 13 Feb 2026",Twenty20 international,2026-02-13,253,252,239,145,11,True,complete,T20/men_international/aa8c29ed-a612-4ed9-a52a-5bd131d00ec6.csv
23207335-0fff-445a-9318-a5e33b59250c,233425,"Australia v Zimbabwe at Colombo (RPS), ICC Men's T20 World Cup, 13 Feb 2026",Twenty20 international,2026-02-13,244,243,237,157,8,True,complete,T20/men_international/23207335-0fff-445a-9318-a5e33b59250c.csv
1a6a1538-79c6-44e3-8cf3-a04225986c16,233424,"India v Namibia at Delhi, ICC Men's T20 World Cup, 12 Feb 2026",Twenty20 international,2026-02-12,242,240,233,138,10,True,complete,T20/men_international/1a6a1538-79c6-44e3-8cf3-a04225986c16.csv
55418d89-fc29-4691-a9c3-3d420f204592,233422,"Sri Lanka v Oman at Pallekele, ICC Men's T20 World Cup, 12 Feb 2026",Twenty20 international,2026-02-12,250,247,243,154,4,True,complete,T20/men_international/55418d89-fc29-4691-a9c3-3d420f204592.csv
8b2e2872-072b-4993-b5b1-08b7ce416e28,233423,"Nepal v Italy at Mumbai, ICC Men's T20 World Cup, 12 Feb 2026",Twenty20 international,2026-02-12,195,193,193,122,6,True,complete,T20/men_international/8b2e2872-072b-4993-b5b1-08b7ce416e28.csv
5fe4d9ed-567b-44ab-9b85-d3f66f8ec4e2,233419,"South Africa v Afghanistan at Ahmedabad, ICC Men's T20 World Cup, 11 Feb 2026",Twenty20 international,2026-02-11,273,245,240,159,10,True,complete,T20/men_international/5fe4d9ed-567b-44ab-9b85-d3f66f8ec4e2.csv
2f8eebf6-faad-4165-9a3c-68b5aecf8ad6,233421,"England v West Indies at Mumbai, ICC Men's T20 World Cup, 11 Feb 2026",Twenty20 international,2026-02-11,243,241,234,150,11,True,complete,T20/men_international/2f8eebf6-faad-4165-9a3c-68b5aecf8ad6.csv
13a60e76-38c9-45e2-beb0-5e0ab5a26473,233420,"Australia v Ireland at Colombo (RPS), ICC Men's T20 World Cup, 11 Feb 2026",Twenty20 international,2026-02-11,224,223,221,136,10,True,complete,T20/men_international/13a60e76-38c9-45e2-beb0-5e0ab5a26473.csv
f8a075e5-57e8-4a6d-80f8-cacc1d942101,233418,"Pakistan v United States of America at Colombo (SSC), ICC Men's T20 World Cup, 10 Feb 2026",Twenty20 international,2026-02-10,248,245,242,153,12,True,complete,T20/men_international/f8a075e5-57e8-4a6d-80f8-cacc1d942101.csv
b98d7b19-c7a4-4530-ba64-089c6c8f0084,233417,"New Zealand v United Arab Emirates at Chennai, ICC Men's T20 World Cup, 10 Feb 2026",Twenty20 international,2026-02-10,220,220,213,155,6,True,complete,T20/men_international/b98d7b19-c7a4-4530-ba64-089c6c8f0084.csv
a1643e42-2bc0-438e-a103-d595e1031ba8,233416,"Netherlands v Namibia at Delhi, ICC Men's T20 World Cup, 10 Feb 2026",Twenty20 international,2026-02-10,236,234,229,152,7,True,complete,T20/men_international/a1643e42-2bc0-438e-a103-d595e1031ba8.csv
44594b28-d1a5-4512-9994-99963d4e8bd8,233413,"Scotland v Italy at Kolkata, ICC Men's T20 World Cup, 9 Feb 2026",Twenty20 international,2026-02-09,230,229,221,141,13,True,complete,T20/men_international/44594b28-d1a5-4512-9994-99963d4e8bd8.csv
415046ee-d008-495f-b732-a70953a361af,233415,"South Africa v Canada at Ahmedabad, ICC Men's T20 World Cup, 9 Feb 2026",Twenty20 international,2026-02-09,261,261,245,163,10,True,complete,T20/men_international/415046ee-d008-495f-b732-a70953a361af.csv
27342b82-c77a-47a0-bf92-5026fe920622,233414,"Zimbabwe v Oman at Colombo (SSC), ICC Men's T20 World Cup, 9 Feb 2026",Twenty20 international,2026-02-09,202,202,200,110,9,True,complete,T20/men_international/27342b82-c77a-47a0-bf92-5026fe920622.csv
d418d6a7-3c8d-4c4f-8f16-7bf6c8526398,233411,"England v Nepal at Mumbai, ICC Men's T20 World Cup, 8 Feb 2026",Twenty20 international,2026-02-08,253,252,240,152,9,True,complete,T20/men_international/d418d6a7-3c8d-4c4f-8f16-7bf6c8526398.csv
e651586f-7074-418e-8fa1-deb1d25167db,233410,"New Zealand v Afghanistan at Chennai, ICC Men's T20 World Cup, 8 Feb 2026",Twenty20 international,2026-02-08,238,237,229,159,6,True,complete,T20/men_international/e651586f-7074-418e-8fa1-deb1d25167db.csv
dbcf1ed1-1c2e-4fe5-9dd5-a56fb3d9f5de,233412,"Sri Lanka v Ireland at Colombo (RPS), ICC Men's T20 World Cup, 8 Feb 2026",Twenty20 international,2026-02-08,250,249,240,157,11,True,complete,T20/men_international/dbcf1ed1-1c2e-4fe5-9dd5-a56fb3d9f5de.csv
a6f5af57-70b5-4d88-8a63-aa90bec2efb0,233408,"West Indies v Scotland at Kolkata, ICC Men's T20 World Cup, 7 Feb 2026",Twenty20 international,2026-02-07,244,244,234,149,11,True,complete,T20/men_international/a6f5af57-70b5-4d88-8a63-aa90bec2efb0.csv
3fcda428-d2d2-4b8e-859b-ebe32b249acf,233407,"Pakistan v Netherlands at Colombo (SSC), ICC Men's T20 World Cup, 7 Feb 2026",Twenty20 international,2026-02-07,240,240,236,141,15,True,complete,T20/men_international/3fcda428-d2d2-4b8e-859b-ebe32b249acf.csv
96904c17-3f58-482b-8539-389f189270dc,233409,"India v United States of America at Mumbai, ICC Men's T20 World Cup, 7 Feb 2026",Twenty20 international,2026-02-07,246,244,240,131,14,True,complete,T20/men_international/96904c17-3f58-482b-8539-389f189270dc.csv
bd02c3fc-a987-483b-b75c-8903500fbff7,233912,"India v New Zealand at Thiruvananthapuram, 5th T20I, 31 Jan 2026",Twenty20 international,2026-01-31,248,0,0,167,9,False,complete,T20/men_international/bd02c3fc-a987-483b-b75c-8903500fbff7.csv
55df45e2-84b2-43a0-8bf0-3fff1ab3d2eb,233911,"India v New Zealand at Visakhapatnam, 4th T20I, 28 Jan 2026",Twenty20 international,2026-01-28,238,0,0,148,12,False,complete,T20/men_international/55df45e2-84b2-43a0-8bf0-3fff1ab3d2eb.csv
9df7fc2b-6e97-44f3-bbd2-ed8811f00b9c,233910,"India v New Zealand at Guwahati, 3rd T20I, 25 Jan 2026",Twenty20 international,2026-01-25,183,0,0,122,7,False,complete,T20/men_international/9df7fc2b-6e97-44f3-bbd2-ed8811f00b9c.csv
169773d9-8a02-42d6-99f0-a6a2dfb17eaa,233909,"India v New Zealand at Naya Raipur, 2nd T20I, 23 Jan 2026",Twenty20 international,2026-01-23,227,0,0,149,9,False,complete,T20/men_international/169773d9-8a02-42d6-99f0-a6a2dfb17eaa.csv
661cd9f6-729d-41b8-93f1-003b7179d417,233908,"India v New Zealand at Nagpur, 1st T20I, 21 Jan 2026",Twenty20 international,2026-01-21,252,0,0,167,14,False,complete,T20/men_international/661cd9f6-729d-41b8-93f1-003b7179d417.csv
dd7f6230-0ccf-43d1-ba65-f050d979a028,233907,"India v New Zealand at Indore, 3rd ODI, 18 Jan 2026",One-day international,2026-01-18,586,0,0,329,13,False,complete,ODI/men_international/dd7f6230-0ccf-43d1-ba65-f050d979a028.csv
5d41a79d-15be-4dc7-aa62-9f1e182d397f,233906,"India v New Zealand at Rajkot, 2nd ODI, 14 Jan 2026",One-day international,2026-01-14,597,0,0,332,7,False,complete,ODI/men_international/5d41a79d-15be-4dc7-aa62-9f1e182d397f.csv
996d796f-8f29-4511-87d8-c5dcfff80043,233905,"India v New Zealand at Vadodara, 1st ODI, 11 Jan 2026",One-day international,2026-01-11,609,0,0,344,8,False,complete,ODI/men_international/996d796f-8f29-4511-87d8-c5dcfff80043.csv
9647d283-cd13-42f5-80c9-1ebf276cb685,234342,"India Women v Sri Lanka Women at Thiruvananthapuram, 5th T20I, 30 Dec 2025",Women's T20I,2025-12-30,252,0,0,169,6,False,complete,T20/women_international/9647d283-cd13-42f5-80c9-1ebf276cb685.csv
a11c6946-18db-46c5-9bf9-79d10e29f82d,234341,"India Women v Sri Lanka Women at Thiruvananthapuram, 4th T20I, 28 Dec 2025",Women's T20I,2025-12-28,247,0,0,170,4,False,complete,T20/women_international/a11c6946-18db-46c5-9bf9-79d10e29f82d.csv
c23bd71b-bda0-43b6-a470-e0ffd6ff3bbd,234340,"India Women v Sri Lanka Women at Thiruvananthapuram, 3rd T20I, 26 Dec 2025",Women's T20I,2025-12-26,207,0,0,105,4,False,complete,T20/women_international/c23bd71b-bda0-43b6-a470-e0ffd6ff3bbd.csv
5c4c1a57-b2a8-4e31-ae7a-0c9795480a9f,234339,"India Women v Sri Lanka Women at Visakhapatnam, 2nd T20I, 23 Dec 2025",Women's T20I,2025-12-23,203,0,0,121,7,False,complete,T20/women_international/5c4c1a57-b2a8-4e31-ae7a-0c9795480a9f.csv
4d465ca4-54db-4883-a5d5-f5ba709045a0,234338,"India Women v Sri Lanka Women at Visakhapatnam, 1st T20I, 21 Dec 2025",Women's T20I,2025-12-21,214,0,0,134,3,False,complete,T20/women_international/4d465ca4-54db-4883-a5d5-f5ba709045a0.csv
e6342bfd-d809-4802-9189-c6a70ff0c1b5,227570,"India v South Africa at Ahmedabad, 5th T20I, 19 Dec 2025",Twenty20 international,2025-12-19,256,0,0,164,8,False,complete,T20/men_international/e6342bfd-d809-4802-9189-c6a70ff0c1b5.csv
974d7e6a-7dc3-4a17-ab2c-4daffc655d59,227568,"India v South Africa at Dharamsala, 3rd T20I, 14 Dec 2025",Twenty20 international,2025-12-14,217,80,80,109,4,True,complete,T20/men_international/974d7e6a-7dc3-4a17-ab2c-4daffc655d59.csv
af5dd3f5-90bc-450a-aafa-dda4825be19d,227567,"India v South Africa at New Chandigarh, 2nd T20I, 11 Dec 2025",Twenty20 international,2025-12-11,251,250,235,144,11,True,complete,T20/men_international/af5dd3f5-90bc-450a-aafa-dda4825be19d.csv
6c8c60db-1fb2-4915-894f-c3003c08ea88,227566,"India v South Africa at Cuttack, 1st T20I, 9 Dec 2025",Twenty20 international,2025-12-09,201,0,0,101,11,False,complete,T20/men_international/6c8c60db-1fb2-4915-894f-c3003c08ea88.csv
02897d28-1200-4a6d-92f8-eb36a7033283,227565,"India v South Africa at Visakhapatnam, 3rd ODI, 6 Dec 2025",One-day international,2025-12-06,543,540,524,284,7,True,complete,ODI/men_international/02897d28-1200-4a6d-92f8-eb36a7033283.csv
e2bde9da-6c75-42c4-8be2-89a98eacb8b1,227564,"India v South Africa at Naya Raipur, 2nd ODI, 3 Dec 2025",One-day international,2025-12-03,623,0,0,366,9,False,complete,ODI/men_international/e2bde9da-6c75-42c4-8be2-89a98eacb8b1.csv
c422f3d7-6a81-4ae3-8b6b-e5b4a3f3b397,227563,"India v South Africa at Ranchi, 1st ODI, 30 Nov 2025",One-day international,2025-11-30,609,0,0,316,14,False,complete,ODI/men_international/c422f3d7-6a81-4ae3-8b6b-e5b4a3f3b397.csv
4c44050c-8dee-45f9-8195-5d3f227011cf,227562,"India v South Africa at Guwahati, 2nd Test, 22-26 Nov 2025",Test,2025-11-22,2278,0,0,570,25,False,complete,Test/men_international/4c44050c-8dee-45f9-8195-5d3f227011cf.csv
f4002609-671f-472d-b42a-dfee6160ca8d,227561,"India v South Africa at Kolkata, 1st Test, 14-18 Nov 2025",Test,2025-11-14,1248,0,0,307,19,False,complete,Test/men_international/f4002609-671f-472d-b42a-dfee6160ca8d.csv
f8991ee6-09d0-48a9-836c-3601019c53dd,227551,"Australia v India at Brisbane, 5th T20I, 8 Nov 2025",Twenty20 international,2025-11-08,29,29,29,22,0,True,complete,T20/men_international/f8991ee6-09d0-48a9-836c-3601019c53dd.csv
1f1205a8-bd6a-425e-8658-0ce2c5e6c127,227550,"Australia v India at Carrara, 4th T20I, 6 Nov 2025",Twenty20 international,2025-11-06,237,235,228,137,10,True,complete,T20/men_international/1f1205a8-bd6a-425e-8658-0ce2c5e6c127.csv
2b893690-23b7-40c7-b3b5-fce9834d336f,228856,"India Women v South Africa Women at Navi Mumbai, ICC Women's Cricket World Cup, Final, 2 Nov 2025",Women's ODI,2025-11-02,591,588,576,305,10,True,complete,ODI/women_international/2b893690-23b7-40c7-b3b5-fce9834d336f.csv
d406818a-b575-4543-bd15-6933e0f5e42e,227549,"Australia v India at Hobart, 3rd T20I, 2 Nov 2025",Twenty20 international,2025-11-02,236,225,223,162,9,True,complete,T20/men_international/d406818a-b575-4543-bd15-6933e0f5e42e.csv
af9375ad-ffa3-4505-b34c-d9fedc74df08,227548,"Australia v India at Melbourne, 2nd T20I, 31 Oct 2025",Twenty20 international,2025-10-31,196,190,189,110,10,True,complete,T20/men_international/af9375ad-ffa3-4505-b34c-d9fedc74df08.csv
a11d9494-0eee-4724-96f9-5d8ea294731c,228855,"Australia Women v India Women at Navi Mumbai, ICC Women's Cricket World Cup, Semi-Final, 30 Oct 2025",Women's ODI,2025-10-30,608,604,591,333,4,True,complete,ODI/women_international/a11d9494-0eee-4724-96f9-5d8ea294731c.csv
2a5cd2a2-6ae0-49ac-bb04-0131338909f2,228854,"England Women v South Africa Women at Guwahati, ICC Women's Cricket World Cup, Semi-Final, 29 Oct 2025",Women's ODI,2025-10-29,572,571,555,262,9,True,complete,ODI/women_international/2a5cd2a2-6ae0-49ac-bb04-0131338909f2.csv
a7139545-8f84-4d97-b5d6-d46b48c01729,227547,"Australia v India at Canberra, 1st T20I, 29 Oct 2025",Twenty20 international,2025-10-29,60,59,57,41,1,True,complete,T20/men_international/a7139545-8f84-4d97-b5d6-d46b48c01729.csv
64c87a8a-2421-4bbb-867d-9ba836eeac44,228853,"India Women v Bangladesh Women at Navi Mumbai, ICC Women's Cricket World Cup, 26 Oct 2025",Women's ODI,2025-10-26,225,224,214,98,5,True,complete,ODI/women_international/64c87a8a-2421-4bbb-867d-9ba836eeac44.csv
28920c48-2b51-4e16-adfd-f5569521e267,228852,"England Women v New Zealand Women at Visakhapatnam, ICC Women's Cricket World Cup, 26 Oct 2025",Women's ODI,2025-10-26,421,420,409,183,6,True,complete,ODI/women_international/28920c48-2b51-4e16-adfd-f5569521e267.csv
7c1901c9-8935-454d-9739-0a680f2c119f,227546,"Australia v India at Sydney, 3rd ODI, 25 Oct 2025",One-day international,2025-10-25,522,521,511,262,7,True,complete,ODI/men_international/7c1901c9-8935-454d-9739-0a680f2c119f.csv
f2e4175d-e789-4c59-b1ab-fa8adb9b1f72,228851,"Australia Women v South Africa Women at Indore, ICC Women's Cricket World Cup, 25 Oct 2025",Women's ODI,2025-10-25,248,248,245,82,7,True,complete,ODI/women_international/f2e4175d-e789-4c59-b1ab-fa8adb9b1f72.csv
c7f6736e-30be-4355-874c-b6ce058605e3,228850,"Sri Lanka Women v Pakistan Women at Colombo (RPS), ICC Women's Cricket World Cup, 24 Oct 2025",Women's ODI,2025-10-24,28,28,26,10,0,True,complete,ODI/women_international/c7f6736e-30be-4355-874c-b6ce058605e3.csv
cefb3fed-d5a0-4884-b81b-c87a97232a44,227545,"Australia v India at Adelaide, 2nd ODI, 23 Oct 2025",One-day international,2025-10-23,589,587,576,295,10,True,complete,ODI/men_international/cefb3fed-d5a0-4884-b81b-c87a97232a44.csv
93b381d6-a75f-472b-ae49-f98b20115050,228849,"India Women v New Zealand Women at Navi Mumbai, ICC Women's Cricket World Cup, 23 Oct 2025",Women's ODI,2025-10-23,567,567,560,321,9,True,complete,ODI/women_international/93b381d6-a75f-472b-ae49-f98b20115050.csv
4fc9b48a-2321-4bfa-a7b1-5ba6eb46cf9a,228848,"Australia Women v England Women at Indore, ICC Women's Cricket World Cup, 22 Oct 2025",Women's ODI,2025-10-22,552,550,543,265,5,True,complete,ODI/women_international/4fc9b48a-2321-4bfa-a7b1-5ba6eb46cf9a.csv
aa205842-da7e-4e14-9f96-efe1be97802f,228847,"South Africa Women v Pakistan Women at Colombo (RPS), ICC Women's Cricket World Cup, 21 Oct 2025",Women's ODI,2025-10-21,376,373,362,179,8,True,complete,ODI/women_international/aa205842-da7e-4e14-9f96-efe1be97802f.csv
85577691-b9ff-4937-9847-69fd2e1814ac,228846,"Sri Lanka Women v Bangladesh Women at Navi Mumbai, ICC Women's Cricket World Cup, 20 Oct 2025",Women's ODI,2025-10-20,606,602,592,235,6,True,complete,ODI/women_international/85577691-b9ff-4937-9847-69fd2e1814ac.csv
18fea515-74db-4017-a759-0fd737b51679,228845,"India Women v England Women at Indore, ICC Women's Cricket World Cup, 19 Oct 2025",Women's ODI,2025-10-19,614,612,601,326,10,True,complete,ODI/women_international/18fea515-74db-4017-a759-0fd737b51679.csv
d269d545-62d5-4e00-84a0-5a51c16f21be,228844,"New Zealand Women v Pakistan Women at Colombo (RPS), ICC Women's Cricket World Cup, 18 Oct 2025",Women's ODI,2025-10-18,161,161,150,47,3,True,complete,ODI/women_international/d269d545-62d5-4e00-84a0-5a51c16f21be.csv
7d6b05c1-b69c-4dec-9c64-68befdd67d0c,228843,"Sri Lanka Women v South Africa Women at Colombo (RPS), ICC Women's Cricket World Cup, 17 Oct 2025",Women's ODI,2025-10-17,216,214,208,107,3,True,complete,ODI/women_international/7d6b05c1-b69c-4dec-9c64-68befdd67d0c.csv
dc781a6a-781a-4481-a2c8-c3942431164b,228842,"Australia Women v Bangladesh Women at Visakhapatnam, ICC Women's Cricket World Cup, 16 Oct 2025",Women's ODI,2025-10-16,464,464,449,182,7,True,complete,ODI/women_international/dc781a6a-781a-4481-a2c8-c3942431164b.csv
2e795b88-709a-4e32-b32b-1a0eadf54cc6,228841,"England Women v Pakistan Women at Colombo (RPS), ICC Women's Cricket World Cup, 15 Oct 2025",Women's ODI,2025-10-15,233,231,226,74,1,True,complete,ODI/women_international/2e795b88-709a-4e32-b32b-1a0eadf54cc6.csv
27311f04-536a-47b4-a11b-78e3d9fa08fc,228840,"Sri Lanka Women v New Zealand Women at Colombo (RPS), ICC Women's Cricket World Cup, 14 Oct 2025",Women's ODI,2025-10-14,314,313,299,131,5,True,complete,ODI/women_international/27311f04-536a-47b4-a11b-78e3d9fa08fc.csv
e185abc5-e700-410f-ba48-55bf80c4e65c,228839,"South Africa Women v Bangladesh Women at Visakhapatnam, ICC Women's Cricket World Cup, 13 Oct 2025",Women's ODI,2025-10-13,611,575,569,245,5,True,complete,ODI/women_international/e185abc5-e700-410f-ba48-55bf80c4e65c.csv
b83943f3-ec24-407a-9fda-ddc3b5b72641,228838,"India Women v Australia Women at Visakhapatnam, ICC Women's Cricket World Cup, 12 Oct 2025",Women's ODI,2025-10-12,605,605,587,314,12,True,complete,ODI/women_international/b83943f3-ec24-407a-9fda-ddc3b5b72641.csv
929ee6e0-022e-4c0f-abea-51f2b2dedf2b,228837,"England Women v Sri Lanka Women at Colombo (RPS), ICC Women's Cricket World Cup, 11 Oct 2025",Women's ODI,2025-10-11,590,589,574,245,10,True,complete,ODI/women_international/929ee6e0-022e-4c0f-abea-51f2b2dedf2b.csv
81e47e0c-393f-4bea-9bb3-59334a8ff272,227560,"India v West Indies at Delhi, 2nd Test, 10-14 Oct 2025",Test,2025-10-10,2231,0,0,630,11,False,complete,Test/men_international/81e47e0c-393f-4bea-9bb3-59334a8ff272.csv
49ff4566-8167-46ab-82ed-81241e004633,228836,"New Zealand Women v Bangladesh Women at Guwahati, ICC Women's Cricket World Cup, 10 Oct 2025",Women's ODI,2025-10-10,561,559,542,202,8,True,complete,ODI/women_international/49ff4566-8167-46ab-82ed-81241e004633.csv
d1c53795-5b2d-4518-8c4b-dc97e61cbb0b,228835,"India Women v South Africa Women at Visakhapatnam, ICC Women's Cricket World Cup, 9 Oct 2025",Women's ODI,2025-10-09,616,615,593,241,11,True,complete,ODI/women_international/d1c53795-5b2d-4518-8c4b-dc97e61cbb0b.csv
ba9d712a-1741-4eeb-89ca-42c13b79b2a4,228834,"Australia Women v Pakistan Women at Colombo (RPS), ICC Women's Cricket World Cup, 8 Oct 2025",Women's ODI,2025-10-08,535,534,518,183,12,True,complete,ODI/women_international/ba9d712a-1741-4eeb-89ca-42c13b79b2a4.csv
7c531dad-faf4-4bd5-a848-3c154e0e223b,228833,"England Women v Bangladesh Women at Guwahati, ICC Women's Cricket World Cup, 7 Oct 2025",Women's ODI,2025-10-07,596,595,575,188,8,True,complete,ODI/women_international/7c531dad-faf4-4bd5-a848-3c154e0e223b.csv
a2f21b55-f71a-4647-8750-ef7807ae5927,228832,"New Zealand Women v South Africa Women at Indore, ICC Women's Cricket World Cup, 6 Oct 2025",Women's ODI,2025-10-06,556,554,533,232,8,True,complete,ODI/women_international/a2f21b55-f71a-4647-8750-ef7807ae5927.csv
981c58a1-c517-4234-aa6e-4aa4dc9025c3,228831,"India Women v Pakistan Women at Colombo (RPS), ICC Women's Cricket World Cup, 5 Oct 2025",Women's ODI,2025-10-05,570,568,559,222,14,True,complete,ODI/women_international/981c58a1-c517-4234-aa6e-4aa4dc9025c3.csv
bbcbcd6c-599c-4048-a4d6-2550d53c13e9,228829,"England Women v South Africa Women at Guwahati, ICC Women's Cricket World Cup, 3 Oct 2025",Women's ODI,2025-10-03,218,218,209,64,3,True,complete,ODI/women_international/bbcbcd6c-599c-4048-a4d6-2550d53c13e9.csv
6eb9bf95-f4c7-4639-8480-80b0df8daf35,228828,"Bangladesh Women v Pakistan Women at Colombo (RPS), ICC Women's Cricket World Cup, 2 Oct 2025",Women's ODI,2025-10-02,433,431,418,117,6,True,complete,ODI/women_international/6eb9bf95-f4c7-4639-8480-80b0df8daf35.csv
2fb3411c-dafb-41e6-99bf-8627c9fd2e76,227559,"India v West Indies at Ahmedabad, 1st Test, 2-6 Oct 2025",Test,2025-10-02,1309,0,0,365,13,False,complete,Test/men_international/2fb3411c-dafb-41e6-99bf-8627c9fd2e76.csv
a556220a-3bd6-4a9d-8f75-42f060f5638f,228827,"Australia Women v New Zealand Women at Indore, ICC Women's Cricket World Cup, 1 Oct 2025",Women's ODI,2025-10-01,573,565,554,269,12,True,complete,ODI/women_international/a556220a-3bd6-4a9d-8f75-42f060f5638f.csv
b30a38f6-8abc-4635-907e-c855e04307e2,228826,"India Women v Sri Lanka Women at Guwahati, ICC Women's Cricket World Cup, 30 Sep 2025",Women's ODI,2025-09-30,575,575,558,264,10,True,complete,ODI/women_international/b30a38f6-8abc-4635-907e-c855e04307e2.csv
21cd64bc-acf9-4c07-bf78-f4e636b67e1b,228508,"India Women v Australia Women at Delhi, 3rd ODI, 20 Sep 2025",Women's ODI,2025-09-20,588,0,0,370,12,False,complete,ODI/women_international/21cd64bc-acf9-4c07-bf78-f4e636b67e1b.csv
db2aa31a-52d0-430b-a7b3-e26c4876b307,228507,"India Women v Australia Women at New Chandigarh, 2nd ODI, 17 Sep 2025",Women's ODI,2025-09-17,559,0,0,262,10,False,complete,ODI/women_international/db2aa31a-52d0-430b-a7b3-e26c4876b307.csv
635505e2-39d1-4a12-ad75-43b3c50da5c3,228506,"India Women v Australia Women at New Chandigarh, 1st ODI, 14 Sep 2025",Women's ODI,2025-09-14,578,0,0,301,5,False,complete,ODI/women_international/635505e2-39d1-4a12-ad75-43b3c50da5c3.csv
9492698a-0cbe-4faa-ab47-44c1048dc8d0,242458,"Sri Lanka v India at Galle, 1st Test, 15-19 Aug 2026",Test,2026-08-15,1956,1945,1941,606,29,True,complete,Test/men_international/9492698a-0cbe-4faa-ab47-44c1048dc8d0.csv
b53ef811-9198-44ac-a5f8-b4e266498f87,238974,"Zimbabwe v India at Harare, 3rd T20I, 26 Jul 2026",Twenty20 international,2026-07-26,260,260,241,157,10,True,complete,T20/men_international/b53ef811-9198-44ac-a5f8-b4e266498f87.csv
bfa214e0-2e55-4d99-9e75-fe48b320a9f5,238973,"Zimbabwe v India at Harare, 2nd T20I, 25 Jul 2026",Twenty20 international,2026-07-25,235,235,228,143,11,True,complete,T20/men_international/bfa214e0-2e55-4d99-9e75-fe48b320a9f5.csv
e5af26b9-56f0-4c56-99ce-8adb2d5400c8,238972,"Zimbabwe v India at Harare, 1st T20I, 23 Jul 2026",Twenty20 international,2026-07-23,215,214,201,107,9,True,complete,T20/men_international/e5af26b9-56f0-4c56-99ce-8adb2d5400c8.csv
3068bfaa-fe7f-4a49-8f1c-d1b9077bc171,229351,"England v India at Lord's, 3rd ODI, 19 Jul 2026",One-day international,2026-07-19,617,616,601,342,7,True,complete,ODI/men_international/3068bfaa-fe7f-4a49-8f1c-d1b9077bc171.csv
6e73a134-9362-4188-91e1-c18a9a60a017,229350,"England v India at Cardiff, 2nd ODI, 16 Jul 2026",One-day international,2026-07-16,549,548,532,242,13,True,complete,ODI/men_international/6e73a134-9362-4188-91e1-c18a9a60a017.csv
436872dc-ad4c-4940-b6de-ea1d627c9929,229349,"England v India at Birmingham, 1st ODI, 14 Jul 2026",One-day international,2026-07-14,573,572,560,272,8,True,complete,ODI/men_international/436872dc-ad4c-4940-b6de-ea1d627c9929.csv
9058660b-8087-451b-acf3-f0ce5f464aba,229348,"England v India at Southampton, 5th T20I, 11 Jul 2026",Twenty20 international,2026-07-11,256,255,242,171,11,True,complete,T20/men_international/9058660b-8087-451b-acf3-f0ce5f464aba.csv
794bebe5-e0ae-4a85-ae24-6c9c58b1372d,229340,"England Women v India Women at Lord's, Only Test, 10-13 Jul 2026",Women's Test,2026-07-10,1705,1705,1702,481,14,True,complete,Test/women_international/794bebe5-e0ae-4a85-ae24-6c9c58b1372d.csv
d9d13d73-b3b6-470d-8346-b7c1d5282479,229347,"England v India at Bristol, 4th T20I, 9 Jul 2026",Twenty20 international,2026-07-09,213,212,205,137,6,True,complete,T20/men_international/d9d13d73-b3b6-470d-8346-b7c1d5282479.csv
081e4436-77c8-408e-98ef-7f71321c2f35,229346,"England v India at Nottingham, 3rd T20I, 7 Jul 2026",Twenty20 international,2026-07-07,195,193,190,121,9,True,complete,T20/men_international/081e4436-77c8-408e-98ef-7f71321c2f35.csv
3607322f-ea86-4170-941e-13177ee9407b,228889,"Australia Women v England Women at Lord's, ICC Women's T20 World Cup, Final, 5 Jul 2026",Women's T20I,2026-07-05,235,234,226,144,1,True,complete,T20/women_international/3607322f-ea86-4170-941e-13177ee9407b.csv
81bd9c85-a67b-4205-b2c1-c38d06f703ae,243703,"India Women v Thailand Women at Dubai, DP World Women's T20 Asia Cup, 30 Aug 2026",Women's T20I,2026-08-30,220,0,0,105,10,False,complete,T20/women_international/81bd9c85-a67b-4205-b2c1-c38d06f703ae.csv
613401e4-69dc-459c-b420-85d8cf4741c1,243702,"Sri Lanka Women v UAE W at Dubai, DP World Women's T20 Asia Cup, 29 Aug 2026",Women's T20I,2026-08-29,169,0,0,82,6,False,complete,T20/women_international/613401e4-69dc-459c-b420-85d8cf4741c1.csv
798bc6ef-7163-46bc-9e39-17a0b602132a,243701,"Thailand Women v Hong Kong Women at Dubai, DP World Women's T20 Asia Cup, 28 Aug 2026",Women's T20I,2026-08-28,249,0,0,129,10,False,complete,T20/women_international/798bc6ef-7163-46bc-9e39-17a0b602132a.csv
3994ecc2-d4b1-4f9c-8f66-3a5fc783c0d1,242459,"Sri Lanka v India at Colombo (SSC), 2nd Test, 23-27 Aug 2026",Test,2026-08-23,2318,2317,2306,638,19,True,complete,Test/men_international/3994ecc2-d4b1-4f9c-8f66-3a5fc783c0d1.csv
