innings_number,batting_team_id,batting_team_name,batting_team_abbreviation,innings_closure_id,over_number,over_bowler_name,runs_off_over,extras_off_over,wickets_off_over,team_score,run_rate,overs_unique,display_overs,runs,scoring,ball_summary_text,ball_pre_text,commentary,gid,match_id,match_name,comp_id,comp_name,comp_season,ground_name,class_name,start_date,batting_player_id,batting_player_name,batting_player_hand,bowling_player_id,bowling_player_name,bowling_player_hand,bowling_team_id,bowling_team_name,bowling_technique,bowling_type_id,bowling_type_simple,datetime_utc,bounce_position_x,bounce_position_y,length_zone,stumps_position_y,stumps_position_z,grid_x,grid_y,ball_id,field_direction,field_distance_percent,field_magnitude,field_zone,runs_off_bat,runs_conceded,has_pitchmap,has_beehive,has_wagon,in_catch_map,bowler_arm,delivery_type,delivery_variation,length,line,footwork,shot_type,shot_trajectory,shot_control,field_position,fielder_name,dismissal_type,dismissed_batter,dismissal_score,parse_method,runs_scored,extras_type,is_wicket,is_wide,is_no_ball,is_bye,is_leg_bye,is_penalty,is_boundary_four,is_boundary_six,is_dot,dismissal_source
1,6,India,IND,5,1,L Wood,5,0,0,5/0,5.00,0.01,0.1,0,0,"Wood to Samson, no run",Sanju Samson and Abhishek Sharma head out to the middle. Luke Wood takes the ball for their 1st spell,"Luke Wood starts with a length ball straight on middle stump, well defended with perfect timing by Sanju Samson. No run comes off this cautious stroke.",a62fc63a-1163-4615-a4c6-a833b435b497,229344,"England v India at Chester-le-Street, 1st T20I, 1 Jul 2026",8721,India in England,2026,"Riverside Ground, Chester-le-Street",Twenty20 international,2026-07-01,17613,SV Samson,right,41054,L Wood,left,1,England,left pace,1,pace,2026-07-01 16:33:11,6.860,-0.038,3.0,-0.236,0.597,1.0,1.0,,,,,,,,True,True,False,False,,,,length ball,middle stump,,,,,,,,,,keyword,0,,False,False,False,False,False,False,False,False,True,
1,6,India,IND,5,1,L Wood,5,0,0,5/0,5.00,0.02,0.2,0,0,"Wood to Samson, no run",,"On a length ball pitching on leg stump, the batter pushes it straight down the ground keeping it low and controlled for no run.",a62fc63a-1163-4615-a4c6-a833b435b497,229344,"England v India at Chester-le-Street, 1st T20I, 1 Jul 2026",8721,India in England,2026,"Riverside Ground, Chester-le-Street",Twenty20 international,2026-07-01,17613,SV Samson,right,41054,L Wood,left,1,England,left pace,1,pace,2026-07-01 16:33:46,7.605,0.089,4.0,-0.127,0.886,2.0,1.0,,,,,,,,True,True,False,False,,,,length ball,leg stump,,push,,controlled,,,,,,keyword,0,,False,False,False,False,False,False,False,False,True,
1,6,India,IND,5,1,L Wood,5,0,0,5/0,5.00,0.03,0.3,1,1,"Wood to Samson, 1 run",,"Wood bowls a full swinging-in delivery on off stump, and Samson plays a crisp, well-timed drive through the covers for a single. Samson gets off the mark with a neat early run.",a62fc63a-1163-4615-a4c6-a833b435b497,229344,"England v India at Chester-le-Street, 1st T20I, 1 Jul 2026",8721,India in England,2026,"Riverside Ground, Chester-le-Street",Twenty20 international,2026-07-01,17613,SV Samson,right,41054,L Wood,left,1,England,left pace,1,pace,2026-07-01 16:34:18,4.152,-0.098,2.0,-0.164,0.498,2.0,1.0,106923513.0,229.0,55.0,96.0,5.0,1.0,1.0,True,True,True,False,,,,full,off stump,,drive,,,,,,,,keyword,1,,False,False,False,False,False,False,False,False,False,
1,6,India,IND,5,1,L Wood,5,0,0,5/0,5.00,0.04,0.4,0,0,"Wood to Sharma, no run",,"Luke Wood bowls a back of a length delivery outside off, met with a well-timed defensive stroke by Abhishek Sharma who keeps the scoreboard ticking with a solid block.",a62fc63a-1163-4615-a4c6-a833b435b497,229344,"England v India at Chester-le-Street, 1st T20I, 1 Jul 2026",8721,India in England,2026,"Riverside Ground, Chester-le-Street",Twenty20 international,2026-07-01,65346,A Sharma,left,41054,L Wood,left,1,England,left pace,1,pace,2026-07-01 16:34:59,9.611,0.209,4.0,-0.007,1.056,2.0,2.0,,,,,,,,True,True,False,False,,,,back of a length,outside off,,block,,,,,,,,keyword,0,,False,False,False,False,False,False,False,False,True,
1,6,India,IND,5,1,L Wood,5,0,0,5/0,5.00,0.05,0.5,4,4,"Wood to Sharma, 4 runs",,"This full outside-off swinging delivery is met with a controlled drive, crisply middled. The ball races through extra cover for a boundary. Abhishek Sharma gets off the mark with a classy four.",a62fc63a-1163-4615-a4c6-a833b435b497,229344,"England v India at Chester-le-Street, 1st T20I, 1 Jul 2026",8721,India in England,2026,"Riverside Ground, Chester-le-Street",Twenty20 international,2026-07-01,65346,A Sharma,left,41054,L Wood,left,1,England,left pace,1,pace,2026-07-01 16:35:32,3.925,0.271,2.0,0.341,0.368,3.0,0.0,106923517.0,306.0,100.0,178.0,4.0,4.0,4.0,True,True,True,False,,,,full,,,drive,,controlled,extra cover,,,,,keyword,4,,False,False,False,False,False,False,True,False,False,
1,6,India,IND,5,1,L Wood,5,0,0,5/0,5.00,0.06,0.6,0,0,"Wood to Sharma, no run",,"Luke Wood bowls a full swinging delivery just outside off, and Abhishek Sharma responds with a controlled drive, keeping it firmly along the ground. The ball is well fielded by mid on for no run.",a62fc63a-1163-4615-a4c6-a833b435b497,229344,"England v India at Chester-le-Street, 1st T20I, 1 Jul 2026",8721,India in England,2026,"Riverside Ground, Chester-le-Street",Twenty20 international,2026-07-01,65346,A Sharma,left,41054,L Wood,left,1,England,left pace,1,pace,2026-07-01 16:36:11,4.831,0.324,2.0,0.319,0.466,3.0,1.0,,,,,,,,True,True,False,False,,,,full,outside off,,drive,along the ground,controlled,,mid on for no run,,,,keyword,0,,False,False,False,False,False,False,False,False,True,
1,6,India,IND,5,2,S Mahmood,1,1,2,6/2,0.00,1.01,1.1,0,0,"Mahmood to Samson, no run",Saqib Mahmood takes the ball for their 1st spell,"No movement on a full outside off delivery, and Sanju Samson plays a well-timed drive along the ground, but the fielder at cover, Tom Banton, makes a sharp stop to save a run.",a62fc63a-1163-4615-a4c6-a833b435b497,229344,"England v India at Chester-le-Street, 1st T20I, 1 Jul 2026",8721,India in England,2026,"Riverside Ground, Chester-le-Street",Twenty20 international,2026-07-01,17613,SV Samson,right,20053,S Mahmood,right,1,England,right pace,1,pace,2026-07-01 16:37:36,4.605,-0.296,2.0,-0.253,0.412,1.0,0.0,,,,,,,,True,True,False,False,,,,full,outside off,no movement,drive,along the ground,,cover,,,,,keyword,0,,False,False,False,False,False,False,False,False,True,
1,6,India,IND,5,2,S Mahmood,1,1,2,6/2,0.00,1.02,1.2,0,0,"Mahmood to Samson, no run",,"Saqib Mahmood bowls a back of a length seaming in delivery just outside off. Sanju Samson attempts a cut shot but it's mis-timed and drops safely to extra cover, where Liam Dawson fields it cleanly. No run comes off this delivery.",a62fc63a-1163-4615-a4c6-a833b435b497,229344,"England v India at Chester-le-Street, 1st T20I, 1 Jul 2026",8721,India in England,2026,"Riverside Ground, Chester-le-Street",Twenty20 international,2026-07-01,17613,SV Samson,right,20053,S Mahmood,right,1,England,right pace,1,pace,2026-07-01 16:38:17,8.809,-0.620,4.0,-0.477,0.821,1.0,1.0,,,,,,,,True,True,False,False,,,,back of a length,outside off,,cut,,,extra cover,,,,,keyword,0,,False,False,False,False,False,False,False,False,True,
1,6,India,IND,5,2,S Mahmood,1,1,2,6/2,0.00,1.03,1.2,1,1ʷᵈ,"Mahmood to Samson, 1 run (wide)",,"Saqib bowls a length ball wide outside off, and Sanju Samson attempts a cut but misses. The umpire signals a wide, adding an extra run to the total.",a62fc63a-1163-4615-a4c6-a833b435b497,229344,"England v India at Chester-le-Street, 1st T20I, 1 Jul 2026",8721,India in England,2026,"Riverside Ground, Chester-le-Street",Twenty20 international,2026-07-01,17613,SV Samson,right,20053,S Mahmood,right,1,England,right pace,1,pace,2026-07-01 16:39:05,6.313,-0.818,3.0,,,,,,,,,,,,True,False,False,False,,,,length ball,wide outside off,,cut,,,,,,,,keyword,1,wide,False,True,False,False,False,False,False,False,False,
1,6,India,IND,5,2,S Mahmood,1,1,2,6/2,0.00,1.04,1.3,0,0,"Mahmood to Samson, no run",,"Saqib Mahmood bowls a no movement delivery outside off, pitched back of a length. Sanju Samson stays composed and gently steers the ball along the ground towards short third man, who fields it comfortably for no run.",a62fc63a-1163-4615-a4c6-a833b435b497,229344,"England v India at Chester-le-Street, 1st T20I, 1 Jul 2026",8721,India in England,2026,"Riverside Ground, Chester-le-Street",Twenty20 international,2026-07-01,17613,SV Samson,right,20053,S Mahmood,right,1,England,right pace,1,pace,2026-07-01 16:39:42,8.972,-0.311,4.0,-0.251,0.747,1.0,1.0,,,,,,,,True,True,False,False,,,,back of a length,outside off,no movement,steer,along the ground,,short third man,,,,,keyword,0,,False,False,False,False,False,False,False,False,True,
1,6,India,IND,5,2,S Mahmood,1,1,2,6/2,0.00,1.05,1.4,0,W,"Mahmood to Samson, out!",,"Saqib Mahmood delivers a length ball outside off stump. Samson attempts a drive but only manages a thick edge, flying uncontrolled to short third man where Tom Banton takes the catch cleanly. The batter is caught and dismissed. Sanju Samson departs for 1 off 7.",a62fc63a-1163-4615-a4c6-a833b435b497,229344,"England v India at Chester-le-Street, 1st T20I, 1 Jul 2026",8721,India in England,2026,"Riverside Ground, Chester-le-Street",Twenty20 international,2026-07-01,17613,SV Samson,right,20053,S Mahmood,right,1,England,right pace,1,pace,2026-07-01 16:40:22,6.448,-0.438,3.0,-0.419,0.685,1.0,1.0,,,,,,,,True,True,False,True,,,,length ball,outside off,,drive,,uncontrolled,short third man,,caught,,,keyword,0,,True,False,False,False,False,False,False,False,False,commentary
1,6,India,IND,5,2,S Mahmood,1,1,2,6/2,0.00,1.06,1.5,0,0,"Mahmood to Kishan, no run",Ishan Kishan heads to the crease. ,"A length ball straight down the leg, worked quietly by the batter into the mid-wicket region where it's quickly fielded.",a62fc63a-1163-4615-a4c6-a833b435b497,229344,"England v India at Chester-le-Street, 1st T20I, 1 Jul 2026",8721,India in England,2026,"Riverside Ground, Chester-le-Street",Twenty20 international,2026-07-01,20227,IP Kishan,left,20053,S Mahmood,right,1,England,right pace,1,pace,2026-07-01 16:42:14,8.065,-0.218,4.0,0.003,0.831,2.0,1.0,,,,,,,,True,True,False,False,,,,length ball,,,work,,,,,,,,keyword,0,,False,False,False,False,False,False,False,False,True,
1,6,India,IND,5,2,S Mahmood,1,1,2,6/2,0.00,1.07,1.6,0,W,"Mahmood to Kishan, out!",,"A length ball down the leg side is worked carefully but fails to add to the score. The batter is then run out in a sharp piece of fielding, cutting short the innings with no runs from two deliveries. Ishan Kishan departs for a duck after two balls, swinging momentum sharply in England's favor from 56% to 68%.",a62fc63a-1163-4615-a4c6-a833b435b497,229344,"England v India at Chester-le-Street, 1st T20I, 1 Jul 2026",8721,India in England,2026,"Riverside Ground, Chester-le-Street",Twenty20 international,2026-07-01,20227,IP Kishan,left,20053,S Mahmood,right,1,England,right pace,1,pace,2026-07-01 16:42:51,,,,-0.166,0.656,2.0,1.0,,,,,,,,False,True,False,False,,,,length ball,down the leg side,,work,,,,,run out,,,keyword,0,,True,False,False,False,False,False,False,False,False,commentary
1,6,India,IND,5,3,LA Dawson,9,0,0,15/2,9.00,2.01,2.1,1,1,"Dawson to Sharma, 1 run",Shreyas Iyer enters the field at the non-striker's end. Liam Dawson takes the ball for their 1st spell,"Liam Dawson sends down a back of a length stock ball on leg stump. Abhishek Sharma meets it with a deft flick, sending the ball gently towards deep mid-wicket for a quick single.",a62fc63a-1163-4615-a4c6-a833b435b497,229344,"England v India at Chester-le-Street, 1st T20I, 1 Jul 2026",8721,India in England,2026,"Riverside Ground, Chester-le-Street",Twenty20 international,2026-07-01,65346,A Sharma,left,16494,LA Dawson,left,1,England,left orthodox,5,spin,2026-07-01 16:45:11,6.441,-0.169,3.0,-0.085,0.629,2.0,1.0,106923553.0,231.0,70.0,123.0,5.0,1.0,1.0,True,True,True,False,,,,back of a length,leg stump,,flick,,,,,,,,keyword,1,,False,False,False,False,False,False,False,False,False,
1,6,India,IND,5,3,LA Dawson,9,0,0,15/2,9.00,2.02,2.2,1,1,"Dawson to Iyer, 1 run",,"A length ball on off stump, nicely driven by Shreyas Iyer with a crisp, well-timed stroke racing past the fielders for a quick single. Shreyas Iyer gets off the mark.",a62fc63a-1163-4615-a4c6-a833b435b497,229344,"England v India at Chester-le-Street, 1st T20I, 1 Jul 2026",8721,India in England,2026,"Riverside Ground, Chester-le-Street",Twenty20 international,2026-07-01,22014,SS Iyer,right,16494,LA Dawson,left,1,England,left orthodox,5,spin,2026-07-01 16:45:54,4.468,-0.048,2.0,0.036,0.589,2.0,1.0,106923554.0,253.0,50.0,91.0,5.0,1.0,1.0,True,True,True,False,,,,length ball,off stump,,drive,,,,,,,,keyword,1,,False,False,False,False,False,False,False,False,False,
1,6,India,IND,5,3,LA Dawson,9,0,0,15/2,9.00,2.03,2.3,6,6,"Dawson to Sharma, 6 runs",,"A back of a length stock ball on middle stump is met with a beautifully controlled drive. The batter, Abhishek Sharma, middle-edges it with precision through extra cover for a sumptuous six. India celebrates the first six of the innings.",a62fc63a-1163-4615-a4c6-a833b435b497,229344,"England v India at Chester-le-Street, 1st T20I, 1 Jul 2026",8721,India in England,2026,"Riverside Ground, Chester-le-Street",Twenty20 international,2026-07-01,65346,A Sharma,left,16494,LA Dawson,left,1,England,left orthodox,5,spin,2026-07-01 16:46:18,5.357,-0.037,3.0,0.288,0.432,3.0,0.0,106923555.0,308.0,100.0,178.0,4.0,6.0,6.0,True,True,True,False,,,,back of a length,middle stump,,drive,,controlled,extra cover,,,,,keyword,6,,False,False,False,False,False,False,False,True,False,
1,6,India,IND,5,3,LA Dawson,9,0,0,15/2,9.00,2.04,2.4,1,1,"Dawson to Sharma, 1 run",,"Liam Dawson bowls a stock delivery on middle stump, back of a length. Abhishek Sharma flicks it neatly down to short fine leg, picking up a comfortable single.",a62fc63a-1163-4615-a4c6-a833b435b497,229344,"England v India at Chester-le-Street, 1st T20I, 1 Jul 2026",8721,India in England,2026,"Riverside Ground, Chester-le-Street",Twenty20 international,2026-07-01,65346,A Sharma,left,16494,LA Dawson,left,1,England,left orthodox,5,spin,2026-07-01 16:47:26,5.729,-0.018,3.0,0.052,0.626,2.0,1.0,106923556.0,138.0,30.0,51.0,7.0,1.0,1.0,True,True,True,False,,,,back of a length,middle stump,,flick,,,short fine leg,,,,,keyword,1,,False,False,False,False,False,False,False,False,False,
1,6,India,IND,5,3,LA Dawson,9,0,0,15/2,9.00,2.05,2.5,0,0,"Dawson to Iyer, no run",,"A back of a length stock ball on off stump, worked neatly by the batter into the ground towards mid wicket. No run comes off this delivery.",a62fc63a-1163-4615-a4c6-a833b435b497,229344,"England v India at Chester-le-Street, 1st T20I, 1 Jul 2026",8721,India in England,2026,"Riverside Ground, Chester-le-Street",Twenty20 international,2026-07-01,22014,SS Iyer,right,16494,LA Dawson,left,1,England,left orthodox,5,spin,2026-07-01 16:47:57,6.075,-0.126,3.0,0.058,0.492,2.0,1.0,,,,,,,,True,True,False,False,,,,back of a length,off stump,,work,,,mid wicket,,,,,keyword,0,,False,False,False,False,False,False,False,False,True,
1,6,India,IND,5,3,LA Dawson,9,0,0,15/2,9.00,2.06,2.6,0,0,"Dawson to Iyer, no run",,"Liam Dawson bowls a stock delivery just outside off on a back of a length. Shreyas Iyer steps forward and drives firmly, keeping the ball on the ground before it is fielded at cover. No run comes from this disciplined stroke.",a62fc63a-1163-4615-a4c6-a833b435b497,229344,"England v India at Chester-le-Street, 1st T20I, 1 Jul 2026",8721,India in England,2026,"Riverside Ground, Chester-le-Street",Twenty20 international,2026-07-01,22014,SS Iyer,right,16494,LA Dawson,left,1,England,left orthodox,5,spin,2026-07-01 16:48:15,5.271,-0.260,3.0,-0.155,0.504,2.0,1.0,,,,,,,,True,True,False,False,,,,back of a length,outside off,,drive,,,cover,,,,,keyword,0,,False,False,False,False,False,False,False,False,True,
1,6,India,IND,5,4,S Mahmood,21,0,0,36/2,21.00,3.01,3.1,0,0,"Mahmood to Sharma, no run",Saqib Mahmood continues their spell,"A back of a length delivery on leg stump, no movement, well pushed along the ground towards extra cover but no run comes off it.",a62fc63a-1163-4615-a4c6-a833b435b497,229344,"England v India at Chester-le-Street, 1st T20I, 1 Jul 2026",8721,India in England,2026,"Riverside Ground, Chester-le-Street",Twenty20 international,2026-07-01,65346,A Sharma,left,20053,S Mahmood,right,1,England,right pace,1,pace,2026-07-01 16:49:01,8.449,-0.168,4.0,0.149,0.801,2.0,1.0,,,,,,,,True,True,False,False,,,,back of a length,leg stump,no movement,push,along the ground,,extra cover,,,,,keyword,0,,False,False,False,False,False,False,False,False,True,
1,6,India,IND,5,4,S Mahmood,21,0,0,36/2,21.00,3.02,3.2,4,4,"Mahmood to Sharma, 4 runs",,"A short, down-leg ball with no movement. Abhishek Sharma pulls it crisply, timing it well through fine leg for a boundary.",a62fc63a-1163-4615-a4c6-a833b435b497,229344,"England v India at Chester-le-Street, 1st T20I, 1 Jul 2026",8721,India in England,2026,"Riverside Ground, Chester-le-Street",Twenty20 international,2026-07-01,65346,A Sharma,left,20053,S Mahmood,right,1,England,right pace,1,pace,2026-07-01 16:49:38,11.735,-0.516,4.0,-0.634,1.210,0.0,2.0,106923560.0,128.0,100.0,162.0,8.0,4.0,4.0,True,True,True,False,,,,short,,no movement,pull,,,fine leg,,,,,keyword,4,,False,False,False,False,False,False,True,False,False,
1,6,India,IND,5,4,S Mahmood,21,0,0,36/2,21.00,3.03,3.3,6,6,"Mahmood to Sharma, 6 runs",,"A short ball on the leg side with no movement, and Abhishek Sharma pulls it beautifully. He connects in the middle of the bat, sending it soaring over deep backward square leg for six. That's two boundaries for Abhishek Sharma this over.",a62fc63a-1163-4615-a4c6-a833b435b497,229344,"England v India at Chester-le-Street, 1st T20I, 1 Jul 2026",8721,India in England,2026,"Riverside Ground, Chester-le-Street",Twenty20 international,2026-07-01,65346,A Sharma,left,20053,S Mahmood,right,1,England,right pace,1,pace,2026-07-01 16:50:17,10.001,-0.271,4.0,-0.203,1.190,1.0,2.0,106923561.0,151.0,100.0,165.0,7.0,6.0,6.0,True,True,True,False,,,,short,,no movement,pull,,,deep backward square leg,,,,,keyword,6,,False,False,False,False,False,False,False,True,False,
1,6,India,IND,5,4,S Mahmood,21,0,0,36/2,21.00,3.04,3.4,6,6,"Mahmood to Sharma, 6 runs",,"Saqib Mahmood bowls an off cutter on a back of a length, angling in on leg stump. Abhishek Sharma pulls it with perfect timing, sending the ball soaring over deep square leg for a spectacular six. Abhishek Sharma marks his third boundary this over, taking his tally to 16 runs in the over so far.",a62fc63a-1163-4615-a4c6-a833b435b497,229344,"England v India at Chester-le-Street, 1st T20I, 1 Jul 2026",8721,India in England,2026,"Riverside Ground, Chester-le-Street",Twenty20 international,2026-07-01,65346,A Sharma,left,20053,S Mahmood,right,1,England,right pace,1,pace,2026-07-01 16:51:02,9.661,-0.155,4.0,0.290,1.080,3.0,2.0,106923562.0,210.0,100.0,175.0,6.0,6.0,6.0,True,True,True,False,,,,back of a length,leg stump,,pull,,,deep square leg,,,,,keyword,6,,False,False,False,False,False,False,False,True,False,
1,6,India,IND,5,4,S Mahmood,21,0,0,36/2,21.00,3.05,3.5,1,1,"Mahmood to Sharma, 1 run",,"Abhishek Sharma works a back-of-a-length delivery down the leg side with good timing, nudging it well for a single. That brings up 17 runs in this over.",a62fc63a-1163-4615-a4c6-a833b435b497,229344,"England v India at Chester-le-Street, 1st T20I, 1 Jul 2026",8721,India in England,2026,"Riverside Ground, Chester-le-Street",Twenty20 international,2026-07-01,65346,A Sharma,left,20053,S Mahmood,right,1,England,right pace,1,pace,2026-07-01 16:52:00,8.389,-0.270,4.0,-0.093,0.840,2.0,1.0,106923563.0,191.0,60.0,104.0,6.0,1.0,1.0,True,True,True,False,,,,,down the leg side,,work,,,,,,,,keyword,1,,False,False,False,False,False,False,False,False,False,
1,6,India,IND,5,4,S Mahmood,21,0,0,36/2,21.00,3.06,3.6,4,4,"Mahmood to Iyer, 4 runs",,"A back of a length delivery outside off, cut crisply by the batter. Shreyas Iyer carves a beautifully middled cut through backward point for four runs. That brings up 21 runs from this over.",a62fc63a-1163-4615-a4c6-a833b435b497,229344,"England v India at Chester-le-Street, 1st T20I, 1 Jul 2026",8721,India in England,2026,"Riverside Ground, Chester-le-Street",Twenty20 international,2026-07-01,22014,SS Iyer,right,20053,S Mahmood,right,1,England,right pace,1,pace,2026-07-01 16:52:38,8.059,-0.620,4.0,-0.630,0.768,0.0,1.0,106923564.0,151.0,100.0,165.0,7.0,4.0,4.0,True,True,True,False,,,,back of a length,outside off,,cut,,,backward point,,,,,keyword,4,,False,False,False,False,False,False,True,False,False,
1,6,India,IND,5,5,L Wood,16,0,0,52/2,16.00,4.01,4.1,0,0,"Wood to Sharma, no run",Luke Wood takes the ball for their 2nd spell,"A back of a length delivery outside off, the batter pushes it gently into the off side where it is quickly fielded by mid off. No run added here.",a62fc63a-1163-4615-a4c6-a833b435b497,229344,"England v India at Chester-le-Street, 1st T20I, 1 Jul 2026",8721,India in England,2026,"Riverside Ground, Chester-le-Street",Twenty20 international,2026-07-01,65346,A Sharma,left,41054,L Wood,left,1,England,left pace,1,pace,2026-07-01 16:53:31,8.595,0.172,4.0,-0.323,0.962,1.0,2.0,,,,,,,,True,True,False,False,,,,back of a length,outside off,,push,,,,mid off,,,,keyword,0,,False,False,False,False,False,False,False,False,True,
1,6,India,IND,5,5,L Wood,16,0,0,52/2,16.00,4.02,4.2,4,4,"Wood to Sharma, 4 runs",,"Luke Wood delivers a back of a length ball outside off, and Abhishek Sharma responds with a well-timed, controlled cut shot. The ball races away to the backward point boundary for four runs. Abhishek Sharma moves on to thirty runs off just 13 balls with a sizzling strike rate.",a62fc63a-1163-4615-a4c6-a833b435b497,229344,"England v India at Chester-le-Street, 1st T20I, 1 Jul 2026",8721,India in England,2026,"Riverside Ground, Chester-le-Street",Twenty20 international,2026-07-01,65346,A Sharma,left,41054,L Wood,left,1,England,left pace,1,pace,2026-07-01 16:54:06,8.394,0.213,4.0,-0.205,0.845,1.0,1.0,106923566.0,27.0,100.0,165.0,2.0,4.0,4.0,True,True,True,False,,,,back of a length,outside off,,cut,,controlled,backward point,,,,,keyword,4,,False,False,False,False,False,False,True,False,False,
1,6,India,IND,5,5,L Wood,16,0,0,52/2,16.00,4.03,4.3,4,4,"Wood to Sharma, 4 runs",,"Luke Wood delivers a length ball on off stump that Abhishek Sharma meets with a well-timed drive. The controlled stroke races away neatly through third man for four. That's another boundary for Abhishek Sharma, his second in this over.",a62fc63a-1163-4615-a4c6-a833b435b497,229344,"England v India at Chester-le-Street, 1st T20I, 1 Jul 2026",8721,India in England,2026,"Riverside Ground, Chester-le-Street",Twenty20 international,2026-07-01,65346,A Sharma,left,41054,L Wood,left,1,England,left pace,1,pace,2026-07-01 16:54:44,6.968,0.104,3.0,-0.214,0.744,1.0,1.0,106923567.0,33.0,100.0,165.0,2.0,4.0,4.0,True,True,True,False,,,,length ball,off stump,,drive,,controlled,third man,,,,,keyword,4,,False,False,False,False,False,False,True,False,False,
1,6,India,IND,5,5,L Wood,16,0,0,52/2,16.00,4.04,4.4,4,4,"Wood to Sharma, 4 runs",,"A back of a length delivery on the outside off is met with a crisp, well-timed drive. Abhishek Sharma sends it racing through long off with perfect control. Abhishek Sharma is in fine form, hitting another boundary this over.",a62fc63a-1163-4615-a4c6-a833b435b497,229344,"England v India at Chester-le-Street, 1st T20I, 1 Jul 2026",8721,India in England,2026,"Riverside Ground, Chester-le-Street",Twenty20 international,2026-07-01,65346,A Sharma,left,41054,L Wood,left,1,England,left pace,1,pace,2026-07-01 16:55:47,8.221,0.253,4.0,0.023,0.818,2.0,1.0,106923568.0,297.0,100.0,179.0,4.0,4.0,4.0,True,True,True,False,,,,back of a length,outside off,,drive,,,long off,,,,,keyword,4,,False,False,False,False,False,False,True,False,False,
1,6,India,IND,5,5,L Wood,16,0,0,52/2,16.00,4.05,4.5,3,3,"Wood to Sharma, 3 runs",,"Luke Wood bowls a short ball outside off, but Abhishek Sharma times a crisp pull shot, racing it along the ground for three runs. Fifteen runs come in this over as India moves to 51 for 2.",a62fc63a-1163-4615-a4c6-a833b435b497,229344,"England v India at Chester-le-Street, 1st T20I, 1 Jul 2026",8721,India in England,2026,"Riverside Ground, Chester-le-Street",Twenty20 international,2026-07-01,65346,A Sharma,left,41054,L Wood,left,1,England,left pace,1,pace,2026-07-01 16:56:30,11.182,0.396,4.0,0.066,1.355,2.0,3.0,106923569.0,193.0,95.0,164.0,6.0,3.0,3.0,True,True,True,False,,,,short,outside off,,pull,along the ground,,,,,,,keyword,3,,False,False,False,False,False,False,False,False,False,
1,6,India,IND,5,5,L Wood,16,0,0,52/2,16.00,4.06,4.6,1,1,"Wood to Iyer, 1 run",,"Shreyas Iyer plays a compact, spliced defensive stroke straight down the ground and nudges it for a tidy single. That takes the tally to 16 runs in this over.",a62fc63a-1163-4615-a4c6-a833b435b497,229344,"England v India at Chester-le-Street, 1st T20I, 1 Jul 2026",8721,India in England,2026,"Riverside Ground, Chester-le-Street",Twenty20 international,2026-07-01,22014,SS Iyer,right,41054,L Wood,left,1,England,left pace,1,pace,2026-07-01 16:57:15,6.723,0.020,3.0,-0.313,0.782,1.0,1.0,106923570.0,184.0,40.0,69.0,6.0,1.0,1.0,True,True,True,False,,,,,,,,,,,,,,,none,1,,False,False,False,False,False,False,False,False,False,
1,6,India,IND,5,6,WG Jacks,9,0,0,61/2,9.00,5.01,5.1,2,2,"Jacks to Iyer, 2 runs",Will Jacks takes the ball for their 1st spell,"Shreyas Iyer works the off break on a length ball just inside middle stump with crisp timing, picking up two runs comfortably.",a62fc63a-1163-4615-a4c6-a833b435b497,229344,"England v India at Chester-le-Street, 1st T20I, 1 Jul 2026",8721,India in England,2026,"Riverside Ground, Chester-le-Street",Twenty20 international,2026-07-01,22014,SS Iyer,right,65551,WG Jacks,right,1,England,off break,3,spin,2026-07-01 16:58:16,5.933,0.020,3.0,-0.220,0.642,1.0,1.0,106923571.0,304.0,75.0,132.0,4.0,2.0,2.0,True,True,True,False,,,,length ball,middle stump,,work,,,,,,,,keyword,2,,False,False,False,False,False,False,False,False,False,
1,6,India,IND,5,6,WG Jacks,9,0,0,61/2,9.00,5.02,5.2,1,1,"Jacks to Iyer, 1 run",,"An off break pitched just on off stump, back of a length, and Shreyas Iyer gently pushes it into the off side for a well-timed single.",a62fc63a-1163-4615-a4c6-a833b435b497,229344,"England v India at Chester-le-Street, 1st T20I, 1 Jul 2026",8721,India in England,2026,"Riverside Ground, Chester-le-Street",Twenty20 international,2026-07-01,22014,SS Iyer,right,65551,WG Jacks,right,1,England,off break,3,spin,2026-07-01 16:58:45,6.740,-0.161,3.0,-0.139,0.638,2.0,1.0,106923572.0,246.0,45.0,75.0,5.0,1.0,1.0,True,True,True,False,,,,back of a length,off stump,,push,,,,,,,,keyword,1,,False,False,False,False,False,False,False,False,False,
1,6,India,IND,5,6,WG Jacks,9,0,0,61/2,9.00,5.03,5.3,0,0,"Jacks to Sharma, no run",,"An off break pitched up on off stump sees the batter go for a cut shot, mistiming it slightly. The ball stays low and is comfortably fielded at extra cover, resulting in no run.",a62fc63a-1163-4615-a4c6-a833b435b497,229344,"England v India at Chester-le-Street, 1st T20I, 1 Jul 2026",8721,India in England,2026,"Riverside Ground, Chester-le-Street",Twenty20 international,2026-07-01,65346,A Sharma,left,65551,WG Jacks,right,1,England,off break,3,spin,2026-07-01 16:59:14,4.837,0.175,2.0,0.334,0.627,3.0,1.0,,,,,,,,True,True,False,False,,,,,off stump,,cut,,,extra cover,,,,,keyword,0,,False,False,False,False,False,False,False,False,True,
1,6,India,IND,5,6,WG Jacks,9,0,0,61/2,9.00,5.04,5.4,4,4,"Jacks to Sharma, 4 runs",,"An off break pitches just outside off on a length, and Abhishek Sharma muscles a well-timed slog through mid wicket for four. This partnership now stands at 53 runs from only 22 balls.",a62fc63a-1163-4615-a4c6-a833b435b497,229344,"England v India at Chester-le-Street, 1st T20I, 1 Jul 2026",8721,India in England,2026,"Riverside Ground, Chester-le-Street",Twenty20 international,2026-07-01,65346,A Sharma,left,65551,WG Jacks,right,1,England,off break,3,spin,2026-07-01 16:59:36,6.757,0.374,3.0,0.410,0.661,3.0,1.0,106923574.0,232.0,100.0,178.0,5.0,4.0,4.0,True,True,True,False,,,,,outside off,,slog,,,mid wicket,,,,,keyword,4,,False,False,False,False,False,False,True,False,False,
1,6,India,IND,5,6,WG Jacks,9,0,0,61/2,9.00,5.05,5.5,1,1,"Jacks to Sharma, 1 run",,"Will Jacks bowls a length off break on middle stump, and Abhishek Sharma steps forward to drive it crisply for a single.",a62fc63a-1163-4615-a4c6-a833b435b497,229344,"England v India at Chester-le-Street, 1st T20I, 1 Jul 2026",8721,India in England,2026,"Riverside Ground, Chester-le-Street",Twenty20 international,2026-07-01,65346,A Sharma,left,65551,WG Jacks,right,1,England,off break,3,spin,2026-07-01 17:00:04,4.155,-0.021,2.0,-0.098,0.550,2.0,1.0,106923575.0,288.0,85.0,151.0,4.0,1.0,1.0,True,True,True,False,,,,,middle stump,,drive,,,,,,,,keyword,1,,False,False,False,False,False,False,False,False,False,
1,6,India,IND,5,6,WG Jacks,9,0,0,61/2,9.00,5.06,5.6,1,1,"Jacks to Iyer, 1 run",,Will Jacks bowls a back of a length off break on leg stump. Shreyas Iyer works it well-timed through mid-wicket and picks up a single.,a62fc63a-1163-4615-a4c6-a833b435b497,229344,"England v India at Chester-le-Street, 1st T20I, 1 Jul 2026",8721,India in England,2026,"Riverside Ground, Chester-le-Street",Twenty20 international,2026-07-01,22014,SS Iyer,right,65551,WG Jacks,right,1,England,off break,3,spin,2026-07-01 17:00:29,6.874,0.067,3.0,-0.212,0.665,1.0,1.0,106923576.0,315.0,70.0,124.0,4.0,1.0,1.0,True,True,True,False,,,,back of a length,leg stump,,work,,,,,,,,keyword,1,,False,False,False,False,False,False,False,False,False,
1,6,India,IND,5,7,AU Rashid,11,0,0,72/2,11.00,6.01,6.1,1,1,"Rashid to Iyer, 1 run",Adil Rashid takes the ball for their 1st spell,"A leg spinner pitching back of a length on leg stump, expertly worked by the batter who keeps it along the ground for a neat single.",a62fc63a-1163-4615-a4c6-a833b435b497,229344,"England v India at Chester-le-Street, 1st T20I, 1 Jul 2026",8721,India in England,2026,"Riverside Ground, Chester-le-Street",Twenty20 international,2026-07-01,22014,SS Iyer,right,12731,AU Rashid,right,1,England,leg break,4,spin,2026-07-01 17:01:41,5.241,0.143,3.0,0.353,0.387,3.0,0.0,106923577.0,342.0,75.0,124.0,3.0,1.0,1.0,True,True,True,False,,,,back of a length,leg stump,,work,along the ground,,,,,,,keyword,1,,False,False,False,False,False,False,False,False,False,
1,6,India,IND,5,7,AU Rashid,11,0,0,72/2,11.00,6.02,6.2,1,1,"Rashid to Sharma, 1 run",,"Adil Rashid tosses up a leg spinner on a back of a length outside off stump, and Abhishek Sharma works it nicely, well-timed and kept low, stealing a quick single. Abhishek Sharma reaches his 50 off just 20 balls at a sizzling strike rate of 250.",a62fc63a-1163-4615-a4c6-a833b435b497,229344,"England v India at Chester-le-Street, 1st T20I, 1 Jul 2026",8721,India in England,2026,"Riverside Ground, Chester-le-Street",Twenty20 international,2026-07-01,65346,A Sharma,left,12731,AU Rashid,right,1,England,leg break,4,spin,2026-07-01 17:02:14,5.274,0.293,3.0,0.350,0.768,3.0,1.0,106923578.0,242.0,75.0,130.0,5.0,1.0,1.0,True,True,True,False,,,,back of a length,outside off,,work,,,,,,,,keyword,1,,False,False,False,False,False,False,False,False,False,
1,6,India,IND,5,7,AU Rashid,11,0,0,72/2,11.00,6.03,6.3,2,2,"Rashid to Iyer, 2 runs",,"Adil Rashid bowls a full-length leg spinner on off stump, and Shreyas Iyer flicks it beautifully through mid-wicket. The well-timed shot races away, stealing two runs aided by a misfield from Jacob Bethell.",a62fc63a-1163-4615-a4c6-a833b435b497,229344,"England v India at Chester-le-Street, 1st T20I, 1 Jul 2026",8721,India in England,2026,"Riverside Ground, Chester-le-Street",Twenty20 international,2026-07-01,22014,SS Iyer,right,12731,AU Rashid,right,1,England,leg break,4,spin,2026-07-01 17:02:56,2.876,-0.054,2.0,0.106,0.309,2.0,0.0,106923579.0,305.0,80.0,144.0,4.0,2.0,2.0,True,True,True,False,,,,full,off stump,,flick,,,,,,,,keyword,2,,False,False,False,False,False,False,False,False,False,
1,6,India,IND,5,7,AU Rashid,11,0,0,72/2,11.00,6.04,6.4,4,4,"Rashid to Iyer, 4 runs",,"Adil Rashid delivers a back of a length leg spinner just outside off. Shreyas Iyer pulls it crisply from the middle of the bat, sending it racing through mid-wicket for four.",a62fc63a-1163-4615-a4c6-a833b435b497,229344,"England v India at Chester-le-Street, 1st T20I, 1 Jul 2026",8721,India in England,2026,"Riverside Ground, Chester-le-Street",Twenty20 international,2026-07-01,22014,SS Iyer,right,12731,AU Rashid,right,1,England,leg break,4,spin,2026-07-01 17:03:27,5.814,-0.195,3.0,-0.349,0.588,1.0,1.0,106923580.0,312.0,100.0,177.0,4.0,4.0,4.0,True,True,True,False,,,,back of a length,outside off,,pull,,,,,,,,keyword,4,,False,False,False,False,False,False,True,False,False,
1,6,India,IND,5,7,AU Rashid,11,0,0,72/2,11.00,6.05,6.5,1,1,"Rashid to Iyer, 1 run",,"A back-of-a-length leg spinner on middle stump, taken off the pads and pulled firmly by Shreyas Iyer for a quick single down to fine leg.",a62fc63a-1163-4615-a4c6-a833b435b497,229344,"England v India at Chester-le-Street, 1st T20I, 1 Jul 2026",8721,India in England,2026,"Riverside Ground, Chester-le-Street",Twenty20 international,2026-07-01,22014,SS Iyer,right,12731,AU Rashid,right,1,England,leg break,4,spin,2026-07-01 17:04:03,6.975,-0.003,3.0,0.338,0.748,3.0,1.0,106923581.0,30.0,80.0,128.0,2.0,1.0,1.0,True,True,True,False,,,,,middle stump,,pull,,,fine leg,,,,,keyword,1,,False,False,False,False,False,False,False,False,False,
1,6,India,IND,5,7,AU Rashid,11,0,0,72/2,11.00,6.06,6.6,2,2,"Rashid to Sharma, 2 runs",,"A length googly on off stump; Abhishek Sharma drives it with control through the off side for a well-timed two, fielded cleanly at deep extra cover.",a62fc63a-1163-4615-a4c6-a833b435b497,229344,"England v India at Chester-le-Street, 1st T20I, 1 Jul 2026",8721,India in England,2026,"Riverside Ground, Chester-le-Street",Twenty20 international,2026-07-01,65346,A Sharma,left,12731,AU Rashid,right,1,England,leg break,4,spin,2026-07-01 17:04:28,4.680,0.086,2.0,0.235,0.624,3.0,1.0,106923582.0,311.0,95.0,162.0,4.0,2.0,2.0,True,True,True,False,,,,,off stump,,drive,,,deep extra cover,,,,,keyword,2,,False,False,False,False,False,False,False,False,False,
1,6,India,IND,5,8,WG Jacks,15,0,0,87/2,15.00,7.01,7.1,2,2,"Jacks to Iyer, 2 runs",Will Jacks continues their spell,"On a back of a length off break, Shreyas Iyer works the ball nicely on middle stump, driving it cleanly through the on side for two runs, helped along by a misfield at deep square leg.",a62fc63a-1163-4615-a4c6-a833b435b497,229344,"England v India at Chester-le-Street, 1st T20I, 1 Jul 2026",8721,India in England,2026,"Riverside Ground, Chester-le-Street",Twenty20 international,2026-07-01,22014,SS Iyer,right,65551,WG Jacks,right,1,England,off break,3,spin,2026-07-01 17:05:32,6.340,0.004,3.0,-0.177,0.586,2.0,1.0,106923583.0,357.0,80.0,133.0,3.0,2.0,2.0,True,True,True,False,,,,back of a length,middle stump,,drive,,,deep square leg,,,,,keyword,2,,False,False,False,False,False,False,False,False,False,
1,6,India,IND,5,8,WG Jacks,15,0,0,87/2,15.00,7.02,7.2,1,1,"Jacks to Iyer, 1 run",,"An off break drifting outside off, Shreyas Iyer steps out and drives it crisply along the ground for a quick single.",a62fc63a-1163-4615-a4c6-a833b435b497,229344,"England v India at Chester-le-Street, 1st T20I, 1 Jul 2026",8721,India in England,2026,"Riverside Ground, Chester-le-Street",Twenty20 international,2026-07-01,22014,SS Iyer,right,65551,WG Jacks,right,1,England,off break,3,spin,2026-07-01 17:05:59,3.246,-0.549,2.0,-0.716,0.394,0.0,0.0,106923584.0,176.0,80.0,135.0,7.0,1.0,1.0,True,True,True,False,,,,,outside off,,drive,along the ground,,,,,,,keyword,1,,False,False,False,False,False,False,False,False,False,
1,6,India,IND,5,8,WG Jacks,15,0,0,87/2,15.00,7.03,7.3,1,1,"Jacks to Sharma, 1 run",,"An off break pitched outside off at a back of a length, driven crisply by Abhishek Sharma through the covers for a well-run single.",a62fc63a-1163-4615-a4c6-a833b435b497,229344,"England v India at Chester-le-Street, 1st T20I, 1 Jul 2026",8721,India in England,2026,"Riverside Ground, Chester-le-Street",Twenty20 international,2026-07-01,65346,A Sharma,left,65551,WG Jacks,right,1,England,off break,3,spin,2026-07-01 17:06:30,5.220,0.176,3.0,0.361,0.718,3.0,1.0,106923585.0,328.0,80.0,136.0,3.0,1.0,1.0,True,True,True,False,,,,back of a length,outside off,,drive,,,,,,,,keyword,1,,False,False,False,False,False,False,False,False,False,
1,6,India,IND,5,8,WG Jacks,15,0,0,87/2,15.00,7.04,7.4,4,4,"Jacks to Iyer, 4 runs",,"An off break pitched back of a length on off stump, met with a crisp, well-timed cut through third man for four.",a62fc63a-1163-4615-a4c6-a833b435b497,229344,"England v India at Chester-le-Street, 1st T20I, 1 Jul 2026",8721,India in England,2026,"Riverside Ground, Chester-le-Street",Twenty20 international,2026-07-01,22014,SS Iyer,right,65551,WG Jacks,right,1,England,off break,3,spin,2026-07-01 17:06:55,6.775,-0.127,3.0,-0.478,0.707,1.0,1.0,106923586.0,131.0,100.0,162.0,8.0,4.0,4.0,True,True,True,False,,,,back of a length,off stump,,cut,,,third man,,,,,keyword,4,,False,False,False,False,False,False,True,False,False,
1,6,India,IND,5,8,WG Jacks,15,0,0,87/2,15.00,7.05,7.5,1,1,"Jacks to Iyer, 1 run",,"Will Jacks bowls a full off break on off stump, and Shreyas Iyer cleverly flicks it off the pads, timing it well for a single.",a62fc63a-1163-4615-a4c6-a833b435b497,229344,"England v India at Chester-le-Street, 1st T20I, 1 Jul 2026",8721,India in England,2026,"Riverside Ground, Chester-le-Street",Twenty20 international,2026-07-01,22014,SS Iyer,right,65551,WG Jacks,right,1,England,off break,3,spin,2026-07-01 17:07:27,3.716,-0.098,2.0,-0.176,0.359,2.0,0.0,106923587.0,290.0,85.0,154.0,4.0,1.0,1.0,True,True,True,False,,,,full,off stump,,flick,,,,,,,,keyword,1,,False,False,False,False,False,False,False,False,False,
1,6,India,IND,5,8,WG Jacks,15,0,0,87/2,15.00,7.06,7.6,6,6,"Jacks to Sharma, 6 runs",,"The off break drifts outside off and is pitched back of a length, but Abhishek Sharma swings hard in a controlled slog. He nails it perfectly, sending the ball soaring over long off for a massive six. That's 15 runs coming from this over already!",a62fc63a-1163-4615-a4c6-a833b435b497,229344,"England v India at Chester-le-Street, 1st T20I, 1 Jul 2026",8721,India in England,2026,"Riverside Ground, Chester-le-Street",Twenty20 international,2026-07-01,65346,A Sharma,left,65551,WG Jacks,right,1,England,off break,3,spin,2026-07-01 17:07:49,7.028,0.431,4.0,0.419,0.691,3.0,1.0,106923588.0,280.0,100.0,180.0,4.0,6.0,6.0,True,True,True,False,,,,back of a length,outside off,,slog,,controlled,long off,,,,,keyword,6,,False,False,False,False,False,False,False,True,False,
1,6,India,IND,5,9,SM Curran,5,0,1,92/3,5.00,8.01,8.1,1,1,"Curran to Iyer, 1 run",Sam Curran takes the ball for their 1st spell,"Shreyas Iyer dances down the pitch, flicking a back-of-a-length delivery down the leg side for a quick single.",a62fc63a-1163-4615-a4c6-a833b435b497,229344,"England v India at Chester-le-Street, 1st T20I, 1 Jul 2026",8721,India in England,2026,"Riverside Ground, Chester-le-Street",Twenty20 international,2026-07-01,22014,SS Iyer,right,21837,SM Curran,left,1,England,left pace,2,pace,2026-07-01 17:08:52,8.689,0.232,4.0,0.088,0.846,2.0,1.0,106923589.0,29.0,85.0,143.0,2.0,1.0,1.0,True,True,True,False,,,,,down the leg side,,flick,,,,,,,,keyword,1,,False,False,False,False,False,False,False,False,False,
1,6,India,IND,5,9,SM Curran,5,0,1,92/3,5.00,8.02,8.2,0,W,"Curran to Sharma, out!",,"The batter attempts a flick but misses, with the ball striking the pad for a leg before wicket appeal. After a review, the decision stands, and the batter is given out lbw. Abhishek Sharma departs for 59 off 24 deliveries, with England's win probability rising from 25% to 33% after a successful review.",a62fc63a-1163-4615-a4c6-a833b435b497,229344,"England v India at Chester-le-Street, 1st T20I, 1 Jul 2026",8721,India in England,2026,"Riverside Ground, Chester-le-Street",Twenty20 international,2026-07-01,65346,A Sharma,left,21837,SM Curran,left,1,England,left pace,2,pace,2026-07-01 17:09:32,6.027,0.054,3.0,-0.095,0.513,2.0,1.0,,,,,,,,True,True,False,False,,,,,,,flick,,,,,lbw,,,keyword,0,,True,False,False,False,False,False,False,False,False,commentary
1,6,India,IND,5,9,SM Curran,5,0,1,92/3,5.00,8.03,8.3,1,1,"Curran to Varma, 1 run",Tilak Varma heads to the crease. ,"A short delivery outside off stump, Tilak Varma attempts a pull but gets a top edge, managing just a single as it's fielded quickly at fine leg. Tilak Varma is off the mark.",a62fc63a-1163-4615-a4c6-a833b435b497,229344,"England v India at Chester-le-Street, 1st T20I, 1 Jul 2026",8721,India in England,2026,"Riverside Ground, Chester-le-Street",Twenty20 international,2026-07-01,69845,NT Tilak Varma,left,21837,SM Curran,left,1,England,left pace,2,pace,2026-07-01 17:12:34,11.854,0.179,4.0,-0.161,1.421,2.0,3.0,106923591.0,119.0,75.0,124.0,8.0,1.0,1.0,True,True,True,False,,,,short,outside off,,pull,,,fine leg,,,,,keyword,1,,False,False,False,False,False,False,False,False,False,
1,6,India,IND,5,9,SM Curran,5,0,1,92/3,5.00,8.04,8.4,1,1,"Curran to Iyer, 1 run",,"A slower ball delivered on leg stump, nicely pushed by Shreyas Iyer straight down the ground for a well-timed single.",a62fc63a-1163-4615-a4c6-a833b435b497,229344,"England v India at Chester-le-Street, 1st T20I, 1 Jul 2026",8721,India in England,2026,"Riverside Ground, Chester-le-Street",Twenty20 international,2026-07-01,22014,SS Iyer,right,21837,SM Curran,left,1,England,left pace,2,pace,2026-07-01 17:13:14,6.078,0.004,3.0,-0.166,0.526,2.0,1.0,106923592.0,255.0,80.0,147.0,5.0,1.0,1.0,True,True,True,False,,,,,leg stump,,push,,,,,,,,keyword,1,,False,False,False,False,False,False,False,False,False,
1,6,India,IND,5,9,SM Curran,5,0,1,92/3,5.00,8.05,8.5,1,1,"Curran to Varma, 1 run",,"This seaming delivery outside off, pitched back of a length, is met with a sharp glance by Tilak Varma. He splices it carefully into the ground, sneaking a single off the fine leg boundary.",a62fc63a-1163-4615-a4c6-a833b435b497,229344,"England v India at Chester-le-Street, 1st T20I, 1 Jul 2026",8721,India in England,2026,"Riverside Ground, Chester-le-Street",Twenty20 international,2026-07-01,69845,NT Tilak Varma,left,21837,SM Curran,left,1,England,left pace,2,pace,2026-07-01 17:13:46,9.353,0.269,4.0,-0.060,0.835,2.0,1.0,106923593.0,118.0,75.0,122.0,8.0,1.0,1.0,True,True,True,False,,,,back of a length,outside off,,glance,,,,,,,,keyword,1,,False,False,False,False,False,False,False,False,False,
1,6,India,IND,5,9,SM Curran,5,0,1,92/3,5.00,8.06,8.6,1,1,"Curran to Iyer, 1 run",,"On a back of a length delivery straight on leg stump, Shreyas Iyer flicks it crisply off the pads, running a quick single to deep square leg.",a62fc63a-1163-4615-a4c6-a833b435b497,229344,"England v India at Chester-le-Street, 1st T20I, 1 Jul 2026",8721,India in England,2026,"Riverside Ground, Chester-le-Street",Twenty20 international,2026-07-01,22014,SS Iyer,right,21837,SM Curran,left,1,England,left pace,2,pace,2026-07-01 17:14:23,8.066,0.172,4.0,0.059,0.740,2.0,1.0,106923594.0,358.0,80.0,135.0,3.0,1.0,1.0,True,True,True,False,,,,back of a length,leg stump,,flick,,,deep square leg,,,,,keyword,1,,False,False,False,False,False,False,False,False,False,
1,6,India,IND,5,10,LA Dawson,7,0,0,99/3,7.00,9.01,9.1,2,2,"Dawson to Iyer, 2 runs",Liam Dawson takes the ball for their 2nd spell,"Liam Dawson fires in a length stock ball on middle stump, and Shreyas Iyer executes a well-timed flick to deep mid-wicket, securing a couple of runs comfortably. Shreyas Iyer has reached thirty off just twenty balls, shaping a quick strike rate of 155.",a62fc63a-1163-4615-a4c6-a833b435b497,229344,"England v India at Chester-le-Street, 1st T20I, 1 Jul 2026",8721,India in England,2026,"Riverside Ground, Chester-le-Street",Twenty20 international,2026-07-01,22014,SS Iyer,right,16494,LA Dawson,left,1,England,left orthodox,5,spin,2026-07-01 17:15:40,3.758,0.024,2.0,0.220,0.430,3.0,0.0,106923595.0,312.0,70.0,126.0,4.0,2.0,2.0,True,True,True,False,,,,,middle stump,,flick,,,,,,,,keyword,2,,False,False,False,False,False,False,False,False,False,
1,6,India,IND,5,10,LA Dawson,7,0,0,99/3,7.00,9.02,9.2,1,1,"Dawson to Iyer, 1 run",,"Dawson bowls a short arm ball outside off, and Iyer pulls it low along the ground for a quick single towards deep square leg.",a62fc63a-1163-4615-a4c6-a833b435b497,229344,"England v India at Chester-le-Street, 1st T20I, 1 Jul 2026",8721,India in England,2026,"Riverside Ground, Chester-le-Street",Twenty20 international,2026-07-01,22014,SS Iyer,right,16494,LA Dawson,left,1,England,left orthodox,5,spin,2026-07-01 17:16:17,8.215,-0.312,4.0,-0.022,0.509,2.0,1.0,106923596.0,330.0,80.0,144.0,3.0,1.0,1.0,True,True,True,False,,,,short,outside off,,pull,along the ground,,deep square leg,,,,,keyword,1,,False,False,False,False,False,False,False,False,False,
1,6,India,IND,5,10,LA Dawson,7,0,0,99/3,7.00,9.03,9.3,1,1,"Dawson to Varma, 1 run",,"On the back of a length stock ball, Varma pulls it nicely with a well-timed swing to deep mid-wicket for a single.",a62fc63a-1163-4615-a4c6-a833b435b497,229344,"England v India at Chester-le-Street, 1st T20I, 1 Jul 2026",8721,India in England,2026,"Riverside Ground, Chester-le-Street",Twenty20 international,2026-07-01,69845,NT Tilak Varma,left,16494,LA Dawson,left,1,England,left orthodox,5,spin,2026-07-01 17:17:59,7.959,0.032,4.0,0.532,0.526,3.0,1.0,106923597.0,221.0,90.0,154.0,6.0,1.0,1.0,True,True,True,False,,,,back of a length,,,pull,,,,,,,,keyword,1,,False,False,False,False,False,False,False,False,False,
1,6,India,IND,5,10,LA Dawson,7,0,0,99/3,7.00,9.04,9.4,1,1,"Dawson to Iyer, 1 run",,"A back of a length stock ball on off stump, worked neatly by Shreyas Iyer into the deep mid-wicket region for a single.",a62fc63a-1163-4615-a4c6-a833b435b497,229344,"England v India at Chester-le-Street, 1st T20I, 1 Jul 2026",8721,India in England,2026,"Riverside Ground, Chester-le-Street",Twenty20 international,2026-07-01,22014,SS Iyer,right,16494,LA Dawson,left,1,England,left orthodox,5,spin,2026-07-01 17:18:28,6.045,-0.066,3.0,0.149,0.518,2.0,1.0,106923598.0,326.0,80.0,136.0,3.0,1.0,1.0,True,True,True,False,,,,back of a length,off stump,,work,,,,,,,,keyword,1,,False,False,False,False,False,False,False,False,False,
1,6,India,IND,5,10,LA Dawson,7,0,0,99/3,7.00,9.05,9.5,1,1,"Dawson to Varma, 1 run",,"Liam Dawson bowls a back of a length stock ball outside off, and Varma lunges into a controlled slog, managing to get a quick single towards deep mid wicket where Will Jacks fields it cleanly.",a62fc63a-1163-4615-a4c6-a833b435b497,229344,"England v India at Chester-le-Street, 1st T20I, 1 Jul 2026",8721,India in England,2026,"Riverside Ground, Chester-le-Street",Twenty20 international,2026-07-01,69845,NT Tilak Varma,left,16494,LA Dawson,left,1,England,left orthodox,5,spin,2026-07-01 17:18:51,7.171,0.375,4.0,0.835,0.440,4.0,0.0,106923599.0,239.0,85.0,145.0,5.0,1.0,1.0,True,True,True,False,,,,back of a length,outside off,,slog,,controlled,deep mid wicket,,,,,keyword,1,,False,False,False,False,False,False,False,False,False,
1,6,India,IND,5,10,LA Dawson,7,0,0,99/3,7.00,9.06,9.6,1,1,"Dawson to Iyer, 1 run",,"Liam Dawson bowls a full stock ball just outside off, and Shreyas Iyer neatly drives it with crisp timing for a single.",a62fc63a-1163-4615-a4c6-a833b435b497,229344,"England v India at Chester-le-Street, 1st T20I, 1 Jul 2026",8721,India in England,2026,"Riverside Ground, Chester-le-Street",Twenty20 international,2026-07-01,22014,SS Iyer,right,16494,LA Dawson,left,1,England,left orthodox,5,spin,2026-07-01 17:19:20,3.400,-0.202,2.0,-0.132,0.312,2.0,0.0,106923600.0,257.0,90.0,163.0,5.0,1.0,1.0,True,True,True,False,,,,full,outside off,,drive,,,,,,,,keyword,1,,False,False,False,False,False,False,False,False,False,
1,6,India,IND,5,11,AU Rashid,6,0,0,105/3,6.00,10.01,10.1,0,0,"Rashid to Iyer, no run",Adil Rashid takes the ball for their 2nd spell,"On a length ball pitching on off stump, the leg spinner is met with a controlled drive from the batter, who keeps it grounded and straight to the fielder. No run comes off this delivery.",a62fc63a-1163-4615-a4c6-a833b435b497,229344,"England v India at Chester-le-Street, 1st T20I, 1 Jul 2026",8721,India in England,2026,"Riverside Ground, Chester-le-Street",Twenty20 international,2026-07-01,22014,SS Iyer,right,12731,AU Rashid,right,1,England,leg break,4,spin,2026-07-01 17:22:35,3.937,-0.062,2.0,0.028,0.531,2.0,1.0,,,,,,,,True,True,False,False,,,,length ball,off stump,,drive,,controlled,,,,,,keyword,0,,False,False,False,False,False,False,False,False,True,
1,6,India,IND,5,11,AU Rashid,6,0,0,105/3,6.00,10.02,10.2,0,0,"Rashid to Iyer, no run",,"Adil Rashid floats a leg spinner outside off stump, pitching back of a length. Shreyas Iyer leans into a controlled cut, guiding the ball just past backward point for no run.",a62fc63a-1163-4615-a4c6-a833b435b497,229344,"England v India at Chester-le-Street, 1st T20I, 1 Jul 2026",8721,India in England,2026,"Riverside Ground, Chester-le-Street",Twenty20 international,2026-07-01,22014,SS Iyer,right,12731,AU Rashid,right,1,England,leg break,4,spin,2026-07-01 17:22:59,5.168,-0.566,3.0,-0.522,0.475,1.0,1.0,,,,,,,,True,True,False,False,,,,back of a length,outside off,,cut,,controlled,backward point,,,,,keyword,0,,False,False,False,False,False,False,False,False,True,
1,6,India,IND,5,11,AU Rashid,6,0,0,105/3,6.00,10.03,10.3,1,1,"Rashid to Iyer, 1 run",,"A length ball drifting outside off from the leg spinner, met with a well-timed drive by Shreyas Iyer racing to the off side for a single. India move on to 100 for 3.",a62fc63a-1163-4615-a4c6-a833b435b497,229344,"England v India at Chester-le-Street, 1st T20I, 1 Jul 2026",8721,India in England,2026,"Riverside Ground, Chester-le-Street",Twenty20 international,2026-07-01,22014,SS Iyer,right,12731,AU Rashid,right,1,England,leg break,4,spin,2026-07-01 17:23:30,3.098,-0.368,2.0,-0.390,0.305,1.0,0.0,106923603.0,254.0,75.0,137.0,5.0,1.0,1.0,True,True,True,False,,,,length ball,outside off,,drive,,,,,,,,keyword,1,,False,False,False,False,False,False,False,False,False,
1,6,India,IND,5,11,AU Rashid,6,0,0,105/3,6.00,10.04,10.4,0,0,"Rashid to Varma, no run",,"A back of a length leg-spinner drifting outside off, met with a controlled drive by Tilak Varma who keeps it on the ground and pushes it out towards extra cover. No run comes off this tidy delivery.",a62fc63a-1163-4615-a4c6-a833b435b497,229344,"England v India at Chester-le-Street, 1st T20I, 1 Jul 2026",8721,India in England,2026,"Riverside Ground, Chester-le-Street",Twenty20 international,2026-07-01,69845,NT Tilak Varma,left,12731,AU Rashid,right,1,England,leg break,4,spin,2026-07-01 17:24:11,6.238,0.473,3.0,0.681,0.472,4.0,1.0,,,,,,,,True,True,False,False,,,,back of a length,outside off,,drive,,controlled,extra cover,,,,,keyword,0,,False,False,False,False,False,False,False,False,True,
1,6,India,IND,5,11,AU Rashid,6,0,0,105/3,6.00,10.05,10.5,4,4,"Rashid to Varma, 4 runs",,"Adil Rashid tosses up a length ball with his leg spin drifting outside off. Tilak Varma steps in and unleashes a well-timed, controlled slog-sweep that races through deep mid wicket for four, helped by a misfield.",a62fc63a-1163-4615-a4c6-a833b435b497,229344,"England v India at Chester-le-Street, 1st T20I, 1 Jul 2026",8721,India in England,2026,"Riverside Ground, Chester-le-Street",Twenty20 international,2026-07-01,69845,NT Tilak Varma,left,12731,AU Rashid,right,1,England,leg break,4,spin,2026-07-01 17:24:36,3.361,0.246,2.0,0.156,0.621,2.0,1.0,106923605.0,228.0,100.0,177.0,5.0,4.0,4.0,True,True,True,False,,,,length ball,outside off,,slog sweep,,controlled,deep mid wicket,,,,,keyword,4,,False,False,False,False,False,False,True,False,False,
1,6,India,IND,5,11,AU Rashid,6,0,0,105/3,6.00,10.06,10.6,1,1,"Rashid to Varma, 1 run",,"Adil Rashid floats a length ball outside off, and Tilak Varma gracefully sweeps it with excellent timing, sneaking a single to deep square leg.",a62fc63a-1163-4615-a4c6-a833b435b497,229344,"England v India at Chester-le-Street, 1st T20I, 1 Jul 2026",8721,India in England,2026,"Riverside Ground, Chester-le-Street",Twenty20 international,2026-07-01,69845,NT Tilak Varma,left,12731,AU Rashid,right,1,England,leg break,4,spin,2026-07-01 17:25:45,4.602,0.208,2.0,0.428,0.606,3.0,1.0,106923606.0,204.0,75.0,135.0,6.0,1.0,1.0,True,True,True,False,,,,length ball,outside off,,sweep,,,deep square leg,,,,,keyword,1,,False,False,False,False,False,False,False,False,False,
1,6,India,IND,5,12,WG Jacks,6,0,0,111/3,6.00,11.01,11.1,1,1,"Jacks to Varma, 1 run",Will Jacks takes the ball for their 2nd spell,"Off break on a full length on leg stump, Varma elegantly flicks it away for a quick single.",a62fc63a-1163-4615-a4c6-a833b435b497,229344,"England v India at Chester-le-Street, 1st T20I, 1 Jul 2026",8721,India in England,2026,"Riverside Ground, Chester-le-Street",Twenty20 international,2026-07-01,69845,NT Tilak Varma,left,65551,WG Jacks,right,1,England,off break,3,spin,2026-07-01 17:26:54,3.110,-0.223,2.0,-0.482,0.647,1.0,1.0,106923607.0,228.0,80.0,137.0,5.0,1.0,1.0,True,True,True,False,,,,full,leg stump,,flick,,,,,,,,keyword,1,,False,False,False,False,False,False,False,False,False,
1,6,India,IND,5,12,WG Jacks,6,0,0,111/3,6.00,11.02,11.2,2,2,"Jacks to Iyer, 2 runs",,"An off break pitched back of a length on off stump, Shreyas Iyer deftly flicks it off his pads, guiding the ball smoothly away for a quick two.",a62fc63a-1163-4615-a4c6-a833b435b497,229344,"England v India at Chester-le-Street, 1st T20I, 1 Jul 2026",8721,India in England,2026,"Riverside Ground, Chester-le-Street",Twenty20 international,2026-07-01,22014,SS Iyer,right,65551,WG Jacks,right,1,England,off break,3,spin,2026-07-01 17:27:25,8.088,-0.086,4.0,-0.247,0.714,1.0,1.0,106923608.0,310.0,75.0,132.0,4.0,2.0,2.0,True,True,True,False,,,,back of a length,off stump,,flick,,,,,,,,keyword,2,,False,False,False,False,False,False,False,False,False,
1,6,India,IND,5,12,WG Jacks,6,0,0,111/3,6.00,11.03,11.3,1,1,"Jacks to Iyer, 1 run",,"Shreyas Iyer steps out to an off break pitching length outside off and executes a well-timed cut shot, sending the ball racing through point for a neat single.",a62fc63a-1163-4615-a4c6-a833b435b497,229344,"England v India at Chester-le-Street, 1st T20I, 1 Jul 2026",8721,India in England,2026,"Riverside Ground, Chester-le-Street",Twenty20 international,2026-07-01,22014,SS Iyer,right,65551,WG Jacks,right,1,England,off break,3,spin,2026-07-01 17:28:27,4.943,-0.675,2.0,-0.898,0.648,0.0,1.0,106923609.0,190.0,90.0,150.0,6.0,1.0,1.0,True,True,True,False,,,,,outside off,,cut,,,point,,,,,keyword,1,,False,False,False,False,False,False,False,False,False,
1,6,India,IND,5,12,WG Jacks,6,0,0,111/3,6.00,11.04,11.4,1,1,"Jacks to Varma, 1 run",,"Off break bowled outside off, gently pushed with perfect timing for a quick single.",a62fc63a-1163-4615-a4c6-a833b435b497,229344,"England v India at Chester-le-Street, 1st T20I, 1 Jul 2026",8721,India in England,2026,"Riverside Ground, Chester-le-Street",Twenty20 international,2026-07-01,69845,NT Tilak Varma,left,65551,WG Jacks,right,1,England,off break,3,spin,2026-07-01 17:28:50,5.974,0.197,3.0,0.267,0.777,3.0,1.0,106923610.0,342.0,80.0,136.0,3.0,1.0,1.0,True,True,True,False,,,,,outside off,,push,,,,,,,,keyword,1,,False,False,False,False,False,False,False,False,False,
1,6,India,IND,5,12,WG Jacks,6,0,0,111/3,6.00,11.05,11.5,1,1,"Jacks to Iyer, 1 run",,"An off break pitched at a good length outside off, met with a controlled working shot by Shreyas Iyer who nudges it through for a quick single.",a62fc63a-1163-4615-a4c6-a833b435b497,229344,"England v India at Chester-le-Street, 1st T20I, 1 Jul 2026",8721,India in England,2026,"Riverside Ground, Chester-le-Street",Twenty20 international,2026-07-01,22014,SS Iyer,right,65551,WG Jacks,right,1,England,off break,3,spin,2026-07-01 17:29:21,6.775,-0.386,3.0,0.078,0.550,2.0,1.0,106923611.0,347.0,70.0,118.0,3.0,1.0,1.0,True,True,True,False,,,,,outside off,,work,,controlled,,,,,,keyword,1,,False,False,False,False,False,False,False,False,False,
1,6,India,IND,5,12,WG Jacks,6,0,0,111/3,6.00,11.06,11.6,0,0,"Jacks to Varma, no run",,Tilak Varma attempts an inventive switch hit off an off break on middle stump pitched at length but only manages a gloved connection and no run. England has just lost a review.,a62fc63a-1163-4615-a4c6-a833b435b497,229344,"England v India at Chester-le-Street, 1st T20I, 1 Jul 2026",8721,India in England,2026,"Riverside Ground, Chester-le-Street",Twenty20 international,2026-07-01,69845,NT Tilak Varma,left,65551,WG Jacks,right,1,England,off break,3,spin,2026-07-01 17:29:54,4.925,-0.072,2.0,-0.144,0.677,2.0,1.0,,,,,,,,True,True,False,False,,,,,middle stump,,,,,,,,,,keyword,0,,False,False,False,False,False,False,False,False,True,
1,6,India,IND,5,13,SM Curran,10,1,0,121/3,9.00,12.01,12.1,0,0,"Curran to Iyer, no run",Sam Curran takes the ball for their 2nd spell,"Curran bowls a slower ball pitching on middle stump around length, and Iyer pushes it calmly along the ground towards extra cover for no run.",a62fc63a-1163-4615-a4c6-a833b435b497,229344,"England v India at Chester-le-Street, 1st T20I, 1 Jul 2026",8721,India in England,2026,"Riverside Ground, Chester-le-Street",Twenty20 international,2026-07-01,22014,SS Iyer,right,21837,SM Curran,left,1,England,left pace,2,pace,2026-07-01 17:31:40,6.834,0.002,3.0,-0.256,0.641,1.0,1.0,,,,,,,,True,True,False,False,,,,,middle stump,,push,along the ground,,extra cover,,,,,keyword,0,,False,False,False,False,False,False,False,False,True,
1,6,India,IND,5,13,SM Curran,10,1,0,121/3,9.00,12.02,12.2,2,2,"Curran to Iyer, 2 runs",,"Shreyas Iyer attempts a slog on a full, middle-stump slower ball but mistimes it, managing just two runs as the ball is quickly fielded deep square leg by Jacob Bethell.",a62fc63a-1163-4615-a4c6-a833b435b497,229344,"England v India at Chester-le-Street, 1st T20I, 1 Jul 2026",8721,India in England,2026,"Riverside Ground, Chester-le-Street",Twenty20 international,2026-07-01,22014,SS Iyer,right,21837,SM Curran,left,1,England,left pace,2,pace,2026-07-01 17:32:11,4.263,0.005,2.0,-0.142,0.526,2.0,1.0,106923614.0,344.0,85.0,144.0,3.0,2.0,2.0,True,True,True,False,,,,full,,,slog,,,,,,,,keyword,2,,False,False,False,False,False,False,False,False,False,
1,6,India,IND,5,13,SM Curran,10,1,0,121/3,9.00,12.03,12.2,1,1ʷᵈ,"Curran to Iyer, 1 run (wide)",,"A slower ball down the leg side, a half-tracker that Shreyas Iyer decides to leave alone. The ball drifts wide and the umpire calls a wide, adding an extra run to the total.",a62fc63a-1163-4615-a4c6-a833b435b497,229344,"England v India at Chester-le-Street, 1st T20I, 1 Jul 2026",8721,India in England,2026,"Riverside Ground, Chester-le-Street",Twenty20 international,2026-07-01,22014,SS Iyer,right,21837,SM Curran,left,1,England,left pace,2,pace,2026-07-01 17:32:46,8.407,0.364,4.0,,,,,,,,,,,,True,False,False,False,,,,,down the leg side,,leave,,,,,,,,keyword,1,wide,False,True,False,False,False,False,False,False,False,
1,6,India,IND,5,13,SM Curran,10,1,0,121/3,9.00,12.04,12.3,1,1,"Curran to Iyer, 1 run",,"A back of a length delivery on leg is met with a crisp flick from Shreyas Iyer, who picks up a quick single towards deep backward square leg.",a62fc63a-1163-4615-a4c6-a833b435b497,229344,"England v India at Chester-le-Street, 1st T20I, 1 Jul 2026",8721,India in England,2026,"Riverside Ground, Chester-le-Street",Twenty20 international,2026-07-01,22014,SS Iyer,right,21837,SM Curran,left,1,England,left pace,2,pace,2026-07-01 17:33:20,8.259,0.357,4.0,0.349,0.875,3.0,1.0,106923616.0,19.0,85.0,143.0,2.0,1.0,1.0,True,True,True,False,,,,back of a length,,,flick,,,deep backward square leg,,,,,keyword,1,,False,False,False,False,False,False,False,False,False,
1,6,India,IND,5,13,SM Curran,10,1,0,121/3,9.00,12.05,12.4,1,1,"Curran to Varma, 1 run",,"Tilak Varma flicks the yorker-length delivery neatly on the leg side for a single, keeping the scoreboard moving.",a62fc63a-1163-4615-a4c6-a833b435b497,229344,"England v India at Chester-le-Street, 1st T20I, 1 Jul 2026",8721,India in England,2026,"Riverside Ground, Chester-le-Street",Twenty20 international,2026-07-01,69845,NT Tilak Varma,left,21837,SM Curran,left,1,England,left pace,2,pace,2026-07-01 17:33:57,2.573,0.144,2.0,0.106,0.580,2.0,1.0,106923617.0,250.0,60.0,111.0,5.0,1.0,1.0,True,True,True,False,,,,yorker,,,flick,,,,,,,,keyword,1,,False,False,False,False,False,False,False,False,False,
1,6,India,IND,5,13,SM Curran,10,1,0,121/3,9.00,12.06,12.5,4,4,"Curran to Iyer, 4 runs",,"Full-length off cutter on the leg side, and Shreyas Iyer caresses a well-timed flick down to fine leg for four.",a62fc63a-1163-4615-a4c6-a833b435b497,229344,"England v India at Chester-le-Street, 1st T20I, 1 Jul 2026",8721,India in England,2026,"Riverside Ground, Chester-le-Street",Twenty20 international,2026-07-01,22014,SS Iyer,right,21837,SM Curran,left,1,England,left pace,2,pace,2026-07-01 17:34:29,5.105,0.255,3.0,0.214,0.702,3.0,1.0,106923618.0,74.0,100.0,160.0,1.0,4.0,4.0,True,True,True,False,,,,full,,,flick,,,fine leg,,,,,keyword,4,,False,False,False,False,False,False,True,False,False,
1,6,India,IND,5,13,SM Curran,10,1,0,121/3,9.00,12.07,12.6,1,1,"Curran to Iyer, 1 run",,"Length ball directed down the leg side, Shreyas Iyer expertly flicks it off the pads for a well-timed single.",a62fc63a-1163-4615-a4c6-a833b435b497,229344,"England v India at Chester-le-Street, 1st T20I, 1 Jul 2026",8721,India in England,2026,"Riverside Ground, Chester-le-Street",Twenty20 international,2026-07-01,22014,SS Iyer,right,21837,SM Curran,left,1,England,left pace,2,pace,2026-07-01 17:35:08,6.622,0.273,3.0,0.217,0.752,3.0,1.0,106923619.0,17.0,90.0,150.0,2.0,1.0,1.0,True,True,True,False,,,,length ball,down the leg side,,flick,,,,,,,,keyword,1,,False,False,False,False,False,False,False,False,False,
1,6,India,IND,5,14,S Mahmood,4,0,1,125/4,4.00,13.01,13.1,1,1,"Mahmood to Iyer, 1 run",Saqib Mahmood takes the ball for their 2nd spell,"Saqib Mahmood bowls a back of a length delivery just outside off, and Shreyas Iyer cuts it away with a well-timed pull, running a quick single.",a62fc63a-1163-4615-a4c6-a833b435b497,229344,"England v India at Chester-le-Street, 1st T20I, 1 Jul 2026",8721,India in England,2026,"Riverside Ground, Chester-le-Street",Twenty20 international,2026-07-01,22014,SS Iyer,right,20053,S Mahmood,right,1,England,right pace,1,pace,2026-07-01 17:36:04,10.264,-0.229,4.0,0.051,1.019,2.0,2.0,106923620.0,14.0,80.0,140.0,2.0,1.0,1.0,True,True,True,False,,,,back of a length,outside off,,pull,,,,,,,,keyword,1,,False,False,False,False,False,False,False,False,False,
1,6,India,IND,5,14,S Mahmood,4,0,1,125/4,4.00,13.02,13.2,1,1,"Mahmood to Varma, 1 run",,"Saqib Mahmood sends down a yorker on off stump, and Tilak Varma drives it crisply along the ground towards long off, picking up a well-timed single.",a62fc63a-1163-4615-a4c6-a833b435b497,229344,"England v India at Chester-le-Street, 1st T20I, 1 Jul 2026",8721,India in England,2026,"Riverside Ground, Chester-le-Street",Twenty20 international,2026-07-01,69845,NT Tilak Varma,left,20053,S Mahmood,right,1,England,right pace,1,pace,2026-07-01 17:37:15,2.734,0.138,2.0,0.262,0.306,3.0,0.0,106923621.0,288.0,80.0,144.0,4.0,1.0,1.0,True,True,True,False,,,,yorker,off stump,,drive,along the ground,,long off,,,,,keyword,1,,False,False,False,False,False,False,False,False,False,
1,6,India,IND,5,14,S Mahmood,4,0,1,125/4,4.00,13.03,13.3,1,1,"Mahmood to Iyer, 1 run",,"On the short outside off cutter, the batsman pulls it crisply along the ground for a single, timing it nicely.",a62fc63a-1163-4615-a4c6-a833b435b497,229344,"England v India at Chester-le-Street, 1st T20I, 1 Jul 2026",8721,India in England,2026,"Riverside Ground, Chester-le-Street",Twenty20 international,2026-07-01,22014,SS Iyer,right,20053,S Mahmood,right,1,England,right pace,1,pace,2026-07-01 17:37:54,11.670,-0.543,4.0,-0.239,1.206,1.0,2.0,106923622.0,11.0,80.0,137.0,2.0,1.0,1.0,True,True,True,False,,,,short,outside off,,pull,along the ground,,,,,,,keyword,1,,False,False,False,False,False,False,False,False,False,
1,6,India,IND,5,14,S Mahmood,4,0,1,125/4,4.00,13.04,13.4,0,W,"Mahmood to Varma, out!",,"A full toss outside off presented a chance, but Tilak Varma mis-times a risky scoop and is caught at short fine leg, ending his innings. Tilak Varma goes for 13 off 13 as England gain momentum, their WinViz rising from 34% to 40%.",a62fc63a-1163-4615-a4c6-a833b435b497,229344,"England v India at Chester-le-Street, 1st T20I, 1 Jul 2026",8721,India in England,2026,"Riverside Ground, Chester-le-Street",Twenty20 international,2026-07-01,69845,NT Tilak Varma,left,20053,S Mahmood,right,1,England,right pace,1,pace,2026-07-01 17:38:32,-0.173,0.620,0.0,0.609,,4.0,,,,,,,,,True,True,False,True,,,,full toss,outside off,,,,,short fine leg,,caught,,,keyword,0,,True,False,False,False,False,False,False,False,False,commentary
1,6,India,IND,5,14,S Mahmood,4,0,1,125/4,4.00,13.05,13.5,1,1,"Mahmood to Dube, 1 run",Shivam Dube heads to the crease. ,"A length ball drifting down the leg side, pushed crisply by the batter for a single. Shivam Dube gets off the mark with a handy run.",a62fc63a-1163-4615-a4c6-a833b435b497,229344,"England v India at Chester-le-Street, 1st T20I, 1 Jul 2026",8721,India in England,2026,"Riverside Ground, Chester-le-Street",Twenty20 international,2026-07-01,63520,SR Dube,left,20053,S Mahmood,right,1,England,right pace,1,pace,2026-07-01 17:40:44,7.970,-0.264,4.0,-0.050,0.715,2.0,1.0,106923624.0,304.0,50.0,86.0,4.0,1.0,1.0,True,True,True,False,,,,length ball,down the leg side,,push,,,,,,,,keyword,1,,False,False,False,False,False,False,False,False,False,
1,6,India,IND,5,14,S Mahmood,4,0,1,125/4,4.00,13.06,13.6,0,0,"Mahmood to Iyer, no run",,"Saqib Mahmood bowls a length delivery just outside off, and Shreyas Iyer drives it crisply along the ground towards extra cover but fails to find the boundary, resulting in no run.",a62fc63a-1163-4615-a4c6-a833b435b497,229344,"England v India at Chester-le-Street, 1st T20I, 1 Jul 2026",8721,India in England,2026,"Riverside Ground, Chester-le-Street",Twenty20 international,2026-07-01,22014,SS Iyer,right,20053,S Mahmood,right,1,England,right pace,1,pace,2026-07-01 17:41:37,5.923,-0.288,3.0,-0.243,0.508,1.0,1.0,,,,,,,,True,True,False,False,,,,,outside off,,drive,along the ground,,extra cover,,,,,keyword,0,,False,False,False,False,False,False,False,False,True,
1,6,India,IND,5,15,LA Dawson,10,0,0,135/4,10.00,14.01,14.1,1,1,"Dawson to Dube, 1 run",Liam Dawson takes the ball for their 3rd spell,"A stock ball pitched just outside off stump, back of a length, and Shivam Dube works it nicely with a well-timed touch to pick up a comfortable single.",a62fc63a-1163-4615-a4c6-a833b435b497,229344,"England v India at Chester-le-Street, 1st T20I, 1 Jul 2026",8721,India in England,2026,"Riverside Ground, Chester-le-Street",Twenty20 international,2026-07-01,63520,SR Dube,left,16494,LA Dawson,left,1,England,left orthodox,5,spin,2026-07-01 17:43:12,5.882,0.201,3.0,-0.078,0.633,2.0,1.0,106923626.0,258.0,75.0,136.0,5.0,1.0,1.0,True,True,True,False,,,,back of a length,outside off,,work,,,,,,,,keyword,1,,False,False,False,False,False,False,False,False,False,
1,6,India,IND,5,15,LA Dawson,10,0,0,135/4,10.00,14.02,14.2,1,1,"Dawson to Iyer, 1 run",,"Shreyas Iyer meets the stock ball, pitched back of a length outside off, with a well-timed drive racing to long off for a comfortable single. Shreyas Iyer has reached his 50 off just 38 balls at a striking 132.",a62fc63a-1163-4615-a4c6-a833b435b497,229344,"England v India at Chester-le-Street, 1st T20I, 1 Jul 2026",8721,India in England,2026,"Riverside Ground, Chester-le-Street",Twenty20 international,2026-07-01,22014,SS Iyer,right,16494,LA Dawson,left,1,England,left orthodox,5,spin,2026-07-01 17:43:41,5.553,-0.269,3.0,-0.190,0.516,2.0,1.0,106923627.0,251.0,75.0,139.0,5.0,1.0,1.0,True,True,True,False,,,,back of a length,outside off,,drive,,,long off,,,,,keyword,1,,False,False,False,False,False,False,False,False,False,
1,6,India,IND,5,15,LA Dawson,10,0,0,135/4,10.00,14.03,14.3,1,1,"Dawson to Dube, 1 run",,"A stock ball pitching back of a length outside off, Shivam Dube plays a well-timed, controlled pull and takes a single.",a62fc63a-1163-4615-a4c6-a833b435b497,229344,"England v India at Chester-le-Street, 1st T20I, 1 Jul 2026",8721,India in England,2026,"Riverside Ground, Chester-le-Street",Twenty20 international,2026-07-01,63520,SR Dube,left,16494,LA Dawson,left,1,England,left orthodox,5,spin,2026-07-01 17:44:18,7.549,0.468,4.0,0.145,0.673,2.0,1.0,106923628.0,221.0,85.0,146.0,6.0,1.0,1.0,True,True,True,False,,,,back of a length,outside off,,pull,,controlled,,,,,,keyword,1,,False,False,False,False,False,False,False,False,False,
1,6,India,IND,5,15,LA Dawson,10,0,0,135/4,10.00,14.04,14.4,4,4,"Dawson to Iyer, 4 runs",,"The stock ball on a good back of a length outside off, driven crisply by the batter. It's a beautifully middled drive racing past backward point to the boundary.",a62fc63a-1163-4615-a4c6-a833b435b497,229344,"England v India at Chester-le-Street, 1st T20I, 1 Jul 2026",8721,India in England,2026,"Riverside Ground, Chester-le-Street",Twenty20 international,2026-07-01,22014,SS Iyer,right,16494,LA Dawson,left,1,England,left orthodox,5,spin,2026-07-01 17:44:49,5.404,-0.540,3.0,-0.582,0.572,1.0,1.0,106923629.0,159.0,100.0,166.0,7.0,4.0,4.0,True,True,True,False,,,,back of a length,outside off,,drive,,,backward point,,,,,keyword,4,,False,False,False,False,False,False,True,False,False,
1,6,India,IND,5,15,LA Dawson,10,0,0,135/4,10.00,14.05,14.5,1,1,"Dawson to Iyer, 1 run",,"Shreyas Iyer works a well-timed flick off a length ball on middle stump, guiding it neatly down to long on for a single.",a62fc63a-1163-4615-a4c6-a833b435b497,229344,"England v India at Chester-le-Street, 1st T20I, 1 Jul 2026",8721,India in England,2026,"Riverside Ground, Chester-le-Street",Twenty20 international,2026-07-01,22014,SS Iyer,right,16494,LA Dawson,left,1,England,left orthodox,5,spin,2026-07-01 17:45:30,3.952,0.008,2.0,0.129,0.512,2.0,1.0,106923630.0,285.0,75.0,137.0,4.0,1.0,1.0,True,True,True,False,,,,length ball,middle stump,,flick,,,long on,,,,,keyword,1,,False,False,False,False,False,False,False,False,False,
1,6,India,IND,5,15,LA Dawson,10,0,0,135/4,10.00,14.06,14.6,2,2,"Dawson to Dube, 2 runs",,"A stock length ball wide outside off, Shivam Dube drives it crisply with controlled elegance to the off side for two runs, well fielded at deep cover by Jacob Bethell.",a62fc63a-1163-4615-a4c6-a833b435b497,229344,"England v India at Chester-le-Street, 1st T20I, 1 Jul 2026",8721,India in England,2026,"Riverside Ground, Chester-le-Street",Twenty20 international,2026-07-01,63520,SR Dube,left,16494,LA Dawson,left,1,England,left orthodox,5,spin,2026-07-01 17:46:07,5.053,0.914,3.0,0.900,0.704,4.0,1.0,106923631.0,354.0,85.0,146.0,3.0,2.0,2.0,True,True,True,False,,,,length ball,wide outside off,,drive,,controlled,deep cover,,,,,keyword,2,,False,False,False,False,False,False,False,False,False,
1,6,India,IND,5,16,L Wood,14,0,0,149/4,14.00,15.01,15.1,1,1,"Wood to Iyer, 1 run",Luke Wood takes the ball for their 3rd spell,"Luke Wood delivers a length ball on leg stump with no movement, and Shreyas Iyer works a leading edge to eke out a single.",a62fc63a-1163-4615-a4c6-a833b435b497,229344,"England v India at Chester-le-Street, 1st T20I, 1 Jul 2026",8721,India in England,2026,"Riverside Ground, Chester-le-Street",Twenty20 international,2026-07-01,22014,SS Iyer,right,41054,L Wood,left,1,England,left pace,1,pace,2026-07-01 17:47:05,6.859,0.163,3.0,-0.213,0.755,1.0,1.0,106923632.0,218.0,35.0,62.0,6.0,1.0,1.0,True,True,True,False,,,,length ball,leg stump,no movement,work,,,,,,,,keyword,1,,False,False,False,False,False,False,False,False,False,
1,6,India,IND,5,16,L Wood,14,0,0,149/4,14.00,15.02,15.2,1,1,"Wood to Dube, 1 run",,"Luke Wood bowls a half-tracker outside off, Shivam Dube pulls it with excellent timing to the deep mid-wicket region and they scamper through for a well-taken single.",a62fc63a-1163-4615-a4c6-a833b435b497,229344,"England v India at Chester-le-Street, 1st T20I, 1 Jul 2026",8721,India in England,2026,"Riverside Ground, Chester-le-Street",Twenty20 international,2026-07-01,63520,SR Dube,left,41054,L Wood,left,1,England,left pace,1,pace,2026-07-01 17:47:42,12.385,0.612,4.0,0.401,1.586,3.0,3.0,106923633.0,229.0,85.0,147.0,5.0,1.0,1.0,True,True,True,False,,,,,outside off,,pull,,,,,,,,keyword,1,,False,False,False,False,False,False,False,False,False,
1,6,India,IND,5,16,L Wood,14,0,0,149/4,14.00,15.03,15.3,1,1,"Wood to Iyer, 1 run",,"An off cutter on a full length, just on middle stump, met with a controlled flick off the pads by Shreyas Iyer, nudging it away for a quick single.",a62fc63a-1163-4615-a4c6-a833b435b497,229344,"England v India at Chester-le-Street, 1st T20I, 1 Jul 2026",8721,India in England,2026,"Riverside Ground, Chester-le-Street",Twenty20 international,2026-07-01,22014,SS Iyer,right,41054,L Wood,left,1,England,left pace,1,pace,2026-07-01 17:48:16,3.584,-0.009,2.0,-0.188,0.444,2.0,0.0,106923634.0,292.0,80.0,144.0,4.0,1.0,1.0,True,True,True,False,,,,full,middle stump,,flick,,controlled,,,,,,keyword,1,,False,False,False,False,False,False,False,False,False,
1,6,India,IND,5,16,L Wood,14,0,0,149/4,14.00,15.04,15.4,4,4,"Wood to Dube, 4 runs",,"Luke Wood bowls a short off cutter outside off, but Shivam Dube rocks back and pulls it fiercely. The shot is perfectly timed and races away down fine leg for four.",a62fc63a-1163-4615-a4c6-a833b435b497,229344,"England v India at Chester-le-Street, 1st T20I, 1 Jul 2026",8721,India in England,2026,"Riverside Ground, Chester-le-Street",Twenty20 international,2026-07-01,63520,SR Dube,left,41054,L Wood,left,1,England,left pace,1,pace,2026-07-01 17:48:51,12.464,0.551,4.0,-0.023,1.241,2.0,2.0,106923635.0,125.0,100.0,162.0,8.0,4.0,4.0,True,True,True,False,,,,short,outside off,,pull,,,,,,,,keyword,4,,False,False,False,False,False,False,True,False,False,
1,6,India,IND,5,16,L Wood,14,0,0,149/4,14.00,15.05,15.5,1,1,"Wood to Dube, 1 run",,"Luke Wood bowls a full delivery just on off stump, Shivam Dube plays a well-timed flick down to long on and easily takes a single.",a62fc63a-1163-4615-a4c6-a833b435b497,229344,"England v India at Chester-le-Street, 1st T20I, 1 Jul 2026",8721,India in England,2026,"Riverside Ground, Chester-le-Street",Twenty20 international,2026-07-01,63520,SR Dube,left,41054,L Wood,left,1,England,left pace,1,pace,2026-07-01 17:49:30,3.396,0.097,2.0,-0.044,0.419,2.0,0.0,106923636.0,244.0,70.0,126.0,5.0,1.0,1.0,True,True,True,False,,,,full,off stump,,flick,,,long on,,,,,keyword,1,,False,False,False,False,False,False,False,False,False,
1,6,India,IND,5,16,L Wood,14,0,0,149/4,14.00,15.06,15.6,6,6,"Wood to Iyer, 6 runs",,"A full-length, no-movement delivery outside off is met with a superbly controlled drive from Shreyas Iyer. He middles it sweetly, sending the ball sailing over extra cover for a glorious six.",a62fc63a-1163-4615-a4c6-a833b435b497,229344,"England v India at Chester-le-Street, 1st T20I, 1 Jul 2026",8721,India in England,2026,"Riverside Ground, Chester-le-Street",Twenty20 international,2026-07-01,22014,SS Iyer,right,41054,L Wood,left,1,England,left pace,1,pace,2026-07-01 17:50:07,3.710,-0.345,2.0,-0.659,0.380,0.0,0.0,106923637.0,226.0,100.0,177.0,5.0,6.0,6.0,True,True,True,False,,,,full,outside off,,drive,,controlled,extra cover,,,,,keyword,6,,False,False,False,False,False,False,False,True,False,
1,6,India,IND,5,17,AU Rashid,9,1,0,158/4,8.00,16.01,16.1,0,0,"Rashid to Dube, no run",Adil Rashid takes the ball for their 3rd spell,"Adil Rashid bowls a length leg spinner, pitching down leg. Shivam Dube flicks it neatly off the pads, keeping it on the ground as the fielder at mid-wicket collects safely. A tidy dot ball.",a62fc63a-1163-4615-a4c6-a833b435b497,229344,"England v India at Chester-le-Street, 1st T20I, 1 Jul 2026",8721,India in England,2026,"Riverside Ground, Chester-le-Street",Twenty20 international,2026-07-01,63520,SR Dube,left,12731,AU Rashid,right,1,England,leg break,4,spin,2026-07-01 17:51:35,3.291,-0.419,2.0,-0.494,0.662,1.0,1.0,,,,,,,,True,True,False,False,,,,,down leg,,flick,,,,,,,,keyword,0,,False,False,False,False,False,False,False,False,True,
1,6,India,IND,5,17,AU Rashid,9,1,0,158/4,8.00,16.02,16.2,6,6,"Rashid to Dube, 6 runs",,"A length ball on middle stump, the slider from Rashid is met with a controlled, middled drive that races away to the boundary over long on for six. That takes India to 155 for 4.",a62fc63a-1163-4615-a4c6-a833b435b497,229344,"England v India at Chester-le-Street, 1st T20I, 1 Jul 2026",8721,India in England,2026,"Riverside Ground, Chester-le-Street",Twenty20 international,2026-07-01,63520,SR Dube,left,12731,AU Rashid,right,1,England,leg break,4,spin,2026-07-01 17:51:56,4.048,-0.027,2.0,0.264,0.424,3.0,0.0,106923639.0,266.0,100.0,180.0,5.0,6.0,6.0,True,True,True,False,,,,length ball,middle stump,,drive,,controlled,long on,,,,,keyword,6,,False,False,False,False,False,False,False,True,False,
1,6,India,IND,5,17,AU Rashid,9,1,0,158/4,8.00,16.03,16.3,0,0,"Rashid to Dube, no run",,"The googly drifts slightly on off stump at a back of a length, Shivam Dube attempts a wild slog but misses completely, and Jos Buttler collects comfortably behind the stumps.",a62fc63a-1163-4615-a4c6-a833b435b497,229344,"England v India at Chester-le-Street, 1st T20I, 1 Jul 2026",8721,India in England,2026,"Riverside Ground, Chester-le-Street",Twenty20 international,2026-07-01,63520,SR Dube,left,12731,AU Rashid,right,1,England,leg break,4,spin,2026-07-01 17:52:38,7.947,0.065,4.0,0.954,0.498,4.0,1.0,,,,,,,,True,True,False,False,,,,back of a length,off stump,,slog,,,,,,,,keyword,0,,False,False,False,False,False,False,False,False,True,
1,6,India,IND,5,17,AU Rashid,9,1,0,158/4,8.00,16.04,16.4,1,1,"Rashid to Dube, 1 run",,"On a back of a length, the googly pitches on middle stump and Shivam Dube pushes it crisply through the off side for a well-timed single.",a62fc63a-1163-4615-a4c6-a833b435b497,229344,"England v India at Chester-le-Street, 1st T20I, 1 Jul 2026",8721,India in England,2026,"Riverside Ground, Chester-le-Street",Twenty20 international,2026-07-01,63520,SR Dube,left,12731,AU Rashid,right,1,England,leg break,4,spin,2026-07-01 17:53:48,6.661,0.009,3.0,0.719,0.772,4.0,1.0,106923641.0,298.0,80.0,136.0,4.0,1.0,1.0,True,True,True,False,,,,back of a length,middle stump,,push,,,,,,,,keyword,1,,False,False,False,False,False,False,False,False,False,
1,6,India,IND,5,17,AU Rashid,9,1,0,158/4,8.00,16.05,16.5,1,1ˡᵇ,"Rashid to Iyer, 1 run",,"Adil Rashid bowls a back of a length googly on off stump. Shreyas Iyer attempts a wild slog but misses, the ball hitting his pad for a leg bye. It’s a costly stray run as the ball is quickly fielded at backward square leg.",a62fc63a-1163-4615-a4c6-a833b435b497,229344,"England v India at Chester-le-Street, 1st T20I, 1 Jul 2026",8721,India in England,2026,"Riverside Ground, Chester-le-Street",Twenty20 international,2026-07-01,22014,SS Iyer,right,12731,AU Rashid,right,1,England,leg break,4,spin,2026-07-01 17:54:24,5.833,-0.103,3.0,0.323,0.344,3.0,0.0,,,,,,,,True,True,False,False,,,,back of a length,off stump,,slog,,,backward square leg,,,,,keyword,1,leg bye,False,False,False,False,True,False,False,False,False,
1,6,India,IND,5,17,AU Rashid,9,1,0,158/4,8.00,16.06,16.6,1,1,"Rashid to Dube, 1 run",,"On a back of a length leg spinner right on middle stump, the batter pushes it neatly along the ground for a well-timed single.",a62fc63a-1163-4615-a4c6-a833b435b497,229344,"England v India at Chester-le-Street, 1st T20I, 1 Jul 2026",8721,India in England,2026,"Riverside Ground, Chester-le-Street",Twenty20 international,2026-07-01,63520,SR Dube,left,12731,AU Rashid,right,1,England,leg break,4,spin,2026-07-01 17:54:52,7.223,-0.013,4.0,0.398,0.629,3.0,1.0,106923643.0,314.0,75.0,135.0,4.0,1.0,1.0,True,True,True,False,,,,back of a length,middle stump,,push,along the ground,,,,,,,keyword,1,,False,False,False,False,False,False,False,False,False,
1,6,India,IND,5,18,S Mahmood,7,0,1,165/5,7.00,17.01,17.1,1,1,"Mahmood to Dube, 1 run",Saqib Mahmood takes the ball for their 3rd spell,"On a back of a length delivery pitching on leg stump with no movement, the batter unleashes a well-timed slog that finds the gap for a quick single.",a62fc63a-1163-4615-a4c6-a833b435b497,229344,"England v India at Chester-le-Street, 1st T20I, 1 Jul 2026",8721,India in England,2026,"Riverside Ground, Chester-le-Street",Twenty20 international,2026-07-01,63520,SR Dube,left,20053,S Mahmood,right,1,England,right pace,1,pace,2026-07-01 17:55:59,9.218,-0.094,4.0,0.216,0.795,3.0,1.0,106923644.0,209.0,80.0,136.0,6.0,1.0,1.0,True,True,True,False,,,,back of a length,leg stump,no movement,slog,,,,,,,,keyword,1,,False,False,False,False,False,False,False,False,False,
1,6,India,IND,5,18,S Mahmood,7,0,1,165/5,7.00,17.02,17.2,4,4,"Mahmood to Iyer, 4 runs",,"The ball is pitched short outside off, and the batter hooks it fiercely, timing it perfectly. Shreyas Iyer pulls the ball with controlled precision, sending it racing to the mid-wicket boundary for four.",a62fc63a-1163-4615-a4c6-a833b435b497,229344,"England v India at Chester-le-Street, 1st T20I, 1 Jul 2026",8721,India in England,2026,"Riverside Ground, Chester-le-Street",Twenty20 international,2026-07-01,22014,SS Iyer,right,20053,S Mahmood,right,1,England,right pace,1,pace,2026-07-01 17:56:34,11.316,-0.660,4.0,-0.698,0.944,0.0,2.0,106923645.0,306.0,100.0,178.0,4.0,4.0,4.0,True,True,True,False,,,,short,outside off,,pull,,controlled,,,,,,keyword,4,,False,False,False,False,False,False,True,False,False,
1,6,India,IND,5,18,S Mahmood,7,0,1,165/5,7.00,17.03,17.3,1,1,"Mahmood to Iyer, 1 run",,"Saqib bowls a back of a length delivery just outside off, and Shreyas Iyer works it off the bat-pad for a quick single towards backward square leg.",a62fc63a-1163-4615-a4c6-a833b435b497,229344,"England v India at Chester-le-Street, 1st T20I, 1 Jul 2026",8721,India in England,2026,"Riverside Ground, Chester-le-Street",Twenty20 international,2026-07-01,22014,SS Iyer,right,20053,S Mahmood,right,1,England,right pace,1,pace,2026-07-01 17:57:16,9.570,-0.313,4.0,0.000,0.982,2.0,2.0,106923646.0,23.0,45.0,76.0,2.0,1.0,1.0,True,True,True,False,,,,back of a length,outside off,,work,,,backward square leg,,,,,keyword,1,,False,False,False,False,False,False,False,False,False,
1,6,India,IND,5,18,S Mahmood,7,0,1,165/5,7.00,17.04,17.4,1,1,"Mahmood to Dube, 1 run",,"Saqib Mahmood bowls a short, down leg delivery which Shivam Dube expertly pulls along the ground for a well-timed single.",a62fc63a-1163-4615-a4c6-a833b435b497,229344,"England v India at Chester-le-Street, 1st T20I, 1 Jul 2026",8721,India in England,2026,"Riverside Ground, Chester-le-Street",Twenty20 international,2026-07-01,63520,SR Dube,left,20053,S Mahmood,right,1,England,right pace,1,pace,2026-07-01 17:58:00,12.124,-0.287,4.0,0.203,1.402,3.0,3.0,106923647.0,220.0,75.0,129.0,6.0,1.0,1.0,True,True,True,False,,,,short,down leg,,pull,along the ground,,,,,,,keyword,1,,False,False,False,False,False,False,False,False,False,
1,6,India,IND,5,18,S Mahmood,7,0,1,165/5,7.00,17.05,17.5,0,W,"Mahmood to Iyer, out!",,"A full toss on off stump without any movement, Shreyas tries a flick but misses, the ball strikes his pads. He has been given leg before wicket and his review is turned down. Shreyas Iyer departs for 68 off 47 as India suffers a review setback.",a62fc63a-1163-4615-a4c6-a833b435b497,229344,"England v India at Chester-le-Street, 1st T20I, 1 Jul 2026",8721,India in England,2026,"Riverside Ground, Chester-le-Street",Twenty20 international,2026-07-01,22014,SS Iyer,right,20053,S Mahmood,right,1,England,right pace,1,pace,2026-07-01 17:58:40,4.087,-0.089,2.0,0.068,0.401,2.0,0.0,,,,,,,,True,True,False,False,,,,full toss,off stump,,flick,,,,,lbw,,,keyword,0,,True,False,False,False,False,False,False,False,False,commentary
1,6,India,IND,5,18,S Mahmood,7,0,1,165/5,7.00,17.06,17.6,0,0,"Mahmood to Rana, no run",Harshit Rana heads to the crease. ,"Saqib Mahmood bowls a length ball seaming in just outside off stump. Harshit Rana attempts a cut shot but misses completely, resulting in a dot ball.",a62fc63a-1163-4615-a4c6-a833b435b497,229344,"England v India at Chester-le-Street, 1st T20I, 1 Jul 2026",8721,India in England,2026,"Riverside Ground, Chester-le-Street",Twenty20 international,2026-07-01,77153,HP Rana,right,20053,S Mahmood,right,1,England,right pace,1,pace,2026-07-01 18:01:00,6.404,-0.347,3.0,-0.179,0.513,2.0,1.0,,,,,,,,True,True,False,False,,,,length ball,outside off,,cut,,,,,,,,keyword,0,,False,False,False,False,False,False,False,False,True,
1,6,India,IND,5,19,AU Rashid,14,0,1,179/6,14.00,18.01,18.1,2,2,"Rashid to Dube, 2 runs",Adil Rashid continues their spell,"A full-length leg spinner tossed down the leg side, Shivam Dube lashes out with a slog but only manages an inside edge for two runs.",a62fc63a-1163-4615-a4c6-a833b435b497,229344,"England v India at Chester-le-Street, 1st T20I, 1 Jul 2026",8721,India in England,2026,"Riverside Ground, Chester-le-Street",Twenty20 international,2026-07-01,63520,SR Dube,left,12731,AU Rashid,right,1,England,leg break,4,spin,2026-07-01 18:02:05,3.531,-0.344,2.0,-0.147,0.478,2.0,1.0,106923670.0,154.0,75.0,123.0,7.0,2.0,2.0,True,True,True,False,,,,full,down the leg side,,slog,,,,,,,,keyword,2,,False,False,False,False,False,False,False,False,False,
1,6,India,IND,5,19,AU Rashid,14,0,1,179/6,14.00,18.02,18.2,6,6,"Rashid to Dube, 6 runs",,"A full-length leg spinner drifting down the leg side. Shivam Dube lashes out with a controlled slog, perfectly middling it over deep square leg for a towering six!",a62fc63a-1163-4615-a4c6-a833b435b497,229344,"England v India at Chester-le-Street, 1st T20I, 1 Jul 2026",8721,India in England,2026,"Riverside Ground, Chester-le-Street",Twenty20 international,2026-07-01,63520,SR Dube,left,12731,AU Rashid,right,1,England,leg break,4,spin,2026-07-01 18:02:42,3.448,-0.390,2.0,-0.150,0.568,2.0,1.0,106923675.0,206.0,100.0,174.0,6.0,6.0,6.0,True,True,True,False,,,,full,down the leg side,,slog,,controlled,deep square leg,,,,,keyword,6,,False,False,False,False,False,False,False,True,False,
1,6,India,IND,5,19,AU Rashid,14,0,1,179/6,14.00,18.03,18.3,1,1,"Rashid to Dube, 1 run",,"The leg spinner delivers a back of a length ball on leg stump, and Shivam Dube plays a controlled slog to pick up a single. Shivam Dube moves to thirty off 17 balls, keeping up a brisk strike rate.",a62fc63a-1163-4615-a4c6-a833b435b497,229344,"England v India at Chester-le-Street, 1st T20I, 1 Jul 2026",8721,India in England,2026,"Riverside Ground, Chester-le-Street",Twenty20 international,2026-07-01,63520,SR Dube,left,12731,AU Rashid,right,1,England,leg break,4,spin,2026-07-01 18:03:25,6.688,-0.248,3.0,0.031,0.417,2.0,0.0,106923681.0,218.0,80.0,144.0,6.0,1.0,1.0,True,True,True,False,,,,back of a length,leg stump,,slog,,controlled,,,,,,keyword,1,,False,False,False,False,False,False,False,False,False,
1,6,India,IND,5,19,AU Rashid,14,0,1,179/6,14.00,18.04,18.4,0,W,"Rashid to Rana, out!",,"Adil Rashid bowls a back of a length googly on off stump, and Harshit Rana attempts an aggressive slog but misses completely. The batter is stumped by the keeper, dismissed for a duck. Harshit Rana departs for 0 off 2.",a62fc63a-1163-4615-a4c6-a833b435b497,229344,"England v India at Chester-le-Street, 1st T20I, 1 Jul 2026",8721,India in England,2026,"Riverside Ground, Chester-le-Street",Twenty20 international,2026-07-01,77153,HP Rana,right,12731,AU Rashid,right,1,England,leg break,4,spin,2026-07-01 18:03:59,5.916,-0.125,3.0,0.496,0.658,3.0,1.0,,,,,,,,True,True,False,False,,,,back of a length,off stump,,slog,,,,,stumped,,,keyword,0,,True,False,False,False,False,False,False,False,False,commentary
1,6,India,IND,5,19,AU Rashid,14,0,1,179/6,14.00,18.05,18.5,1,1,"Rashid to Patel, 1 run",Axar Patel heads to the crease. ,"Outside off, a back of a length leg-spinner is met with a crisp cut shot from Axar Patel who keeps it grounded, slicing the ball past point for a single. Axar Patel gets off the mark.",a62fc63a-1163-4615-a4c6-a833b435b497,229344,"England v India at Chester-le-Street, 1st T20I, 1 Jul 2026",8721,India in England,2026,"Riverside Ground, Chester-le-Street",Twenty20 international,2026-07-01,17616,AR Patel,left,12731,AU Rashid,right,1,England,leg break,4,spin,2026-07-01 18:06:01,5.962,0.193,3.0,0.126,0.590,2.0,1.0,106923696.0,357.0,80.0,133.0,3.0,1.0,1.0,True,True,True,False,,,,back of a length,outside off,,cut,,,point,,,,,keyword,1,,False,False,False,False,False,False,False,False,False,
1,6,India,IND,5,19,AU Rashid,14,0,1,179/6,14.00,18.06,18.6,4,4,"Rashid to Dube, 4 runs",,"The leg spinner bowls full outside off, and the batter drives crisply, timing it beautifully. The shot is well-middled, racing away through long off for four. That makes it two boundaries for Shivam Dube this over.",a62fc63a-1163-4615-a4c6-a833b435b497,229344,"England v India at Chester-le-Street, 1st T20I, 1 Jul 2026",8721,India in England,2026,"Riverside Ground, Chester-le-Street",Twenty20 international,2026-07-01,63520,SR Dube,left,12731,AU Rashid,right,1,England,leg break,4,spin,2026-07-01 18:06:40,2.557,0.455,2.0,0.799,0.425,4.0,0.0,106923702.0,299.0,100.0,179.0,4.0,4.0,4.0,True,True,True,False,,,,full,outside off,,drive,,,long off,,,,,keyword,4,,False,False,False,False,False,False,True,False,False,
1,6,India,IND,5,20,SM Curran,10,0,1,189/7,10.00,19.01,19.1,1,1,"Curran to Patel, 1 run",Sam Curran takes the ball for their 3rd spell,"Axar Patel attempts a slog on this full-length ball outside off, managing to keep it grounded and sneaking it past the field for a quick single.",a62fc63a-1163-4615-a4c6-a833b435b497,229344,"England v India at Chester-le-Street, 1st T20I, 1 Jul 2026",8721,India in England,2026,"Riverside Ground, Chester-le-Street",Twenty20 international,2026-07-01,17616,AR Patel,left,21837,SM Curran,left,1,England,left pace,2,pace,2026-07-01 18:08:07,4.074,0.160,2.0,0.090,0.496,2.0,1.0,106923713.0,288.0,85.0,151.0,4.0,1.0,1.0,True,True,True,False,,,,length ball,outside off,,slog,,,,,,,,keyword,1,,False,False,False,False,False,False,False,False,False,
1,6,India,IND,5,20,SM Curran,10,0,1,189/7,10.00,19.02,19.2,1,1,"Curran to Dube, 1 run",,"This full toss outside off is slogged with a top edge, managing to sneak through for a single.",a62fc63a-1163-4615-a4c6-a833b435b497,229344,"England v India at Chester-le-Street, 1st T20I, 1 Jul 2026",8721,India in England,2026,"Riverside Ground, Chester-le-Street",Twenty20 international,2026-07-01,63520,SR Dube,left,21837,SM Curran,left,1,England,left pace,2,pace,2026-07-01 18:09:06,-3.210,0.028,0.0,0.099,0.563,2.0,1.0,106923720.0,164.0,40.0,64.0,7.0,1.0,1.0,True,True,True,False,,,,full toss,outside off,,slog,,,,,,,,keyword,1,,False,False,False,False,False,False,False,False,False,
1,6,India,IND,5,20,SM Curran,10,0,1,189/7,10.00,19.03,19.3,1,1,"Curran to Patel, 1 run",,"Axar Patel tries to pull a short ball on off stump but mistimes it, managing just a single down to long on.",a62fc63a-1163-4615-a4c6-a833b435b497,229344,"England v India at Chester-le-Street, 1st T20I, 1 Jul 2026",8721,India in England,2026,"Riverside Ground, Chester-le-Street",Twenty20 international,2026-07-01,17616,AR Patel,left,21837,SM Curran,left,1,England,left pace,2,pace,2026-07-01 18:09:54,11.202,0.154,4.0,-0.280,0.924,1.0,2.0,106923726.0,243.0,60.0,104.0,5.0,1.0,1.0,True,True,True,False,,,,short,off stump,,pull,,,long on,,,,,keyword,1,,False,False,False,False,False,False,False,False,False,
1,6,India,IND,5,20,SM Curran,10,0,1,189/7,10.00,19.04,19.4,6,6,"Curran to Dube, 6 runs",,"A short ball outside off stump, expertly pulled by the batter. The shot is perfectly controlled and middled, sending the ball sailing over deep backward square leg for six.",a62fc63a-1163-4615-a4c6-a833b435b497,229344,"England v India at Chester-le-Street, 1st T20I, 1 Jul 2026",8721,India in England,2026,"Riverside Ground, Chester-le-Street",Twenty20 international,2026-07-01,63520,SR Dube,left,21837,SM Curran,left,1,England,left pace,2,pace,2026-07-01 18:10:39,12.492,0.374,4.0,0.178,1.394,2.0,3.0,106923731.0,172.0,100.0,169.0,7.0,6.0,6.0,True,True,True,False,,,,short,outside off,,pull,,controlled,deep backward square leg,,,,,keyword,6,,False,False,False,False,False,False,False,True,False,
1,6,India,IND,5,20,SM Curran,10,0,1,189/7,10.00,19.05,19.5,1,1,"Curran to Dube, 1 run",,"Curran delivers a yorker just outside off stump, and Dube confidently drives it along the ground for a well-timed single.",a62fc63a-1163-4615-a4c6-a833b435b497,229344,"England v India at Chester-le-Street, 1st T20I, 1 Jul 2026",8721,India in England,2026,"Riverside Ground, Chester-le-Street",Twenty20 international,2026-07-01,63520,SR Dube,left,21837,SM Curran,left,1,England,left pace,2,pace,2026-07-01 18:11:55,2.586,0.705,2.0,0.718,0.261,4.0,0.0,106923741.0,295.0,85.0,148.0,4.0,1.0,1.0,True,True,True,False,,,,yorker,outside off,,drive,along the ground,,,,,,,keyword,1,,False,False,False,False,False,False,False,False,False,
1,6,India,IND,5,20,SM Curran,10,0,1,189/7,10.00,19.06,19.6,0,W,"Curran to Patel, out!",,"Axar Patel chooses to leave this outside off length delivery, making no contact as it passes safely by. However, the innings ends on a run out, with the fielding side taking a sharp catch to dismiss him. Axar Patel goes for 3 off 4. India close their innings on 189 with a slight edge in the win probability at 57%.",a62fc63a-1163-4615-a4c6-a833b435b497,229344,"England v India at Chester-le-Street, 1st T20I, 1 Jul 2026",8721,India in England,2026,"Riverside Ground, Chester-le-Street",Twenty20 international,2026-07-01,17616,AR Patel,left,21837,SM Curran,left,1,England,left pace,2,pace,2026-07-01 18:12:38,,,,0.687,0.616,4.0,1.0,,,,,,,,False,True,False,False,,,,,outside off,,leave,,,,,run out,,,keyword,0,,True,False,False,False,False,False,False,False,False,commentary
