,ActualBallNo,MatchID,InningsNo,BattingTeamID,TeamName,BatsManName,BowlerName,BowlerType,OverNo,BallNo,Runs,BallRuns,ActualRuns,IsOne,IsTwo,IsThree,IsDotball,Extras,IsWide,IsNoBall,IsBye,IsLegBye,IsFour,IsSix,IsWicket,WicketType,Wickets,IsBowlerWicket,BallName,Day,SESSION_NO,IsExtra,SNO,Xpitch,Ypitch,RunRuns,IsMaiden,OverImage,BowlTypeID,BowlTypeName,ShotTypeID,ShotType,IsBouncer,IsFreeHit,BallCount,BCCheck,TotalRuns,TotalWickets,FiveHaul,Flag,FlagSet,PenaltyRuns,IsFifty,IsHundred,IsTwoHundred,IsHattrick
0,1,504,1,19,Royal Challengers Bangalore,Virat Kohli,Mukesh Choudhary,,1,1,1,1,1,1,0,0,0,0,0,0,0,0,0,0,0,,,0,0.1,2,1,0,202501,129.08,-38.55,1,0,,,Knuckleball,40,FRONTFOOT FLICK,0,0,1,0,1,0,1,0,0,0,0,0,0,0
1,2,504,1,19,Royal Challengers Bangalore,Faf Du Plessis,Mukesh Choudhary,,1,2,1,1,1,1,0,0,0,0,0,0,0,0,0,0,0,,,0,0.2,2,1,0,202502,107.44,-57.88,1,0,,,Knuckleball,40,FRONTFOOT FLICK,0,0,2,0,2,0,0,0,0,0,0,0,0,0
2,3,504,1,19,Royal Challengers Bangalore,Virat Kohli,Mukesh Choudhary,,1,3,0,0,0,0,0,0,1,0,0,0,0,0,0,0,0,,,0,0.3,2,1,0,202503,-41.74,11.18,0,0,,,Knuckleball,49,FORWARD DEFENCE,0,0,3,0,2,0,0,0,0,0,0,0,0,0
3,4,504,1,19,Royal Challengers Bangalore,Virat Kohli,Mukesh Choudhary,,1,4,0,0,0,0,0,0,1,0,0,0,0,0,0,0,0,,,0,0.4,2,1,0,202504,31.92,24.53,0,0,,,Knuckleball,49,FORWARD DEFENCE,0,0,4,0,2,0,0,0,0,0,0,0,0,0
4,5,504,1,19,Royal Challengers Bangalore,Virat Kohli,Mukesh Choudhary,,1,5,4,4,4,0,0,0,0,0,0,0,0,0,1,0,0,,,0,0.5,2,1,0,202505,53.56,-132.01,4,0,,,Knuckleball,40,FRONTFOOT FLICK,0,0,5,0,6,0,0,0,0,0,0,0,0,0
5,6,504,1,19,Royal Challengers Bangalore,Virat Kohli,Mukesh Choudhary,,1,6,0,0,0,0,0,0,1,0,0,0,0,0,0,0,0,,,0,0.6,2,1,0,202506,14.43,62.75,0,0,,,Knuckleball,27,FORWARD PUSH,0,0,6,0,6,0,0,0,0,0,0,0,0,0
6,1,504,1,19,Royal Challengers Bangalore,Faf Du Plessis,Simarjeet Singh,,2,1,1 (WD),1,0,0,0,0,0,1,1,0,0,0,0,0,0,,,0,1.1,2,1,1,202507,14.43,62.75,1,0,,,Knuckleball,54,LEG GLANCE,0,0,1,1,7,0,1,0,0,0,0,0,0,0
7,2,504,1,19,Royal Challengers Bangalore,Faf Du Plessis,Simarjeet Singh,,2,1,1,1,1,1,0,0,0,0,0,0,0,0,0,0,0,,,0,1.1,2,1,0,202508,67.84,-84.59,1,0,,,Knuckleball,54,LEG GLANCE,0,0,2,1,8,0,0,0,0,0,0,0,0,0
8,3,504,1,19,Royal Challengers Bangalore,Virat Kohli,Simarjeet Singh,,2,2,0,0,0,0,0,0,1,0,0,0,0,0,0,0,0,,,0,1.2,2,1,0,202509,45.74,36.96,0,0,,,Knuckleball,27,FORWARD PUSH,0,0,3,1,8,0,0,0,0,0,0,0,0,0
9,4,504,1,19,Royal Challengers Bangalore,Virat Kohli,Simarjeet Singh,,2,3,4,4,4,0,0,0,0,0,0,0,0,0,1,0,0,,,0,1.3,2,1,0,202510,-68.91,-141.22,4,0,,,Knuckleball,36,CUT SHOT,0,0,4,1,12,0,0,0,0,0,0,0,0,0
10,5,504,1,19,Royal Challengers Bangalore,Virat Kohli,Simarjeet Singh,,2,4,0,0,0,0,0,0,1,0,0,0,0,0,0,0,0,,,0,1.4,2,1,0,202511,-55.10,-25.19,0,0,,,Knuckleball,50,BACKFOOT DEFENCE,0,0,5,1,12,0,0,0,0,0,0,0,0,0
11,6,504,1,19,Royal Challengers Bangalore,Virat Kohli,Simarjeet Singh,,2,5,0,0,0,0,0,0,1,0,0,0,0,0,0,0,0,,,0,1.5,2,1,0,202512,23.64,-1.71,0,0,,,Knuckleball,97,BACKFOOT PUSH,0,0,6,1,12,0,0,0,0,0,0,0,0,0
12,7,504,1,19,Royal Challengers Bangalore,Virat Kohli,Simarjeet Singh,,2,6,2,2,2,0,1,0,0,0,0,0,0,0,0,0,0,,,0,1.6,2,1,0,202513,141.05,5.65,2,0,,,Knuckleball,40,FRONTFOOT FLICK,0,0,7,1,14,0,0,0,0,0,0,0,0,0
13,1,504,1,19,Royal Challengers Bangalore,Faf Du Plessis,Mukesh Choudhary,,3,1,4,4,4,0,0,0,0,0,0,0,0,0,1,0,0,,,0,2.1,2,1,0,202514,34.23,-141.22,4,0,,,Knuckleball,49,FORWARD DEFENCE,0,0,1,2,18,0,1,0,0,0,0,0,0,0
14,2,504,1,19,Royal Challengers Bangalore,Faf Du Plessis,Mukesh Choudhary,,3,2,0,0,0,0,0,0,1,0,0,0,0,0,0,0,0,,,0,2.2,2,1,0,202515,34.23,-141.22,0,0,,,Knuckleball,74,STEP DOWN ON DRIVE,0,0,2,2,18,0,0,0,0,0,0,0,0,0
15,3,504,1,19,Royal Challengers Bangalore,Faf Du Plessis,Mukesh Choudhary,,3,3,1,1,1,1,0,0,0,0,0,0,0,0,0,0,0,,,0,2.3,2,1,0,202516,-52.79,-88.27,1,0,,,Knuckleball,44,GLIDE,0,0,3,2,19,0,0,0,0,0,0,0,0,0
16,4,504,1,19,Royal Challengers Bangalore,Virat Kohli,Mukesh Choudhary,,3,4,0,0,0,0,0,0,1,0,0,0,0,0,0,0,0,,,0,2.4,2,1,0,202517,-58.78,-10.46,0,0,,,Knuckleball,50,BACKFOOT DEFENCE,0,0,4,2,19,0,0,0,0,0,0,0,0,0
17,5,504,1,19,Royal Challengers Bangalore,Virat Kohli,Mukesh Choudhary,,3,5,0,0,0,0,0,0,1,0,0,0,0,0,0,0,0,,,0,2.5,2,1,0,202518,-46.81,-2.63,0,0,,,Knuckleball,50,BACKFOOT DEFENCE,0,0,5,2,19,0,0,0,0,0,0,0,0,0
18,6,504,1,19,Royal Challengers Bangalore,Virat Kohli,Mukesh Choudhary,,3,6,1 (WD),1,0,0,0,0,0,1,1,0,0,0,0,0,0,,,0,2.6,2,1,1,202519,-46.81,-2.63,1,0,,,Knuckleball,105,LEFT ALONE,0,0,6,2,20,0,0,0,0,0,0,0,0,0
19,7,504,1,19,Royal Challengers Bangalore,Virat Kohli,Mukesh Choudhary,,3,6,0,0,0,0,0,0,1,0,0,0,0,0,0,0,0,,,0,2.6,2,1,0,202520,-72.59,-8.62,0,0,,,Knuckleball,27,FORWARD PUSH,0,0,7,2,20,0,0,0,0,0,0,0,0,0
20,1,504,1,19,Royal Challengers Bangalore,Faf Du Plessis,Simarjeet Singh,,4,1,0,0,0,0,0,0,1,0,0,0,0,0,0,0,0,,,0,3.1,2,1,0,202521,-66.61,32.82,0,0,,,Knuckleball,49,FORWARD DEFENCE,0,0,1,3,20,0,1,0,0,0,0,0,0,0
21,2,504,1,19,Royal Challengers Bangalore,Faf Du Plessis,Simarjeet Singh,,4,2,4,4,4,0,0,0,0,0,0,0,0,0,1,0,0,,,0,3.2,2,1,0,202522,-62.46,-137.54,4,0,,,Knuckleball,36,CUT SHOT,0,0,2,3,24,0,0,0,0,0,0,0,0,0
22,3,504,1,19,Royal Challengers Bangalore,Faf Du Plessis,Simarjeet Singh,,4,3,3,3,3,0,0,1,0,0,0,0,0,0,0,0,0,,,0,3.3,2,1,0,202523,164.99,16.71,3,0,,,Knuckleball,40,FRONTFOOT FLICK,0,0,3,3,27,0,0,0,0,0,0,0,0,0
23,4,504,1,19,Royal Challengers Bangalore,Virat Kohli,Simarjeet Singh,,4,4,0,0,0,0,0,0,1,0,0,0,0,0,0,0,0,,,0,3.4,2,1,0,202524,164.99,16.71,0,0,,,Knuckleball,46,FRONTFOOT PULL SHOT,0,0,4,3,27,0,0,0,0,0,0,0,0,0
24,5,504,1,19,Royal Challengers Bangalore,Virat Kohli,Simarjeet Singh,,4,5,0,0,0,0,0,0,1,0,0,0,0,0,0,0,0,,,0,3.5,2,1,0,202525,-88.71,37.42,0,0,,,Knuckleball,51,FRONTFOOT COVERDRIVE,0,0,5,3,27,0,0,0,0,0,0,0,0,0
25,6,504,1,19,Royal Challengers Bangalore,Virat Kohli,Simarjeet Singh,,4,6,6,6,6,0,0,0,0,0,0,0,0,0,0,1,0,,,0,3.6,2,1,0,202526,-176.19,130.89,6,0,,,Knuckleball,15,LOFTED COVER DRIVE,0,0,6,3,33,0,0,0,0,0,0,0,0,0
26,1,504,1,19,Royal Challengers Bangalore,Faf Du Plessis,Mukesh Choudhary,,5,1,4,4,4,0,0,0,0,0,0,0,0,0,1,0,0,,,0,4.1,2,1,0,202527,-14.12,206.86,4,0,,,Knuckleball,53,FRONTFOOT STRAIGHT DRIVE,0,0,1,4,37,0,1,0,0,0,0,0,0,0
27,2,504,1,19,Royal Challengers Bangalore,Faf Du Plessis,Mukesh Choudhary,,5,2,0,0,0,0,0,0,1,0,0,0,0,0,0,0,0,,,0,4.2,2,1,0,202528,-14.12,206.86,0,0,,,Knuckleball,99,SCOOP,0,0,2,4,37,0,0,0,0,0,0,0,0,0
28,3,504,1,19,Royal Challengers Bangalore,Faf Du Plessis,Mukesh Choudhary,,5,3,4,4,4,0,0,0,0,0,0,0,0,0,1,0,0,,,0,4.3,2,1,0,202529,-33.92,-146.75,4,0,,,Knuckleball,51,FRONTFOOT COVERDRIVE,0,0,3,4,41,0,0,0,0,0,0,0,0,0
29,4,504,1,19,Royal Challengers Bangalore,Faf Du Plessis,Mukesh Choudhary,,5,4,2,2,2,0,1,0,0,0,0,0,0,0,0,0,0,,,0,4.4,2,1,0,202530,132.30,-36.24,2,0,,,Knuckleball,40,FRONTFOOT FLICK,0,0,4,4,43,0,0,0,0,0,0,0,0,0
30,5,504,1,19,Royal Challengers Bangalore,Faf Du Plessis,Mukesh Choudhary,,5,5,2,2,2,0,1,0,0,0,0,0,0,0,0,0,0,,,0,4.5,2,1,0,202531,-87.79,-56.04,2,0,,,Knuckleball,18,SLOG SHOT,0,0,5,4,45,0,0,0,0,0,0,0,0,0
31,6,504,1,19,Royal Challengers Bangalore,Faf Du Plessis,Mukesh Choudhary,,5,6,6,6,6,0,0,0,0,0,0,0,0,0,0,1,0,,,0,4.6,2,1,0,202532,101.91,176.94,6,0,,,Knuckleball,11,LOFTED ON DRIVE,0,0,6,4,51,0,0,1,1,0,1,0,0,0
32,1,504,1,19,Royal Challengers Bangalore,Virat Kohli,Maheesh Theekshana,,6,1,1,1,1,1,0,0,0,0,0,0,0,0,0,0,0,,,0,5.1,2,1,0,202533,-86.87,50.78,1,0,,,Knuckleball,51,FRONTFOOT COVERDRIVE,0,0,1,5,52,0,1,0,1,0,0,0,0,0
33,2,504,1,19,Royal Challengers Bangalore,Faf Du Plessis,Maheesh Theekshana,,6,2,1,1,1,1,0,0,0,0,0,0,0,0,0,0,0,,,0,5.2,2,1,0,202534,77.51,75.18,1,0,,,Knuckleball,97,BACKFOOT PUSH,0,0,2,5,53,0,0,0,1,0,0,0,0,0
34,3,504,1,19,Royal Challengers Bangalore,Virat Kohli,Maheesh Theekshana,,6,3,1,1,1,1,0,0,0,0,0,0,0,0,0,0,0,,,0,5.3,2,1,0,202535,104.67,118.46,1,0,,,Knuckleball,97,BACKFOOT PUSH,0,0,3,5,54,0,0,0,1,0,0,0,0,0
35,4,504,1,19,Royal Challengers Bangalore,Faf Du Plessis,Maheesh Theekshana,,6,4,1,1,1,1,0,0,0,0,0,0,0,0,0,0,0,,,0,5.4,2,1,0,202536,67.84,125.37,1,0,,,Knuckleball,97,BACKFOOT PUSH,0,0,4,5,55,0,0,0,1,0,0,0,0,0
36,5,504,1,19,Royal Challengers Bangalore,Virat Kohli,Maheesh Theekshana,,6,5,1,1,1,1,0,0,0,0,0,0,0,0,0,0,0,,,0,5.5,2,1,0,202537,89.48,128.59,1,0,,,Knuckleball,27,FORWARD PUSH,0,0,5,5,56,0,0,0,1,0,0,0,0,0
37,6,504,1,19,Royal Challengers Bangalore,Faf Du Plessis,Maheesh Theekshana,,6,6,1,1,1,1,0,0,0,0,0,0,0,0,0,0,0,,,0,5.6,2,1,0,202538,118.49,82.55,1,0,,,Knuckleball,58,BACKFOOT PULL SHOT,0,0,6,5,57,0,0,0,1,0,0,0,0,0
38,1,504,1,19,Royal Challengers Bangalore,Faf Du Plessis,Ravindra Jadeja,,7,1,1,1,1,1,0,0,0,0,0,0,0,0,0,0,0,,,0,6.1,2,1,0,202539,-132.45,75.18,1,0,,,Knuckleball,51,FRONTFOOT COVERDRIVE,0,0,1,6,58,0,1,0,1,0,0,0,0,0
39,2,504,1,19,Royal Challengers Bangalore,Virat Kohli,Ravindra Jadeja,,7,2,1,1,1,1,0,0,0,0,0,0,0,0,0,0,0,,,0,6.2,2,1,0,202540,102.37,48.01,1,0,,,Knuckleball,97,BACKFOOT PUSH,0,0,2,6,59,0,0,0,1,0,0,0,0,0
40,3,504,1,19,Royal Challengers Bangalore,Faf Du Plessis,Ravindra Jadeja,,7,3,1,1,1,1,0,0,0,0,0,0,0,0,0,0,0,,,0,6.3,2,1,0,202541,104.21,109.71,1,0,,,Knuckleball,97,BACKFOOT PUSH,0,0,3,6,60,0,0,0,1,0,0,0,0,0
41,4,504,1,19,Royal Challengers Bangalore,Virat Kohli,Ravindra Jadeja,,7,4,0,0,0,0,0,0,1,0,0,0,0,0,0,0,0,,,0,6.4,2,1,0,202542,-62.92,-27.96,0,0,,,Knuckleball,35,LATE CUT,0,0,4,6,60,0,0,0,1,0,0,0,0,0
42,5,504,1,19,Royal Challengers Bangalore,Virat Kohli,Ravindra Jadeja,,7,5,1,1,1,1,0,0,0,0,0,0,0,0,0,0,0,,,0,6.5,2,1,0,202543,81.19,-48.68,1,0,,,Knuckleball,54,LEG GLANCE,0,0,5,6,61,0,0,0,1,0,0,0,0,0
43,6,504,1,19,Royal Challengers Bangalore,Faf Du Plessis,Ravindra Jadeja,,7,6,1,1,1,1,0,0,0,0,0,0,0,0,0,0,0,,,0,6.6,2,1,0,202544,-92.39,94.52,1,0,,,Knuckleball,51,FRONTFOOT COVERDRIVE,0,0,6,6,62,0,0,0,1,0,0,0,0,0
44,1,504,1,19,Royal Challengers Bangalore,Faf Du Plessis,Moeen Ali,,8,1,0,0,0,0,0,0,1,0,0,0,0,0,0,0,0,,,0,7.1,2,1,0,202545,-56.02,37.88,0,0,,,Knuckleball,27,FORWARD PUSH,0,0,1,7,62,0,1,0,1,0,0,0,0,0
45,2,504,1,19,Royal Challengers Bangalore,Faf Du Plessis,Moeen Ali,,8,2,0 WK,W,0,0,0,0,1,0,0,0,0,0,0,0,1,Caught,WICKET,1,7.2,2,1,0,202546,119.41,106.49,0,0,https://scores.bcci.tv/matchcentre/commentaryFiles/IPL-2022/Royal-Challengers-Bangalore-VS-Chennai-Super-Kings-(04-May-2022)/File_1-8-202546.jpg,,Knuckleball,46,FRONTFOOT PULL SHOT,0,0,2,7,62,1,2,0,1,0,0,0,0,0
46,3,504,1,19,Royal Challengers Bangalore,Glenn Maxwell,Moeen Ali,,8,3,1,1,1,1,0,0,0,0,0,0,0,0,0,0,0,,,0,7.3,2,1,0,202547,86.72,147.93,1,0,,,Knuckleball,47,FRONTFOOT ON DRIVE,0,0,3,7,63,1,3,0,1,0,0,0,0,0
47,4,504,1,19,Royal Challengers Bangalore,Virat Kohli,Moeen Ali,,8,4,1,1,1,1,0,0,0,0,0,0,0,0,0,0,0,,,0,7.4,2,1,0,202548,8.44,181.08,1,0,,,Knuckleball,19,BACKFOOT STRAIGHT DRIVE,0,0,4,7,64,1,0,0,1,0,0,0,0,0
48,5,504,1,19,Royal Challengers Bangalore,Glenn Maxwell,Moeen Ali,,8,5,1,1,1,1,0,0,0,0,0,0,0,0,0,0,0,,,0,7.5,2,1,0,202549,-62.00,127.21,1,0,,,Knuckleball,84,FRONTFOOT OFF DRIVE,0,0,5,7,65,1,0,0,1,0,0,0,0,0
49,6,504,1,19,Royal Challengers Bangalore,Virat Kohli,Moeen Ali,,8,6,1,1,1,1,0,0,0,0,0,0,0,0,0,0,0,,,0,7.6,2,1,0,202550,-31.62,-53.74,1,0,,,Knuckleball,35,LATE CUT,0,0,6,7,66,1,0,0,1,0,0,0,0,0
50,1,504,1,19,Royal Challengers Bangalore,Virat Kohli,Ravindra Jadeja,,9,1,4 (LB),4,0,0,0,0,1,4,0,0,0,1,1,0,0,,,0,8.1,2,1,1,202551,-31.62,-53.74,4,0,,,Knuckleball,54,LEG GLANCE,0,0,1,8,70,1,1,0,1,0,0,0,0,0
51,2,504,1,19,Royal Challengers Bangalore,Virat Kohli,Ravindra Jadeja,,9,2,1,1,1,1,0,0,0,0,0,0,0,0,0,0,0,,,0,8.2,2,1,0,202552,-42.21,-14.60,1,0,,,Knuckleball,27,FORWARD PUSH,0,0,2,8,71,1,0,0,1,0,0,0,0,0
52,3,504,1,19,Royal Challengers Bangalore,Glenn Maxwell,Ravindra Jadeja,,9,3,1,1,1,1,0,0,0,0,0,0,0,0,0,0,0,,,0,8.3,2,1,0,202553,95.92,-1.71,1,0,,,Knuckleball,40,FRONTFOOT FLICK,0,0,3,8,72,1,0,0,1,0,0,0,0,0
53,4,504,1,19,Royal Challengers Bangalore,Virat Kohli,Ravindra Jadeja,,9,4,0,0,0,0,0,0,1,0,0,0,0,0,0,0,0,,,0,8.4,2,1,0,202554,3.84,61.37,0,0,,,Knuckleball,27,FORWARD PUSH,0,0,4,8,72,1,0,0,1,0,0,0,0,0
54,5,504,1,19,Royal Challengers Bangalore,Virat Kohli,Ravindra Jadeja,,9,5,4,4,4,0,0,0,0,0,0,0,0,0,1,0,0,,,0,8.5,2,1,0,202555,-137.97,-89.19,4,0,,,Knuckleball,35,LATE CUT,0,0,5,8,76,1,0,0,1,0,0,0,0,0
55,6,504,1,19,Royal Challengers Bangalore,Virat Kohli,Ravindra Jadeja,,9,6,0 WK,W,0,0,0,0,1,0,0,0,0,0,0,0,1,Run Out,WICKET,0,8.6,2,1,0,202556,-33.46,35.58,0,0,,,Knuckleball,27,FORWARD PUSH,0,0,6,8,76,2,0,0,1,0,0,0,0,0
56,1,504,1,19,Royal Challengers Bangalore,Virat Kohli,Moeen Ali,,10,1,1,1,1,1,0,0,0,0,0,0,0,0,0,0,0,,,0,9.1,2,1,0,202557,91.78,-20.59,1,0,,,Knuckleball,97,BACKFOOT PUSH,0,0,1,9,77,2,1,0,1,0,0,0,0,0
57,2,504,1,19,Royal Challengers Bangalore,Mahipal Lomror,Moeen Ali,,10,2,1,1,1,1,0,0,0,0,0,0,0,0,0,0,0,,,0,9.2,2,1,0,202558,83.03,19.93,1,0,,,Knuckleball,49,FORWARD DEFENCE,0,0,2,9,78,2,0,0,1,0,0,0,0,0
58,3,504,1,19,Royal Challengers Bangalore,Virat Kohli,Moeen Ali,,10,3,0,0,0,0,0,0,1,0,0,0,0,0,0,0,0,,,0,9.3,2,1,0,202559,52.18,50.32,0,0,,,Knuckleball,27,FORWARD PUSH,0,0,3,9,78,2,0,0,1,0,0,0,0,0
59,4,504,1,19,Royal Challengers Bangalore,Virat Kohli,Moeen Ali,,10,4,0,0,0,0,0,0,1,0,0,0,0,0,0,0,0,,,0,9.4,2,1,0,202560,52.18,50.32,0,0,,,Knuckleball,35,LATE CUT,0,0,4,9,78,2,0,0,1,0,0,0,0,0
60,5,504,1,19,Royal Challengers Bangalore,Virat Kohli,Moeen Ali,,10,5,1 (WD),1,0,0,0,0,0,1,1,0,0,0,0,0,0,,,0,9.5,2,1,1,202561,52.18,50.32,1,0,,,Knuckleball,54,LEG GLANCE,0,0,5,9,79,2,0,0,1,0,0,0,0,0
61,6,504,1,19,Royal Challengers Bangalore,Virat Kohli,Moeen Ali,,10,5,0 WK,W,0,0,0,0,1,0,0,0,0,0,0,0,1,Bowled,WICKET,1,9.5,2,1,0,202562,52.18,50.32,0,0,https://scores.bcci.tv/matchcentre/commentaryFiles/IPL-2022/Royal-Challengers-Bangalore-VS-Chennai-Super-Kings-(04-May-2022)/File_1-10-202562.jpg,,Knuckleball,27,FORWARD PUSH,0,0,6,9,79,3,1,0,1,0,0,0,0,0
62,7,504,1,19,Royal Challengers Bangalore,Rajat Patidar,Moeen Ali,,10,6,0,0,0,0,0,0,1,0,0,0,0,0,0,0,0,,,0,9.6,2,1,0,202563,-15.50,65.05,0,0,,,Knuckleball,27,FORWARD PUSH,0,0,7,9,79,3,2,0,1,0,0,0,0,0
64,1,504,1,19,Royal Challengers Bangalore,Mahipal Lomror,Ravindra Jadeja,,11,1,1,1,1,1,0,0,0,0,0,0,0,0,0,0,0,,,0,10.1,2,1,0,202564,-111.27,56.76,1,0,,,Knuckleball,101,BACKFOOT ON DRIVE,0,0,1,10,80,3,3,0,1,0,0,0,0,0
65,2,504,1,19,Royal Challengers Bangalore,Rajat Patidar,Ravindra Jadeja,,11,2,1,1,1,1,0,0,0,0,0,0,0,0,0,0,0,,,0,10.2,2,1,0,202565,123.55,46.63,1,0,,,Knuckleball,97,BACKFOOT PUSH,0,0,2,10,81,3,0,0,1,0,0,0,0,0
66,3,504,1,19,Royal Challengers Bangalore,Mahipal Lomror,Ravindra Jadeja,,11,3,1,1,1,1,0,0,0,0,0,0,0,0,0,0,0,,,0,10.3,2,1,0,202566,113.42,-56.04,1,0,,,Knuckleball,36,CUT SHOT,0,0,3,10,82,3,0,0,1,0,0,0,0,0
67,4,504,1,19,Royal Challengers Bangalore,Rajat Patidar,Ravindra Jadeja,,11,4,1,1,1,1,0,0,0,0,0,0,0,0,0,0,0,,,0,10.4,2,1,0,202567,-70.29,6.12,1,0,,,Knuckleball,27,FORWARD PUSH,0,0,4,10,83,3,0,0,1,0,0,0,0,0
68,5,504,1,19,Royal Challengers Bangalore,Mahipal Lomror,Ravindra Jadeja,,11,5,0,0,0,0,0,0,1,0,0,0,0,0,0,0,0,,,0,10.5,2,1,0,202568,38.37,31.44,0,0,,,Knuckleball,36,CUT SHOT,0,0,5,10,83,3,0,0,1,0,0,0,0,0
69,6,504,1,19,Royal Challengers Bangalore,Mahipal Lomror,Ravindra Jadeja,,11,6,1,1,1,1,0,0,0,0,0,0,0,0,0,0,0,,,0,10.6,2,1,0,202569,135.98,-53.28,1,0,,,Knuckleball,36,CUT SHOT,0,0,6,10,84,3,0,0,1,0,0,0,0,0
70,1,504,1,19,Royal Challengers Bangalore,Mahipal Lomror,Moeen Ali,,12,1,1,1,1,1,0,0,0,0,0,0,0,0,0,0,0,,,0,11.1,2,1,0,202570,66.00,162.20,1,0,,,Knuckleball,84,FRONTFOOT OFF DRIVE,0,0,1,11,85,3,1,0,1,0,0,0,0,0
71,2,504,1,19,Royal Challengers Bangalore,Rajat Patidar,Moeen Ali,,12,2,6,6,6,0,0,0,0,0,0,0,0,0,0,1,0,,,0,11.2,2,1,0,202571,132.76,160.82,6,0,,,Knuckleball,11,LOFTED ON DRIVE,0,0,2,11,91,3,0,0,1,0,0,0,0,0
72,3,504,1,19,Royal Challengers Bangalore,Rajat Patidar,Moeen Ali,,12,3,1 (WD),1,0,0,0,0,0,1,1,0,0,0,0,0,0,,,0,11.3,2,1,1,202572,132.76,160.82,1,0,,,Knuckleball,105,LEFT ALONE,0,0,3,11,92,3,0,0,1,0,0,0,0,0
73,4,504,1,19,Royal Challengers Bangalore,Rajat Patidar,Moeen Ali,,12,3,1,1,1,1,0,0,0,0,0,0,0,0,0,0,0,,,0,11.3,2,1,0,202573,105.13,1.97,1,0,,,Knuckleball,54,LEG GLANCE,0,0,4,11,93,3,0,0,1,0,0,0,0,0
74,5,504,1,19,Royal Challengers Bangalore,Mahipal Lomror,Moeen Ali,,12,4,0,0,0,0,0,0,1,0,0,0,0,0,0,0,0,,,0,11.4,2,1,0,202574,53.56,18.09,0,0,,,Knuckleball,49,FORWARD DEFENCE,0,0,5,11,93,3,0,0,1,0,0,0,0,0
75,6,504,1,19,Royal Challengers Bangalore,Mahipal Lomror,Moeen Ali,,12,5,1,1,1,1,0,0,0,0,0,0,0,0,0,0,0,,,0,11.5,2,1,0,202575,68.76,124.91,1,0,,,Knuckleball,84,FRONTFOOT OFF DRIVE,0,0,6,11,94,3,0,0,1,0,0,0,0,0
76,7,504,1,19,Royal Challengers Bangalore,Rajat Patidar,Moeen Ali,,12,6,1 (LB),1,0,0,0,0,1,1,0,0,0,1,0,0,0,,,0,11.6,2,1,1,202576,50.34,-54.66,1,0,,,Knuckleball,54,LEG GLANCE,0,0,7,11,95,3,0,0,1,0,0,0,0,0
77,1,504,1,19,Royal Challengers Bangalore,Rajat Patidar,Ravindra Jadeja,,13,1,1,1,1,1,0,0,0,0,0,0,0,0,0,0,0,,,0,12.1,2,1,0,202577,-39.44,-0.33,1,0,,,Knuckleball,50,BACKFOOT DEFENCE,0,0,1,12,96,3,1,0,1,0,0,0,0,0
78,2,504,1,19,Royal Challengers Bangalore,Mahipal Lomror,Ravindra Jadeja,,13,2,0,0,0,0,0,0,1,0,0,0,0,0,0,0,0,,,0,12.2,2,1,0,202578,-82.26,-1.71,0,0,,,Knuckleball,97,BACKFOOT PUSH,0,0,2,12,96,3,0,0,1,0,0,0,0,0
79,3,504,1,19,Royal Challengers Bangalore,Mahipal Lomror,Ravindra Jadeja,,13,3,1,1,1,1,0,0,0,0,0,0,0,0,0,0,0,,,0,12.3,2,1,0,202579,118.49,-40.39,1,0,,,Knuckleball,36,CUT SHOT,0,0,3,12,97,3,0,0,1,0,0,0,0,0
80,4,504,1,19,Royal Challengers Bangalore,Rajat Patidar,Ravindra Jadeja,,13,4,1,1,1,1,0,0,0,0,0,0,0,0,0,0,0,,,0,12.4,2,1,0,202580,-84.10,19.93,1,0,,,Knuckleball,27,FORWARD PUSH,0,0,4,12,98,3,0,0,1,0,0,0,0,0
81,5,504,1,19,Royal Challengers Bangalore,Mahipal Lomror,Ravindra Jadeja,,13,5,0,0,0,0,0,0,1,0,0,0,0,0,0,0,0,,,0,12.5,2,1,0,202581,-64.77,20.85,0,0,,,Knuckleball,97,BACKFOOT PUSH,0,0,5,12,98,3,0,0,1,0,0,0,0,0
82,6,504,1,19,Royal Challengers Bangalore,Mahipal Lomror,Ravindra Jadeja,,13,6,1,1,1,1,0,0,0,0,0,0,0,0,0,0,0,,,0,12.6,2,1,0,202582,71.98,88.99,1,0,,,Knuckleball,84,FRONTFOOT OFF DRIVE,0,0,6,12,99,3,0,0,1,0,0,0,0,0
83,1,504,1,19,Royal Challengers Bangalore,Mahipal Lomror,Moeen Ali,,14,1,4,4,4,0,0,0,0,0,0,0,0,0,1,0,0,,,0,13.1,2,1,0,202583,2.92,209.63,4,0,,,Knuckleball,13,LOFTED STRAIGHT,0,0,1,13,103,3,1,1,2,0,0,1,0,0
84,2,504,1,19,Royal Challengers Bangalore,Mahipal Lomror,Moeen Ali,,14,2,1,1,1,1,0,0,0,0,0,0,0,0,0,0,0,,,0,13.2,2,1,0,202584,71.52,20.39,1,0,,,Knuckleball,27,FORWARD PUSH,0,0,2,13,104,3,0,0,2,0,0,0,0,0
85,3,504,1,19,Royal Challengers Bangalore,Rajat Patidar,Moeen Ali,,14,3,2,2,2,0,1,0,0,0,0,0,0,0,0,0,0,,,0,13.3,2,1,0,202585,124.01,115.70,2,0,,,Knuckleball,11,LOFTED ON DRIVE,0,0,3,13,106,3,0,0,2,0,0,0,0,0
86,4,504,1,19,Royal Challengers Bangalore,Rajat Patidar,Moeen Ali,,14,4,1 (WD),1,0,0,0,0,0,1,1,0,0,0,0,0,0,,,0,13.4,2,1,1,202586,124.01,115.70,1,0,,,Knuckleball,54,LEG GLANCE,0,0,4,13,107,3,0,0,2,0,0,0,0,0
87,5,504,1,19,Royal Challengers Bangalore,Rajat Patidar,Moeen Ali,,14,4,1,1,1,1,0,0,0,0,0,0,0,0,0,0,0,,,0,13.4,2,1,0,202587,78.43,-32.56,1,0,,,Knuckleball,54,LEG GLANCE,0,0,5,13,108,3,0,0,2,0,0,0,0,0
88,6,504,1,19,Royal Challengers Bangalore,Mahipal Lomror,Moeen Ali,,14,5,1,1,1,1,0,0,0,0,0,0,0,0,0,0,0,,,0,13.5,2,1,0,202588,153.94,24.53,1,0,,,Knuckleball,16,BACKFOOT SQUARE DRIVE,0,0,6,13,109,3,0,0,2,0,0,0,0,0
89,7,504,1,19,Royal Challengers Bangalore,Rajat Patidar,Moeen Ali,,14,6,1,1,1,1,0,0,0,0,0,0,0,0,0,0,0,,,0,13.6,2,1,0,202589,104.67,-11.38,1,0,,,Knuckleball,54,LEG GLANCE,0,0,7,13,110,3,0,0,2,0,0,0,0,0
90,1,504,1,19,Royal Challengers Bangalore,Rajat Patidar,Maheesh Theekshana,,15,1,1,1,1,1,0,0,0,0,0,0,0,0,0,0,0,,,0,14.1,2,1,0,202590,88.10,116.62,1,0,,,Knuckleball,101,BACKFOOT ON DRIVE,0,0,1,14,111,3,1,0,2,0,0,0,0,0
91,2,504,1,19,Royal Challengers Bangalore,Mahipal Lomror,Maheesh Theekshana,,15,2,1,1,1,1,0,0,0,0,0,0,0,0,0,0,0,,,0,14.2,2,1,0,202591,-89.17,8.42,1,0,,,Knuckleball,97,BACKFOOT PUSH,0,0,2,14,112,3,0,0,2,0,0,0,0,0
92,3,504,1,19,Royal Challengers Bangalore,Rajat Patidar,Maheesh Theekshana,,15,3,4,4,4,0,0,0,0,0,0,0,0,0,1,0,0,,,0,14.3,2,1,0,202592,10.28,216.99,4,0,,,Knuckleball,13,LOFTED STRAIGHT,0,0,3,14,116,3,0,0,2,0,0,0,0,0
93,4,504,1,19,Royal Challengers Bangalore,Rajat Patidar,Maheesh Theekshana,,15,4,1,1,1,1,0,0,0,0,0,0,0,0,0,0,0,,,0,14.4,2,1,0,202593,36.53,73.34,1,0,,,Knuckleball,97,BACKFOOT PUSH,0,0,4,14,117,3,0,0,2,0,0,0,0,0
94,5,504,1,19,Royal Challengers Bangalore,Mahipal Lomror,Maheesh Theekshana,,15,5,0,0,0,0,0,0,1,0,0,0,0,0,0,0,0,,,0,14.5,2,1,0,202594,36.53,73.34,0,0,,,Knuckleball,36,CUT SHOT,0,0,5,14,117,3,0,0,2,0,0,0,0,0
95,6,504,1,19,Royal Challengers Bangalore,Mahipal Lomror,Maheesh Theekshana,,15,6,6,6,6,0,0,0,0,0,0,0,0,0,0,1,0,,,0,14.6,2,1,0,202595,-161.00,-91.50,6,0,,,Knuckleball,55,SWEEP SHOT,0,0,6,14,123,3,0,0,2,0,0,0,0,0
96,1,504,1,19,Royal Challengers Bangalore,Rajat Patidar,Dwaine Pretorius,,16,1,0 WK,W,0,0,0,0,1,0,0,0,0,0,0,0,1,Caught,WICKET,1,15.1,2,1,0,202596,-161.00,-91.50,0,0,https://scores.bcci.tv/matchcentre/commentaryFiles/IPL-2022/Royal-Challengers-Bangalore-VS-Chennai-Super-Kings-(04-May-2022)/File_1-16-202596.jpg,,Knuckleball,11,LOFTED ON DRIVE,0,0,1,15,123,4,1,0,2,0,0,0,0,0
97,2,504,1,19,Royal Challengers Bangalore,Dinesh Karthik,Dwaine Pretorius,,16,2,0,0,0,0,0,0,1,0,0,0,0,0,0,0,0,,,0,15.2,2,1,0,202597,-5.83,49.86,0,0,,,Knuckleball,49,FORWARD DEFENCE,0,0,2,15,123,4,2,0,2,0,0,0,0,0
98,3,504,1,19,Royal Challengers Bangalore,Dinesh Karthik,Dwaine Pretorius,,16,3,1,1,1,1,0,0,0,0,0,0,0,0,0,0,0,,,0,15.3,2,1,0,202598,109.28,-48.22,1,0,,,Knuckleball,54,LEG GLANCE,0,0,3,15,124,4,0,0,2,0,0,0,0,0
99,4,504,1,19,Royal Challengers Bangalore,Mahipal Lomror,Dwaine Pretorius,,16,4,1 (WD),1,0,0,0,0,0,1,1,0,0,0,0,0,0,,,0,15.4,2,1,1,202599,109.28,-48.22,1,0,,,Knuckleball,105,LEFT ALONE,0,0,4,15,125,4,0,0,2,0,0,0,0,0
100,5,504,1,19,Royal Challengers Bangalore,Mahipal Lomror,Dwaine Pretorius,,16,4,1,1,1,1,0,0,0,0,0,0,0,0,0,0,0,,,0,15.4,2,1,0,202600,130.92,28.22,1,0,,,Knuckleball,52,BACKFOOT COVERDRIVE,0,0,5,15,126,4,0,0,2,0,0,0,0,0
101,6,504,1,19,Royal Challengers Bangalore,Dinesh Karthik,Dwaine Pretorius,,16,5,1,1,1,1,0,0,0,0,0,0,0,0,0,0,0,,,0,15.5,2,1,0,202601,100.99,-36.71,1,0,,,Knuckleball,40,FRONTFOOT FLICK,0,0,6,15,127,4,0,0,2,0,0,0,0,0
102,7,504,1,19,Royal Challengers Bangalore,Mahipal Lomror,Dwaine Pretorius,,16,6,4,4,4,0,0,0,0,0,0,0,0,0,1,0,0,,,0,15.6,2,1,0,202602,-150.87,-67.09,4,0,,,Knuckleball,55,SWEEP SHOT,0,0,7,15,131,4,0,0,2,0,0,0,0,0
103,1,504,1,19,Royal Challengers Bangalore,Dinesh Karthik,Maheesh Theekshana,,17,1,0,0,0,0,0,0,1,0,0,0,0,0,0,0,0,,,0,16.1,2,1,0,202603,-65.69,-5.86,0,0,,,Knuckleball,97,BACKFOOT PUSH,0,0,1,16,131,4,1,0,2,0,0,0,0,0
104,2,504,1,19,Royal Challengers Bangalore,Dinesh Karthik,Maheesh Theekshana,,17,2,4,4,4,0,0,0,0,0,0,0,0,0,1,0,0,,,0,16.2,2,1,0,202604,189.39,32.36,4,0,,,Knuckleball,95,SLOG SWEEP,0,0,2,16,135,4,0,0,2,0,0,0,0,0
105,3,504,1,19,Royal Challengers Bangalore,Dinesh Karthik,Maheesh Theekshana,,17,3,1,1,1,1,0,0,0,0,0,0,0,0,0,0,0,,,0,16.3,2,1,0,202605,-98.84,23.61,1,0,,,Knuckleball,27,FORWARD PUSH,0,0,3,16,136,4,0,0,2,0,0,0,0,0
106,4,504,1,19,Royal Challengers Bangalore,Mahipal Lomror,Maheesh Theekshana,,17,4,1,1,1,1,0,0,0,0,0,0,0,0,0,0,0,,,0,16.4,2,1,0,202606,-111.27,77.02,1,0,,,Knuckleball,46,FRONTFOOT PULL SHOT,0,0,4,16,137,4,0,0,2,0,0,0,0,0
107,5,504,1,19,Royal Challengers Bangalore,Dinesh Karthik,Maheesh Theekshana,,17,5,0,0,0,0,0,0,1,0,0,0,0,0,0,0,0,,,0,16.5,2,1,0,202607,-51.87,-44.53,0,0,,,Knuckleball,35,LATE CUT,0,0,5,16,137,4,0,0,2,0,0,0,0,0
108,6,504,1,19,Royal Challengers Bangalore,Dinesh Karthik,Maheesh Theekshana,,17,6,0,0,0,0,0,0,1,0,0,0,0,0,0,0,0,,,0,16.6,2,1,0,202608,-51.87,-44.53,0,0,,,Knuckleball,49,FORWARD DEFENCE,0,0,6,16,137,4,0,0,2,0,0,0,0,0
109,1,504,1,19,Royal Challengers Bangalore,Mahipal Lomror,Dwaine Pretorius,,18,1,4,4,4,0,0,0,0,0,0,0,0,0,1,0,0,,,0,17.1,2,1,0,202609,69.68,209.63,4,0,,,Knuckleball,5,LOFTED OFF DRIVE,0,0,1,17,141,4,1,0,2,0,0,0,0,0
110,2,504,1,19,Royal Challengers Bangalore,Mahipal Lomror,Dwaine Pretorius,,18,2,2,2,2,0,1,0,0,0,0,0,0,0,0,0,0,,,0,17.2,2,1,0,202610,81.65,95.90,2,0,,,Knuckleball,84,FRONTFOOT OFF DRIVE,0,0,2,17,143,4,0,0,2,0,0,0,0,0
111,3,504,1,19,Royal Challengers Bangalore,Mahipal Lomror,Dwaine Pretorius,,18,3,1 (WD),1,0,0,0,0,0,1,1,0,0,0,0,0,0,,,0,17.3,2,1,1,202611,81.65,95.90,1,0,,,Knuckleball,105,LEFT ALONE,0,0,3,17,144,4,0,0,2,0,0,0,0,0
112,4,504,1,19,Royal Challengers Bangalore,Mahipal Lomror,Dwaine Pretorius,,18,3,2,2,2,0,1,0,0,0,0,0,0,0,0,0,0,,,0,17.3,2,1,0,202612,112.96,77.48,2,0,,,Knuckleball,15,LOFTED COVER DRIVE,0,0,4,17,146,4,0,0,2,0,0,0,0,0
113,5,504,1,19,Royal Challengers Bangalore,Mahipal Lomror,Dwaine Pretorius,,18,4,6,6,6,0,0,0,0,0,0,0,0,0,0,1,0,,,0,17.4,2,1,0,202613,-179.41,118.46,6,0,,,Knuckleball,95,SLOG SWEEP,0,0,5,17,152,4,0,1,3,0,0,0,0,0
114,6,504,1,19,Royal Challengers Bangalore,Mahipal Lomror,Dwaine Pretorius,,18,5,1,1,1,1,0,0,0,0,0,0,0,0,0,0,0,,,0,17.5,2,1,0,202614,114.80,-55.58,1,0,,,Knuckleball,96,SLICED OVER POINT,0,0,6,17,153,4,0,0,3,0,0,0,0,0
115,7,504,1,19,Royal Challengers Bangalore,Dinesh Karthik,Dwaine Pretorius,,18,6,2,2,2,0,1,0,0,0,0,0,0,0,0,0,0,,,0,17.6,2,1,0,202615,133.22,16.24,2,0,,,Knuckleball,40,FRONTFOOT FLICK,0,0,7,17,155,4,0,0,3,0,0,0,0,0
116,1,504,1,19,Royal Challengers Bangalore,Mahipal Lomror,Maheesh Theekshana,,19,1,0 WK,W,0,0,0,0,1,0,0,0,0,0,0,0,1,Caught,WICKET,1,18.1,2,1,0,202616,133.22,16.24,0,0,,,Knuckleball,11,LOFTED ON DRIVE,0,0,1,18,155,5,1,0,3,0,0,0,0,0
117,2,504,1,19,Royal Challengers Bangalore,Wanindu Hasaranga,Maheesh Theekshana,,19,2,0 WK,W,0,0,0,0,1,0,0,0,0,0,0,0,1,Caught,WICKET,1,18.2,2,1,0,202617,133.22,16.24,0,0,,,Knuckleball,5,LOFTED OFF DRIVE,0,0,2,18,155,6,0,0,3,0,0,0,0,0
118,3,504,1,19,Royal Challengers Bangalore,Shahbaz Ahmed,Maheesh Theekshana,,19,3,1,1,1,1,0,0,0,0,0,0,0,0,0,0,0,,,0,18.3,2,1,0,202618,47.58,173.25,1,0,,,Knuckleball,84,FRONTFOOT OFF DRIVE,0,0,3,18,156,6,1,0,3,0,0,0,0,0
119,4,504,1,19,Royal Challengers Bangalore,Dinesh Karthik,Maheesh Theekshana,,19,4,0,0,0,0,0,0,1,0,0,0,0,0,0,0,0,,,0,18.4,2,1,0,202619,47.58,173.25,0,0,,,Knuckleball,95,SLOG SWEEP,0,0,4,18,156,6,0,0,3,0,0,0,0,0
120,5,504,1,19,Royal Challengers Bangalore,Dinesh Karthik,Maheesh Theekshana,,19,5,1,1,1,1,0,0,0,0,0,0,0,0,0,0,0,,,0,18.5,2,1,0,202620,-82.26,92.68,1,0,,,Knuckleball,84,FRONTFOOT OFF DRIVE,0,0,5,18,157,6,0,0,3,0,0,0,0,0
121,6,504,1,19,Royal Challengers Bangalore,Shahbaz Ahmed,Maheesh Theekshana,,19,6,0 WK,W,0,0,0,0,1,0,0,0,0,0,0,0,1,Bowled,WICKET,1,18.6,2,1,0,202621,-82.26,92.68,0,0,,,Knuckleball,27,FORWARD PUSH,0,0,6,18,157,7,1,0,3,0,0,0,0,0
123,1,504,1,19,Royal Challengers Bangalore,Dinesh Karthik,Dwaine Pretorius,,20,1,0,0,0,0,0,0,1,0,0,0,0,0,0,0,0,,,0,19.1,2,1,0,202622,-82.26,92.68,0,0,,,Knuckleball,49,FORWARD DEFENCE,0,0,1,19,157,7,2,0,3,0,0,0,0,0
124,2,504,1,19,Royal Challengers Bangalore,Dinesh Karthik,Dwaine Pretorius,,20,2,6,6,6,0,0,0,0,0,0,0,0,0,0,1,0,,,0,19.2,2,1,0,202623,150.72,133.65,6,0,,,Knuckleball,11,LOFTED ON DRIVE,0,0,2,19,163,7,0,0,3,0,0,0,0,0
125,3,504,1,19,Royal Challengers Bangalore,Dinesh Karthik,Dwaine Pretorius,,20,3,2,2,2,0,1,0,0,0,0,0,0,0,0,0,0,,,0,19.3,2,1,0,202624,-94.69,123.99,2,0,,,Knuckleball,5,LOFTED OFF DRIVE,0,0,3,19,165,7,0,0,3,0,0,0,0,0
126,4,504,1,19,Royal Challengers Bangalore,Dinesh Karthik,Dwaine Pretorius,,20,4,6,6,6,0,0,0,0,0,0,0,0,0,0,1,0,,,0,19.4,2,1,0,202625,133.22,166.35,6,0,,,Knuckleball,11,LOFTED ON DRIVE,0,0,4,19,171,7,0,0,3,0,0,0,0,0
127,5,504,1,19,Royal Challengers Bangalore,Dinesh Karthik,Dwaine Pretorius,,20,5,0 WK,W,0,0,0,0,1,0,0,0,0,0,0,0,1,Run Out,WICKET,0,19.5,2,1,0,202626,133.22,166.35,0,0,,,Knuckleball,51,FRONTFOOT COVERDRIVE,0,0,5,19,171,8,0,0,3,0,0,0,0,0
128,6,504,1,19,Royal Challengers Bangalore,Dinesh Karthik,Dwaine Pretorius,,20,6,2,2,2,0,1,0,0,0,0,0,0,0,0,0,0,,,0,19.6,2,1,0,202627,77.97,92.22,2,0,,,Knuckleball,18,SLOG SHOT,0,0,6,19,173,8,0,0,3,0,0,0,0,0
130,1,504,2,13,Chennai Super Kings,Ruturaj  Gaikwad,Shahbaz Ahmed,,1,1,0,0,0,0,0,0,1,0,0,0,0,0,0,0,0,,,0,0.1,2,1,0,202628,-28.39,12.10,0,0,,,Knuckleball,27,FORWARD PUSH,0,0,1,0,0,0,1,0,0,0,0,0,0,0
131,2,504,2,13,Chennai Super Kings,Ruturaj  Gaikwad,Shahbaz Ahmed,,1,2,1,1,1,1,0,0,0,0,0,0,0,0,0,0,0,,,0,0.2,2,1,0,202629,-79.50,122.14,1,0,,,Knuckleball,27,FORWARD PUSH,0,0,2,0,1,0,0,0,0,0,0,0,0,0
132,3,504,2,13,Chennai Super Kings,Devon Conway,Shahbaz Ahmed,,1,3,0,0,0,0,0,0,1,0,0,0,0,0,0,0,0,,,0,0.3,2,1,0,202630,-16.42,65.05,0,0,,,Knuckleball,27,FORWARD PUSH,0,0,3,0,1,0,0,0,0,0,0,0,0,0
133,4,504,2,13,Chennai Super Kings,Devon Conway,Shahbaz Ahmed,,1,4,4,4,4,0,0,0,0,0,0,0,0,0,1,0,0,,,0,0.4,2,1,0,202631,50.80,-140.76,4,0,,,Knuckleball,56,REVERSE SWEEP,0,0,4,0,5,0,0,0,0,0,0,0,0,0
134,5,504,2,13,Chennai Super Kings,Devon Conway,Shahbaz Ahmed,,1,5,0,0,0,0,0,0,1,0,0,0,0,0,0,0,0,,,0,0.5,2,1,0,202632,50.80,-140.76,0,0,,,Knuckleball,55,SWEEP SHOT,0,0,5,0,5,0,0,0,0,0,0,0,0,0
135,6,504,2,13,Chennai Super Kings,Devon Conway,Shahbaz Ahmed,,1,6,4,4,4,0,0,0,0,0,0,0,0,0,1,0,0,,,0,0.6,2,1,0,202633,-149.03,-81.83,4,0,,,Knuckleball,55,SWEEP SHOT,0,0,6,0,9,0,0,0,0,0,0,0,0,0
137,1,504,2,13,Chennai Super Kings,Ruturaj  Gaikwad,Josh Hazlewood,,2,1,1,1,1,1,0,0,0,0,0,0,0,0,0,0,0,,,0,1.1,2,1,0,202634,-85.95,-87.81,1,0,,,Knuckleball,36,CUT SHOT,0,0,1,1,10,0,1,0,0,0,0,0,0,0
138,2,504,2,13,Chennai Super Kings,Devon Conway,Josh Hazlewood,,2,2,1,1,1,1,0,0,0,0,0,0,0,0,0,0,0,,,0,1.2,2,1,0,202635,43.44,-119.12,1,0,,,Knuckleball,44,GLIDE,0,0,2,1,11,0,0,0,0,0,0,0,0,0
139,3,504,2,13,Chennai Super Kings,Ruturaj  Gaikwad,Josh Hazlewood,,2,3,0,0,0,0,0,0,1,0,0,0,0,0,0,0,0,,,0,1.3,2,1,0,202636,43.44,-119.12,0,0,,,Knuckleball,105,LEFT ALONE,0,0,3,1,11,0,0,0,0,0,0,0,0,0
140,4,504,2,13,Chennai Super Kings,Ruturaj  Gaikwad,Josh Hazlewood,,2,4,0,0,0,0,0,0,1,0,0,0,0,0,0,0,0,,,0,1.4,2,1,0,202637,-0.77,42.49,0,0,,,Knuckleball,49,FORWARD DEFENCE,0,0,4,1,11,0,0,0,0,0,0,0,0,0
141,5,504,2,13,Chennai Super Kings,Ruturaj  Gaikwad,Josh Hazlewood,,2,5,1,1,1,1,0,0,0,0,0,0,0,0,0,0,0,,,0,1.5,2,1,0,202638,78.89,95.44,1,0,,,Knuckleball,97,BACKFOOT PUSH,0,0,5,1,12,0,0,0,0,0,0,0,0,0
142,6,504,2,13,Chennai Super Kings,Devon Conway,Josh Hazlewood,,2,6,0,0,0,0,0,0,1,0,0,0,0,0,0,0,0,,,0,1.6,2,1,0,202639,78.89,95.44,0,0,,,Knuckleball,49,FORWARD DEFENCE,0,0,6,1,12,0,0,0,0,0,0,0,0,0
143,1,504,2,13,Chennai Super Kings,Ruturaj  Gaikwad,Mohammed Siraj,,3,1,0,0,0,0,0,0,1,0,0,0,0,0,0,0,0,,,0,2.1,2,1,0,202640,78.89,95.44,0,0,,,Knuckleball,105,LEFT ALONE,0,0,1,2,12,0,1,0,0,0,0,0,0,0
144,2,504,2,13,Chennai Super Kings,Ruturaj  Gaikwad,Mohammed Siraj,,3,2,0,0,0,0,0,0,1,0,0,0,0,0,0,0,0,,,0,2.2,2,1,0,202641,-73.51,23.15,0,0,,,Knuckleball,27,FORWARD PUSH,0,0,2,2,12,0,0,0,0,0,0,0,0,0
145,3,504,2,13,Chennai Super Kings,Ruturaj  Gaikwad,Mohammed Siraj,,3,3,4,4,4,0,0,0,0,0,0,0,0,0,1,0,0,,,0,2.3,2,1,0,202642,-181.72,-56.04,4,0,,,Knuckleball,36,CUT SHOT,0,0,3,2,16,0,0,0,0,0,0,0,0,0
146,4,504,2,13,Chennai Super Kings,Ruturaj  Gaikwad,Mohammed Siraj,,3,4,1,1,1,1,0,0,0,0,0,0,0,0,0,0,0,,,0,2.4,2,1,0,202643,-47.27,-107.15,1,0,,,Knuckleball,44,GLIDE,0,0,4,2,17,0,0,0,0,0,0,0,0,0
147,5,504,2,13,Chennai Super Kings,Devon Conway,Mohammed Siraj,,3,5,4,4,4,0,0,0,0,0,0,0,0,0,1,0,0,,,0,2.5,2,1,0,202644,-73.05,204.56,4,0,https://scores.bcci.tv/matchcentre/commentaryFiles/IPL-2022/Royal-Challengers-Bangalore-VS-Chennai-Super-Kings-(04-May-2022)/File_2-3-202644.jpg,,Knuckleball,47,FRONTFOOT ON DRIVE,0,0,5,2,21,0,0,0,0,0,0,0,0,0
148,6,504,2,13,Chennai Super Kings,Devon Conway,Mohammed Siraj,,3,6,1,1,1,1,0,0,0,0,0,0,0,0,0,0,0,,,0,2.6,2,1,0,202645,31.92,131.35,1,0,,,Knuckleball,84,FRONTFOOT OFF DRIVE,0,0,6,2,22,0,0,0,0,0,0,0,0,0
149,1,504,2,13,Chennai Super Kings,Devon Conway,Josh Hazlewood,,4,1,1,1,1,1,0,0,0,0,0,0,0,0,0,0,0,,,0,3.1,2,1,0,202646,66.92,-103.01,1,0,,,Knuckleball,44,GLIDE,0,0,1,3,23,0,1,0,0,0,0,0,0,0
150,2,504,2,13,Chennai Super Kings,Ruturaj  Gaikwad,Josh Hazlewood,,4,2,0,0,0,0,0,0,1,0,0,0,0,0,0,0,0,,,0,3.2,2,1,0,202647,-23.79,-9.54,0,0,,,Knuckleball,50,BACKFOOT DEFENCE,0,0,2,3,23,0,0,0,0,0,0,0,0,0
151,3,504,2,13,Chennai Super Kings,Ruturaj  Gaikwad,Josh Hazlewood,,4,3,0,0,0,0,0,0,1,0,0,0,0,0,0,0,0,,,0,3.3,2,1,0,202648,-27.47,24.99,0,0,,,Knuckleball,49,FORWARD DEFENCE,0,0,3,3,23,0,0,0,0,0,0,0,0,0
152,4,504,2,13,Chennai Super Kings,Ruturaj  Gaikwad,Josh Hazlewood,,4,4,0,0,0,0,0,0,1,0,0,0,0,0,0,0,0,,,0,3.4,2,1,0,202649,-38.06,-47.76,0,0,,,Knuckleball,50,BACKFOOT DEFENCE,0,0,4,3,23,0,0,0,0,0,0,0,0,0
153,5,504,2,13,Chennai Super Kings,Ruturaj  Gaikwad,Josh Hazlewood,,4,5,2,2,2,0,1,0,0,0,0,0,0,0,0,0,0,,,0,3.5,2,1,0,202650,147.03,67.81,2,0,,,Knuckleball,46,FRONTFOOT PULL SHOT,0,0,5,3,25,0,0,0,0,0,0,0,0,0
154,6,504,2,13,Chennai Super Kings,Ruturaj  Gaikwad,Josh Hazlewood,,4,6,0,0,0,0,0,0,1,0,0,0,0,0,0,0,0,,,0,3.6,2,1,0,202651,-70.29,84.39,0,0,,,Knuckleball,27,FORWARD PUSH,0,0,6,3,25,0,0,0,0,0,0,0,0,0
155,1,504,2,13,Chennai Super Kings,Devon Conway,Mohammed Siraj,,5,1,1,1,1,1,0,0,0,0,0,0,0,0,0,0,0,,,0,4.1,2,1,0,202652,184.33,58.14,1,0,,,Knuckleball,54,LEG GLANCE,0,0,1,4,26,0,1,0,0,0,0,0,0,0
156,2,504,2,13,Chennai Super Kings,Ruturaj  Gaikwad,Mohammed Siraj,,5,2,4,4,4,0,0,0,0,0,0,0,0,0,1,0,0,,,0,4.2,2,1,0,202653,191.23,102.35,4,0,,,Knuckleball,46,FRONTFOOT PULL SHOT,0,0,2,4,30,0,0,0,0,0,0,0,0,0
157,3,504,2,13,Chennai Super Kings,Ruturaj  Gaikwad,Mohammed Siraj,,5,3,4,4,4,0,0,0,0,0,0,0,0,0,1,0,0,,,0,4.3,2,1,0,202654,57.25,210.55,4,0,,,Knuckleball,94,STEP DOWN LOFTED ON DRIVE,0,0,3,4,34,0,0,0,0,0,0,0,0,0
158,4,504,2,13,Chennai Super Kings,Ruturaj  Gaikwad,Mohammed Siraj,,5,4,1,1,1,1,0,0,0,0,0,0,0,0,0,0,0,,,0,4.4,2,1,0,202655,-55.10,94.06,1,0,,,Knuckleball,27,FORWARD PUSH,0,0,4,4,35,0,0,0,0,0,0,0,0,0
159,5,504,2,13,Chennai Super Kings,Devon Conway,Mohammed Siraj,,5,5,1,1,1,1,0,0,0,0,0,0,0,0,0,0,0,,,0,4.5,2,1,0,202656,-112.65,-52.36,1,0,,,Knuckleball,46,FRONTFOOT PULL SHOT,0,0,5,4,36,0,0,0,0,0,0,0,0,0
160,6,504,2,13,Chennai Super Kings,Ruturaj  Gaikwad,Mohammed Siraj,,5,6,1,1,1,1,0,0,0,0,0,0,0,0,0,0,0,,,0,4.6,2,1,0,202657,-65.23,-16.91,1,0,,,Knuckleball,97,BACKFOOT PUSH,0,0,6,4,37,0,0,0,0,0,0,0,0,0
161,1,504,2,13,Chennai Super Kings,Ruturaj  Gaikwad,Wanindu Hasaranga,,6,1,1,1,1,1,0,0,0,0,0,0,0,0,0,0,0,,,0,5.1,2,1,0,202658,30.54,97.74,1,0,,,Knuckleball,77,STEP DOWN DEFENCE,0,0,1,5,38,0,1,0,0,0,0,0,0,0
162,2,504,2,13,Chennai Super Kings,Devon Conway,Wanindu Hasaranga,,6,2,0,0,0,0,0,0,1,0,0,0,0,0,0,0,0,,,0,5.2,2,1,0,202659,54.03,105.11,0,0,,,Knuckleball,97,BACKFOOT PUSH,0,0,2,5,38,0,0,0,0,0,0,0,0,0
163,3,504,2,13,Chennai Super Kings,Devon Conway,Wanindu Hasaranga,,6,3,0,0,0,0,0,0,1,0,0,0,0,0,0,0,0,,,0,5.3,2,1,0,202660,54.03,53.08,0,0,,,Knuckleball,52,BACKFOOT COVERDRIVE,0,0,3,5,38,0,0,0,0,0,0,0,0,0
164,4,504,2,13,Chennai Super Kings,Devon Conway,Wanindu Hasaranga,,6,4,6,6,6,0,0,0,0,0,0,0,0,0,0,1,0,,,0,5.4,2,1,0,202661,-135.67,164.04,6,0,,,Knuckleball,11,LOFTED ON DRIVE,0,0,4,5,44,0,0,0,0,0,0,0,0,0
165,5,504,2,13,Chennai Super Kings,Devon Conway,Wanindu Hasaranga,,6,5,1,1,1,1,0,0,0,0,0,0,0,0,0,0,0,,,0,5.5,2,1,0,202662,-68.91,-14.60,1,0,,,Knuckleball,95,SLOG SWEEP,0,0,5,5,45,0,0,0,0,0,0,0,0,0
166,6,504,2,13,Chennai Super Kings,Ruturaj  Gaikwad,Wanindu Hasaranga,,6,6,6,6,6,0,0,0,0,0,0,0,0,0,0,1,0,,,0,5.6,2,1,0,202663,147.03,155.76,6,0,,,Knuckleball,46,FRONTFOOT PULL SHOT,0,0,6,5,51,0,0,1,1,0,1,0,0,0
167,1,504,2,13,Chennai Super Kings,Devon Conway,Shahbaz Ahmed,,7,1,1,1,1,1,0,0,0,0,0,0,0,0,0,0,0,,,0,6.1,2,1,0,202664,-86.41,119.84,1,0,,,Knuckleball,101,BACKFOOT ON DRIVE,0,0,1,6,52,0,1,0,1,0,0,0,0,0
168,2,504,2,13,Chennai Super Kings,Ruturaj  Gaikwad,Shahbaz Ahmed,,7,2,1,1,1,1,0,0,0,0,0,0,0,0,0,0,0,,,0,6.2,2,1,0,202665,-94.23,127.67,1,0,,,Knuckleball,21,STEP DOWN OFF DRIVE,0,0,2,6,53,0,0,0,1,0,0,0,0,0
169,3,504,2,13,Chennai Super Kings,Devon Conway,Shahbaz Ahmed,,7,3,1,1,1,1,0,0,0,0,0,0,0,0,0,0,0,,,0,6.3,2,1,0,202666,41.13,-53.74,1,0,,,Knuckleball,56,REVERSE SWEEP,0,0,3,6,54,0,0,0,1,0,0,0,0,0
170,4,504,2,13,Chennai Super Kings,Ruturaj  Gaikwad,Shahbaz Ahmed,,7,4,0 WK,W,0,0,0,0,1,0,0,0,0,0,0,0,1,Caught,WICKET,1,6.4,2,1,0,202667,41.13,-53.74,0,0,https://scores.bcci.tv/matchcentre/commentaryFiles/IPL-2022/Royal-Challengers-Bangalore-VS-Chennai-Super-Kings-(04-May-2022)/File_2-7-202667.jpg,,Knuckleball,46,FRONTFOOT PULL SHOT,0,0,4,6,54,1,1,0,1,0,0,0,0,0
171,5,504,2,13,Chennai Super Kings,Robin Uthappa,Shahbaz Ahmed,,7,5,1,1,1,1,0,0,0,0,0,0,0,0,0,0,0,,,0,6.5,2,1,0,202668,-113.57,68.27,1,0,,,Knuckleball,51,FRONTFOOT COVERDRIVE,0,0,5,6,55,1,2,0,1,0,0,0,0,0
172,6,504,2,13,Chennai Super Kings,Devon Conway,Shahbaz Ahmed,,7,6,4,4,4,0,0,0,0,0,0,0,0,0,1,0,0,,,0,6.6,2,1,0,202669,183.41,69.19,4,0,,,Knuckleball,52,BACKFOOT COVERDRIVE,0,0,6,6,59,1,0,0,1,0,0,0,0,0
173,1,504,2,13,Chennai Super Kings,Robin Uthappa,Glenn Maxwell,,8,1,0,0,0,0,0,0,1,0,0,0,0,0,0,0,0,,,0,7.1,2,1,0,202670,10.28,64.13,0,0,,,Knuckleball,50,BACKFOOT DEFENCE,0,0,1,7,59,1,1,0,1,0,0,0,0,0
174,2,504,2,13,Chennai Super Kings,Robin Uthappa,Glenn Maxwell,,8,2,0 WK,W,0,0,0,0,1,0,0,0,0,0,0,0,1,Caught,WICKET,1,7.2,2,1,0,202671,10.28,64.13,0,0,https://scores.bcci.tv/matchcentre/commentaryFiles/IPL-2022/Royal-Challengers-Bangalore-VS-Chennai-Super-Kings-(04-May-2022)/File_2-8-202671.jpg,,Knuckleball,36,CUT SHOT,0,0,2,7,59,2,2,0,1,0,0,0,0,0
175,3,504,2,13,Chennai Super Kings,Ambati Rayudu,Glenn Maxwell,,8,3,1,1,1,1,0,0,0,0,0,0,0,0,0,0,0,,,0,7.3,2,1,0,202672,131.84,-13.68,1,0,,,Knuckleball,40,FRONTFOOT FLICK,0,0,3,7,60,2,3,0,1,0,0,0,0,0
176,4,504,2,13,Chennai Super Kings,Devon Conway,Glenn Maxwell,,8,4,0,0,0,0,0,0,1,0,0,0,0,0,0,0,0,,,0,7.4,2,1,0,202673,47.12,-16.45,0,0,,,Knuckleball,49,FORWARD DEFENCE,0,0,4,7,60,2,0,0,1,0,0,0,0,0
177,5,504,2,13,Chennai Super Kings,Devon Conway,Glenn Maxwell,,8,5,1,1,1,1,0,0,0,0,0,0,0,0,0,0,0,,,0,7.5,2,1,0,202674,-90.55,108.79,1,0,,,Knuckleball,101,BACKFOOT ON DRIVE,0,0,5,7,61,2,0,0,1,0,0,0,0,0
178,6,504,2,13,Chennai Super Kings,Ambati Rayudu,Glenn Maxwell,,8,6,1,1,1,1,0,0,0,0,0,0,0,0,0,0,0,,,0,7.6,2,1,0,202675,-88.71,-40.85,1,0,,,Knuckleball,36,CUT SHOT,0,0,6,7,62,2,0,0,1,0,0,0,0,0
179,1,504,2,13,Chennai Super Kings,Ambati Rayudu,Shahbaz Ahmed,,9,1,0,0,0,0,0,0,1,0,0,0,0,0,0,0,0,,,0,8.1,2,1,0,202676,-80.88,-4.47,0,0,,,Knuckleball,27,FORWARD PUSH,0,0,1,8,62,2,1,0,1,0,0,0,0,0
180,2,504,2,13,Chennai Super Kings,Ambati Rayudu,Shahbaz Ahmed,,9,2,0,0,0,0,0,0,1,0,0,0,0,0,0,0,0,,,0,8.2,2,1,0,202677,-32.08,43.41,0,0,,,Knuckleball,50,BACKFOOT DEFENCE,0,0,2,8,62,2,0,0,1,0,0,0,0,0
181,3,504,2,13,Chennai Super Kings,Ambati Rayudu,Shahbaz Ahmed,,9,3,1,1,1,1,0,0,0,0,0,0,0,0,0,0,0,,,0,8.3,2,1,0,202678,-117.72,31.44,1,0,,,Knuckleball,51,FRONTFOOT COVERDRIVE,0,0,3,8,63,2,0,0,1,0,0,0,0,0
182,4,504,2,13,Chennai Super Kings,Devon Conway,Shahbaz Ahmed,,9,4,2,2,2,0,1,0,0,0,0,0,0,0,0,0,0,,,0,8.4,2,1,0,202679,-102.98,-23.35,2,0,,,Knuckleball,54,LEG GLANCE,0,0,4,8,65,2,0,0,1,0,0,0,0,0
183,5,504,2,13,Chennai Super Kings,Devon Conway,Shahbaz Ahmed,,9,5,1,1,1,1,0,0,0,0,0,0,0,0,0,0,0,,,0,8.5,2,1,0,202680,-85.49,115.70,1,0,,,Knuckleball,47,FRONTFOOT ON DRIVE,0,0,5,8,66,2,0,0,1,0,0,0,0,0
184,6,504,2,13,Chennai Super Kings,Ambati Rayudu,Shahbaz Ahmed,,9,6,6,6,6,0,0,0,0,0,0,0,0,0,0,1,0,,,0,8.6,2,1,0,202681,144.73,150.23,6,0,,,Knuckleball,46,FRONTFOOT PULL SHOT,0,0,6,8,72,2,0,0,1,0,0,0,0,0
185,1,504,2,13,Chennai Super Kings,Devon Conway,Glenn Maxwell,,10,1,1,1,1,1,0,0,0,0,0,0,0,0,0,0,0,,,0,9.1,2,1,0,202682,-92.85,-41.77,1,0,,,Knuckleball,40,FRONTFOOT FLICK,0,0,1,9,73,2,1,0,1,0,0,0,0,0
186,2,504,2,13,Chennai Super Kings,Ambati Rayudu,Glenn Maxwell,,10,2,1,1,1,1,0,0,0,0,0,0,0,0,0,0,0,,,0,9.2,2,1,0,202683,127.23,102.35,1,0,,,Knuckleball,46,FRONTFOOT PULL SHOT,0,0,2,9,74,2,0,0,1,0,0,0,0,0
187,3,504,2,13,Chennai Super Kings,Devon Conway,Glenn Maxwell,,10,3,1,1,1,1,0,0,0,0,0,0,0,0,0,0,0,,,0,9.3,2,1,0,202684,71.06,-28.42,1,0,,,Knuckleball,35,LATE CUT,0,0,3,9,75,2,0,0,1,0,0,0,0,0
188,4,504,2,13,Chennai Super Kings,Ambati Rayudu,Glenn Maxwell,,10,4,0 WK,W,0,0,0,0,1,0,0,0,0,0,0,0,1,Bowled,WICKET,1,9.4,2,1,0,202685,71.06,-28.42,0,0,,,Knuckleball,35,LATE CUT,0,0,4,9,75,3,1,0,1,0,0,0,0,0
189,5,504,2,13,Chennai Super Kings,Moeen Ali,Glenn Maxwell,,10,5,1,1,1,1,0,0,0,0,0,0,0,0,0,0,0,,,0,9.5,2,1,0,202686,119.41,18.55,1,0,,,Knuckleball,27,FORWARD PUSH,0,0,5,9,76,3,2,0,1,0,0,0,0,0
190,6,504,2,13,Chennai Super Kings,Devon Conway,Glenn Maxwell,,10,6,1,1,1,1,0,0,0,0,0,0,0,0,0,0,0,,,0,9.6,2,1,0,202687,-67.99,100.96,1,0,,,Knuckleball,97,BACKFOOT PUSH,0,0,6,9,77,3,0,0,1,0,0,0,0,0
192,1,504,2,13,Chennai Super Kings,Devon Conway,Wanindu Hasaranga,,11,1,0,0,0,0,0,0,1,0,0,0,0,0,0,0,0,,,0,10.1,2,1,0,202688,13.05,46.17,0,0,,,Knuckleball,50,BACKFOOT DEFENCE,0,0,1,10,77,3,1,0,1,0,0,0,0,0
193,2,504,2,13,Chennai Super Kings,Devon Conway,Wanindu Hasaranga,,11,2,1,1,1,1,0,0,0,0,0,0,0,0,0,0,0,,,0,10.2,2,1,0,202689,73.82,-10.46,1,0,,,Knuckleball,97,BACKFOOT PUSH,0,0,2,10,78,3,0,0,1,0,0,0,0,0
194,3,504,2,13,Chennai Super Kings,Moeen Ali,Wanindu Hasaranga,,11,3,0,0,0,0,0,0,1,0,0,0,0,0,0,0,0,,,0,10.3,2,1,0,202690,-3.07,62.29,0,0,,,Knuckleball,50,BACKFOOT DEFENCE,0,0,3,10,78,3,0,0,1,0,0,0,0,0
195,4,504,2,13,Chennai Super Kings,Moeen Ali,Wanindu Hasaranga,,11,4,1,1,1,1,0,0,0,0,0,0,0,0,0,0,0,,,0,10.4,2,1,0,202691,-38.52,-55.12,1,0,,,Knuckleball,54,LEG GLANCE,0,0,4,10,79,3,0,0,1,0,0,0,0,0
196,5,504,2,13,Chennai Super Kings,Devon Conway,Wanindu Hasaranga,,11,5,0,0,0,0,0,0,1,0,0,0,0,0,0,0,0,,,0,10.5,2,1,0,202692,-59.24,-41.31,0,0,,,Knuckleball,55,SWEEP SHOT,0,0,5,10,79,3,0,0,1,0,0,0,0,0
197,6,504,2,13,Chennai Super Kings,Devon Conway,Wanindu Hasaranga,,11,6,6,6,6,0,0,0,0,0,0,0,0,0,0,1,0,,,0,10.6,2,1,0,202693,-154.09,146.09,6,0,,,Knuckleball,94,STEP DOWN LOFTED ON DRIVE,0,0,6,10,85,3,0,0,1,0,0,0,0,0
198,1,504,2,13,Chennai Super Kings,Moeen Ali,Glenn Maxwell,,12,1,1,1,1,1,0,0,0,0,0,0,0,0,0,0,0,,,0,11.1,2,1,0,202694,-73.05,105.11,1,0,,,Knuckleball,97,BACKFOOT PUSH,0,0,1,11,86,3,1,0,1,0,0,0,0,0
199,2,504,2,13,Chennai Super Kings,Devon Conway,Glenn Maxwell,,12,2,1,1,1,1,0,0,0,0,0,0,0,0,0,0,0,,,0,11.2,2,1,0,202695,-64.77,102.35,1,0,,,Knuckleball,27,FORWARD PUSH,0,0,2,11,87,3,0,0,1,0,0,0,0,0
200,3,504,2,13,Chennai Super Kings,Moeen Ali,Glenn Maxwell,,12,3,4,4,4,0,0,0,0,0,0,0,0,0,1,0,0,,,0,11.3,2,1,0,202696,15.81,-151.35,4,0,,,Knuckleball,27,FORWARD PUSH,0,0,3,11,91,3,0,0,1,0,0,0,0,0
201,4,504,2,13,Chennai Super Kings,Moeen Ali,Glenn Maxwell,,12,4,0,0,0,0,0,0,1,0,0,0,0,0,0,0,0,,,0,11.4,2,1,0,202697,15.81,-151.35,0,0,,,Knuckleball,49,FORWARD DEFENCE,0,0,4,11,91,3,0,0,1,0,0,0,0,0
202,5,504,2,13,Chennai Super Kings,Moeen Ali,Glenn Maxwell,,12,5,1,1,1,1,0,0,0,0,0,0,0,0,0,0,0,,,0,11.5,2,1,0,202698,129.54,1.05,1,0,,,Knuckleball,59,FRONTFOOT SQUARE DRIVE,0,0,5,11,92,3,0,0,1,0,0,0,0,0
203,6,504,2,13,Chennai Super Kings,Devon Conway,Glenn Maxwell,,12,6,0,0,0,0,0,0,1,0,0,0,0,0,0,0,0,,,0,11.6,2,1,0,202699,69.68,-40.39,0,0,,,Knuckleball,56,REVERSE SWEEP,0,0,6,11,92,3,0,0,1,0,0,0,0,0
204,1,504,2,13,Chennai Super Kings,Moeen Ali,Harshal Patel,,13,1,0,0,0,0,0,0,1,0,0,0,0,0,0,0,0,,,0,12.1,2,1,0,202700,49.42,68.73,0,0,,,Knuckleball,27,FORWARD PUSH,0,0,1,12,92,3,1,0,1,0,0,0,0,0
205,2,504,2,13,Chennai Super Kings,Moeen Ali,Harshal Patel,,13,2,4,4,4,0,0,0,0,0,0,0,0,0,1,0,0,,,0,12.2,2,1,0,202701,-67.99,-136.16,4,0,,,Knuckleball,46,FRONTFOOT PULL SHOT,0,0,2,12,96,3,0,0,1,0,0,0,0,0
206,3,504,2,13,Chennai Super Kings,Moeen Ali,Harshal Patel,,13,3,1,1,1,1,0,0,0,0,0,0,0,0,0,0,0,,,0,12.3,2,1,0,202702,-47.73,15.32,1,0,,,Knuckleball,97,BACKFOOT PUSH,0,0,3,12,97,3,0,0,1,0,0,0,0,0
207,4,504,2,13,Chennai Super Kings,Devon Conway,Harshal Patel,,13,4,4,4,4,0,0,0,0,0,0,0,0,0,1,0,0,,,0,12.4,2,1,0,202703,143.35,128.13,4,0,,,Knuckleball,51,FRONTFOOT COVERDRIVE,0,0,4,12,101,3,0,1,2,0,0,1,0,0
208,5,504,2,13,Chennai Super Kings,Devon Conway,Harshal Patel,,13,5,1,1,1,1,0,0,0,0,0,0,0,0,0,0,0,,,0,12.5,2,1,0,202704,-82.72,61.37,1,0,https://scores.bcci.tv/matchcentre/commentaryFiles/IPL-2022/Royal-Challengers-Bangalore-VS-Chennai-Super-Kings-(04-May-2022)/File_2-13-202704.jpg,,Knuckleball,27,FORWARD PUSH,0,0,5,12,102,3,0,0,2,0,0,0,0,0
209,6,504,2,13,Chennai Super Kings,Moeen Ali,Harshal Patel,,13,6,0,0,0,0,0,0,1,0,0,0,0,0,0,0,0,,,0,12.6,2,1,0,202705,36.53,41.11,0,0,,,Knuckleball,49,FORWARD DEFENCE,0,0,6,12,102,3,0,0,2,0,0,0,0,0
210,1,504,2,13,Chennai Super Kings,Devon Conway,Glenn Maxwell,,14,1,1,1,1,1,0,0,0,0,0,0,0,0,0,0,0,,,0,13.1,2,1,0,202706,152.56,19.01,1,0,,,Knuckleball,36,CUT SHOT,0,0,1,13,103,3,1,0,2,0,0,0,0,0
211,2,504,2,13,Chennai Super Kings,Moeen Ali,Glenn Maxwell,,14,2,1,1,1,1,0,0,0,0,0,0,0,0,0,0,0,,,0,13.2,2,1,0,202707,-91.01,-38.09,1,0,,,Knuckleball,54,LEG GLANCE,0,0,2,13,104,3,0,0,2,0,0,0,0,0
212,3,504,2,13,Chennai Super Kings,Devon Conway,Glenn Maxwell,,14,3,4,4,4,0,0,0,0,0,0,0,0,0,1,0,0,,,0,13.3,2,1,0,202708,-169.28,-27.96,4,0,,,Knuckleball,95,SLOG SWEEP,0,0,3,13,108,3,0,0,2,0,0,0,0,0
213,4,504,2,13,Chennai Super Kings,Devon Conway,Glenn Maxwell,,14,4,1,1,1,1,0,0,0,0,0,0,0,0,0,0,0,,,0,13.4,2,1,0,202709,150.72,58.14,1,0,,,Knuckleball,36,CUT SHOT,0,0,4,13,109,3,0,0,2,0,0,0,0,0
214,5,504,2,13,Chennai Super Kings,Moeen Ali,Glenn Maxwell,,14,5,0,0,0,0,0,0,1,0,0,0,0,0,0,0,0,,,0,13.5,2,1,0,202710,70.60,-30.72,0,0,,,Knuckleball,27,FORWARD PUSH,0,0,5,13,109,3,0,0,2,0,0,0,0,0
215,6,504,2,13,Chennai Super Kings,Moeen Ali,Glenn Maxwell,,14,6,0,0,0,0,0,0,1,0,0,0,0,0,0,0,0,,,0,13.6,2,1,0,202711,-25.17,48.94,0,0,,,Knuckleball,49,FORWARD DEFENCE,0,0,6,13,109,3,0,0,2,0,0,0,0,0
216,1,504,2,13,Chennai Super Kings,Devon Conway,Wanindu Hasaranga,,15,1,0 WK,W,0,0,0,0,1,0,0,0,0,0,0,0,1,Caught,WICKET,1,14.1,2,1,0,202712,-25.17,48.94,0,0,https://scores.bcci.tv/matchcentre/commentaryFiles/IPL-2022/Royal-Challengers-Bangalore-VS-Chennai-Super-Kings-(04-May-2022)/File_2-15-202712.jpg,,Knuckleball,55,SWEEP SHOT,0,0,1,14,109,4,1,0,2,0,0,0,0,0
217,2,504,2,13,Chennai Super Kings,Ravindra Jadeja,Wanindu Hasaranga,,15,2,0,0,0,0,0,0,1,0,0,0,0,0,0,0,0,,,0,14.2,2,1,0,202713,-38.52,35.12,0,0,,,Knuckleball,27,FORWARD PUSH,0,0,2,14,109,4,2,0,2,0,0,0,0,0
218,3,504,2,13,Chennai Super Kings,Ravindra Jadeja,Wanindu Hasaranga,,15,3,1,1,1,1,0,0,0,0,0,0,0,0,0,0,0,,,0,14.3,2,1,0,202714,-82.26,130.89,1,0,,,Knuckleball,47,FRONTFOOT ON DRIVE,0,0,3,14,110,4,0,0,2,0,0,0,0,0
219,4,504,2,13,Chennai Super Kings,Moeen Ali,Wanindu Hasaranga,,15,4,1,1,1,1,0,0,0,0,0,0,0,0,0,0,0,,,0,14.4,2,1,0,202715,-80.42,131.81,1,0,,,Knuckleball,47,FRONTFOOT ON DRIVE,0,0,4,14,111,4,0,0,2,0,0,0,0,0
220,5,504,2,13,Chennai Super Kings,Ravindra Jadeja,Wanindu Hasaranga,,15,5,1,1,1,1,0,0,0,0,0,0,0,0,0,0,0,,,0,14.5,2,1,0,202716,-73.51,56.76,1,0,,,Knuckleball,97,BACKFOOT PUSH,0,0,5,14,112,4,0,0,2,0,0,0,0,0
221,6,504,2,13,Chennai Super Kings,Moeen Ali,Wanindu Hasaranga,,15,6,6,6,6,0,0,0,0,0,0,0,0,0,0,1,0,,,0,14.6,2,1,0,202717,-111.27,175.55,6,0,,,Knuckleball,11,LOFTED ON DRIVE,0,0,6,14,118,4,0,0,2,0,0,0,0,0
223,1,504,2,13,Chennai Super Kings,Ravindra Jadeja,Harshal Patel,,16,1,1,1,1,1,0,0,0,0,0,0,0,0,0,0,0,,,0,15.1,2,1,0,202718,-52.33,59.99,1,0,,,Knuckleball,97,BACKFOOT PUSH,0,0,1,15,119,4,1,0,2,0,0,0,0,0
224,2,504,2,13,Chennai Super Kings,Moeen Ali,Harshal Patel,,16,2,0,0,0,0,0,0,1,0,0,0,0,0,0,0,0,,,0,15.2,2,1,0,202719,-5.83,55.38,0,0,,,Knuckleball,49,FORWARD DEFENCE,0,0,2,15,119,4,0,0,2,0,0,0,0,0
225,3,504,2,13,Chennai Super Kings,Moeen Ali,Harshal Patel,,16,3,0,0,0,0,0,0,1,0,0,0,0,0,0,0,0,,,0,15.3,2,1,0,202720,41.13,39.27,0,0,,,Knuckleball,27,FORWARD PUSH,0,0,3,15,119,4,0,0,2,0,0,0,0,0
226,4,504,2,13,Chennai Super Kings,Moeen Ali,Harshal Patel,,16,4,2,2,2,0,1,0,0,0,0,0,0,0,0,0,0,,,0,15.4,2,1,0,202721,-107.13,97.28,2,0,,,Knuckleball,11,LOFTED ON DRIVE,0,0,4,15,121,4,0,0,2,0,0,0,0,0
227,5,504,2,13,Chennai Super Kings,Moeen Ali,Harshal Patel,,16,5,1,1,1,1,0,0,0,0,0,0,0,0,0,0,0,,,0,15.5,2,1,0,202722,138.28,19.93,1,0,,,Knuckleball,51,FRONTFOOT COVERDRIVE,0,0,5,15,122,4,0,0,2,0,0,0,0,0
228,6,504,2,13,Chennai Super Kings,Ravindra Jadeja,Harshal Patel,,16,6,0 WK,W,0,0,0,0,1,0,0,0,0,0,0,0,1,Caught,WICKET,1,15.6,2,1,0,202723,138.28,19.93,0,0,https://scores.bcci.tv/matchcentre/commentaryFiles/IPL-2022/Royal-Challengers-Bangalore-VS-Chennai-Super-Kings-(04-May-2022)/File_2-16-202723.jpg,,Knuckleball,5,LOFTED OFF DRIVE,0,0,6,15,122,5,1,0,2,0,0,0,0,0
229,1,504,2,13,Chennai Super Kings,Moeen Ali,Josh Hazlewood,,17,1,2,2,2,0,1,0,0,0,0,0,0,0,0,0,0,,,0,16.1,2,1,0,202724,-94.23,95.90,2,0,,,Knuckleball,47,FRONTFOOT ON DRIVE,0,0,1,16,124,5,2,0,2,0,0,0,0,0
230,2,504,2,13,Chennai Super Kings,Moeen Ali,Josh Hazlewood,,17,2,1,1,1,1,0,0,0,0,0,0,0,0,0,0,0,,,0,16.2,2,1,0,202725,50.80,-45.91,1,0,,,Knuckleball,44,GLIDE,0,0,2,16,125,5,0,0,2,0,0,0,0,0
231,3,504,2,13,Chennai Super Kings,MS Dhoni,Josh Hazlewood,,17,3,1,1,1,1,0,0,0,0,0,0,0,0,0,0,0,,,0,16.3,2,1,0,202726,-71.21,-88.27,1,0,,,Knuckleball,36,CUT SHOT,0,0,3,16,126,5,0,0,2,0,0,0,0,0
232,4,504,2,13,Chennai Super Kings,Moeen Ali,Josh Hazlewood,,17,4,0,0,0,0,0,0,1,0,0,0,0,0,0,0,0,,,0,16.4,2,1,0,202727,80.27,77.02,0,0,,,Knuckleball,51,FRONTFOOT COVERDRIVE,0,0,4,16,126,5,0,0,2,0,0,0,0,0
233,5,504,2,13,Chennai Super Kings,Moeen Ali,Josh Hazlewood,,17,5,0,0,0,0,0,0,1,0,0,0,0,0,0,0,0,,,0,16.5,2,1,0,202728,80.27,77.02,0,0,,,Knuckleball,44,GLIDE,0,0,5,16,126,5,0,0,2,0,0,0,0,0
234,6,504,2,13,Chennai Super Kings,Moeen Ali,Josh Hazlewood,,17,6,1,1,1,1,0,0,0,0,0,0,0,0,0,0,0,,,0,16.6,2,1,0,202729,-71.67,-50.98,1,0,,,Knuckleball,46,FRONTFOOT PULL SHOT,0,0,6,16,127,5,0,0,2,0,0,0,0,0
236,1,504,2,13,Chennai Super Kings,Moeen Ali,Harshal Patel,,18,1,6,6,6,0,0,0,0,0,0,0,0,0,0,1,0,,,0,17.1,2,1,0,202730,-148.56,-72.16,6,0,,,Knuckleball,11,LOFTED ON DRIVE,0,0,1,17,133,5,1,0,2,0,0,0,0,0
237,2,504,2,13,Chennai Super Kings,Moeen Ali,Harshal Patel,,18,2,0 WK,W,0,0,0,0,1,0,0,0,0,0,0,0,1,Caught,WICKET,1,17.2,2,1,0,202731,-148.56,-72.16,0,0,,,Knuckleball,27,FORWARD PUSH,0,0,2,17,133,6,2,0,2,0,0,0,0,0
238,3,504,2,13,Chennai Super Kings,Dwaine Pretorius,Harshal Patel,,18,3,0,0,0,0,0,0,1,0,0,0,0,0,0,0,0,,,0,17.3,2,1,0,202732,-148.56,-72.16,0,0,,,Knuckleball,49,FORWARD DEFENCE,0,0,3,17,133,6,3,0,2,0,0,0,0,0
239,4,504,2,13,Chennai Super Kings,Dwaine Pretorius,Harshal Patel,,18,4,0,0,0,0,0,0,1,0,0,0,0,0,0,0,0,,,0,17.4,2,1,0,202733,-148.56,-72.16,0,0,,,Knuckleball,50,BACKFOOT DEFENCE,0,0,4,17,133,6,0,0,2,0,0,0,0,0
240,5,504,2,13,Chennai Super Kings,Dwaine Pretorius,Harshal Patel,,18,5,1,1,1,1,0,0,0,0,0,0,0,0,0,0,0,,,0,17.5,2,1,0,202734,44.82,-45.45,1,0,,,Knuckleball,40,FRONTFOOT FLICK,0,0,5,17,134,6,0,0,2,0,0,0,0,0
241,6,504,2,13,Chennai Super Kings,MS Dhoni,Harshal Patel,,18,6,1,1,1,1,0,0,0,0,0,0,0,0,0,0,0,,,0,17.6,2,1,0,202735,-57.40,-31.64,1,0,,,Knuckleball,36,CUT SHOT,0,0,6,17,135,6,0,0,2,0,0,0,0,0
243,1,504,2,13,Chennai Super Kings,MS Dhoni,Josh Hazlewood,,19,1,0 WK,W,0,0,0,0,1,0,0,0,0,0,0,0,1,Caught,WICKET,1,18.1,2,1,0,202736,-57.40,-31.64,0,0,https://scores.bcci.tv/matchcentre/commentaryFiles/IPL-2022/Royal-Challengers-Bangalore-VS-Chennai-Super-Kings-(04-May-2022)/File_2-19-202736.jpg,,Knuckleball,46,FRONTFOOT PULL SHOT,0,0,1,18,135,7,1,0,2,0,0,0,0,0
244,2,504,2,13,Chennai Super Kings,Simarjeet Singh,Josh Hazlewood,,19,2,1,1,1,1,0,0,0,0,0,0,0,0,0,0,0,,,0,18.2,2,1,0,202737,102.83,-3.09,1,0,,,Knuckleball,27,FORWARD PUSH,0,0,2,18,136,7,2,0,2,0,0,0,0,0
245,3,504,2,13,Chennai Super Kings,Dwaine Pretorius,Josh Hazlewood,,19,3,1,1,1,1,0,0,0,0,0,0,0,0,0,0,0,,,0,18.3,2,1,0,202738,63.23,173.71,1,0,,,Knuckleball,47,FRONTFOOT ON DRIVE,0,0,3,18,137,7,0,0,2,0,0,0,0,0
246,4,504,2,13,Chennai Super Kings,Simarjeet Singh,Josh Hazlewood,,19,4,1,1,1,1,0,0,0,0,0,0,0,0,0,0,0,,,0,18.4,2,1,0,202739,47.58,89.91,1,0,,,Knuckleball,97,BACKFOOT PUSH,0,0,4,18,138,7,0,0,2,0,0,0,0,0
247,5,504,2,13,Chennai Super Kings,Dwaine Pretorius,Josh Hazlewood,,19,5,4,4,4,0,0,0,0,0,0,0,0,0,1,0,0,,,0,18.5,2,1,0,202740,-3.07,-145.37,4,0,,,Knuckleball,46,FRONTFOOT PULL SHOT,0,0,5,18,142,7,0,0,2,0,0,0,0,0
248,6,504,2,13,Chennai Super Kings,Dwaine Pretorius,Josh Hazlewood,,19,6,1,1,1,1,0,0,0,0,0,0,0,0,0,0,0,,,0,18.6,2,1,0,202741,-73.05,97.74,1,0,,,Knuckleball,84,FRONTFOOT OFF DRIVE,0,0,6,18,143,7,0,0,2,0,0,0,0,0
250,1,504,2,13,Chennai Super Kings,Dwaine Pretorius,Harshal Patel,,20,1,6,6,6,0,0,0,0,0,0,0,0,0,0,1,0,,,0,19.1,2,1,0,202742,149.79,145.17,6,0,,,Knuckleball,11,LOFTED ON DRIVE,0,0,1,19,149,7,1,0,2,0,0,0,0,0
251,2,504,2,13,Chennai Super Kings,Dwaine Pretorius,Harshal Patel,,20,2,0 WK,W,0,0,0,0,1,0,0,0,0,0,0,0,1,Caught,WICKET,1,19.2,2,1,0,202743,149.79,145.17,0,0,,,Knuckleball,11,LOFTED ON DRIVE,0,0,2,19,149,8,2,0,2,0,0,0,0,0
252,3,504,2,13,Chennai Super Kings,Maheesh Theekshana,Harshal Patel,,20,3,6,6,6,0,0,0,0,0,0,0,0,0,0,1,0,,,0,19.3,2,1,0,202744,150.72,144.71,6,0,,,Knuckleball,11,LOFTED ON DRIVE,0,0,3,19,155,8,3,1,3,0,0,0,0,0
253,4,504,2,13,Chennai Super Kings,Maheesh Theekshana,Harshal Patel,,20,4,4 (LB),4,0,0,0,0,1,4,0,0,0,1,1,0,0,,,0,19.4,2,1,1,202745,150.72,144.71,4,0,,,Knuckleball,54,LEG GLANCE,0,0,4,19,159,8,0,0,3,0,0,0,0,0
254,5,504,2,13,Chennai Super Kings,Maheesh Theekshana,Harshal Patel,,20,5,0,0,0,0,0,0,1,0,0,0,0,0,0,0,0,,,0,19.5,2,1,0,202746,150.72,144.71,0,0,,,Knuckleball,105,LEFT ALONE,0,0,5,19,159,8,0,0,3,0,0,0,0,0
255,6,504,2,13,Chennai Super Kings,Maheesh Theekshana,Harshal Patel,,20,6,1,1,1,1,0,0,0,0,0,0,0,0,0,0,0,,,0,19.6,2,1,0,202747,-82.72,35.58,1,0,https://scores.bcci.tv/matchcentre/commentaryFiles/IPL-2022/Royal-Challengers-Bangalore-VS-Chennai-Super-Kings-(04-May-2022)/File_2-20-202747.jpg,,Knuckleball,15,LOFTED COVER DRIVE,0,0,6,19,160,8,0,0,3,0,0,0,0,0
